"Step","evosax_SimpleGA/generations_2000_strategy_SimpleGA_popsize_512_es_kws_{'sigma_init': 0.5, 'elite_ratio': 0.5} - current_best_fitness","evosax_SimpleGA/generations_2000_strategy_SimpleGA_popsize_512_es_kws_{'sigma_init': 0.5, 'elite_ratio': 0.5} - current_best_fitness__MIN","evosax_SimpleGA/generations_2000_strategy_SimpleGA_popsize_512_es_kws_{'sigma_init': 0.5, 'elite_ratio': 0.5} - current_best_fitness__MAX"
"0","-64","-64","-64"
"1","-74","-74","-74"
"2","-73","-73","-73"
"3","-72","-72","-72"
"4","-65","-65","-65"
"5","-65","-65","-65"
"6","-65","-65","-65"
"7","-63","-63","-63"
"8","-62","-62","-62"
"9","-61","-61","-61"
"10","-63","-63","-63"
"11","-63","-63","-63"
"12","-63","-63","-63"
"13","-62","-62","-62"
"14","-62","-62","-62"
"15","-63","-63","-63"
"16","-62","-62","-62"
"17","-63","-63","-63"
"18","-63","-63","-63"
"19","-64","-64","-64"
"20","-63","-63","-63"
"21","-63","-63","-63"
"22","-63","-63","-63"
"23","-63","-63","-63"
"24","-63","-63","-63"
"25","-62","-62","-62"
"26","-63","-63","-63"
"27","-62","-62","-62"
"28","-63","-63","-63"
"29","-63","-63","-63"
"30","-62","-62","-62"
"31","-63","-63","-63"
"32","-62","-62","-62"
"33","-63","-63","-63"
"34","-63","-63","-63"
"35","-62","-62","-62"
"36","-62","-62","-62"
"37","-62","-62","-62"
"38","-63","-63","-63"
"39","-62","-62","-62"
"40","-63","-63","-63"
"41","-62","-62","-62"
"42","-62","-62","-62"
"43","-62","-62","-62"
"44","-62","-62","-62"
"45","-61","-61","-61"
"46","-62","-62","-62"
"47","-64","-64","-64"
"48","-61","-61","-61"
"49","-62","-62","-62"
"50","-62","-62","-62"
"51","-62","-62","-62"
"52","-62","-62","-62"
"53","-63","-63","-63"
"54","-62","-62","-62"
"55","-63","-63","-63"
"56","-62","-62","-62"
"57","-62","-62","-62"
"58","-61","-61","-61"
"59","-62","-62","-62"
"60","-62","-62","-62"
"61","-62","-62","-62"
"62","-61","-61","-61"
"63","-61","-61","-61"
"64","-62","-62","-62"
"65","-61","-61","-61"
"66","-63","-63","-63"
"67","-62","-62","-62"
"68","-61","-61","-61"
"69","-62","-62","-62"
"70","-60","-60","-60"
"71","-61","-61","-61"
"72","-62","-62","-62"
"73","-62","-62","-62"
"74","-61","-61","-61"
"75","-61","-61","-61"
"76","-61","-61","-61"
"77","-61","-61","-61"
"78","-61","-61","-61"
"79","-61","-61","-61"
"80","-60","-60","-60"
"81","-61","-61","-61"
"82","-61","-61","-61"
"83","-61","-61","-61"
"84","-60","-60","-60"
"85","-61","-61","-61"
"86","-60","-60","-60"
"87","-61","-61","-61"
"88","-62","-62","-62"
"89","-61","-61","-61"
"90","-63","-63","-63"
"91","-61","-61","-61"
"92","-61","-61","-61"
"93","-60","-60","-60"
"94","-60","-60","-60"
"95","-60","-60","-60"
"96","-61","-61","-61"
"97","-60","-60","-60"
"98","-61","-61","-61"
"99","-60","-60","-60"
"100","-61","-61","-61"
"101","-60","-60","-60"
"102","-60","-60","-60"
"103","-60","-60","-60"
"104","-62","-62","-62"
"105","-64","-64","-64"
"106","-61","-61","-61"
"107","-61","-61","-61"
"108","-60","-60","-60"
"109","-62","-62","-62"
"110","-60","-60","-60"
"111","-60","-60","-60"
"112","-61","-61","-61"
"113","-61","-61","-61"
"114","-60","-60","-60"
"115","-59","-59","-59"
"116","-61","-61","-61"
"117","-62","-62","-62"
"118","-61","-61","-61"
"119","-60","-60","-60"
"120","-60","-60","-60"
"121","-61","-61","-61"
"122","-62","-62","-62"
"123","-60","-60","-60"
"124","-61","-61","-61"
"125","-61","-61","-61"
"126","-61","-61","-61"
"127","-60","-60","-60"
"128","-60","-60","-60"
"129","-62","-62","-62"
"130","-61","-61","-61"
"131","-60","-60","-60"
"132","-60","-60","-60"
"133","-61","-61","-61"
"134","-60","-60","-60"
"135","-62","-62","-62"
"136","-61","-61","-61"
"137","-61","-61","-61"
"138","-61","-61","-61"
"139","-60","-60","-60"
"140","-61","-61","-61"
"141","-62","-62","-62"
"142","-60","-60","-60"
"143","-61","-61","-61"
"144","-59","-59","-59"
"145","-60","-60","-60"
"146","-62","-62","-62"
"147","-61","-61","-61"
"148","-61","-61","-61"
"149","-60","-60","-60"
"150","-60","-60","-60"
"151","-60","-60","-60"
"152","-61","-61","-61"
"153","-60","-60","-60"
"154","-59","-59","-59"
"155","-60","-60","-60"
"156","-61","-61","-61"
"157","-60","-60","-60"
"158","-60","-60","-60"
"159","-61","-61","-61"
"160","-60","-60","-60"
"161","-59","-59","-59"
"162","-60","-60","-60"
"163","-60","-60","-60"
"164","-59","-59","-59"
"165","-61","-61","-61"
"166","-63","-63","-63"
"167","-68","-68","-68"
"168","-59","-59","-59"
"169","-60","-60","-60"
"170","-60","-60","-60"
"171","-60","-60","-60"
"172","-63","-63","-63"
"173","-60","-60","-60"
"174","-59","-59","-59"
"175","-63","-63","-63"
"176","-61","-61","-61"
"177","-60","-60","-60"
"178","-60","-60","-60"
"179","-62","-62","-62"
"180","-60","-60","-60"
"181","-61","-61","-61"
"182","-59","-59","-59"
"183","-62","-62","-62"
"184","-61","-61","-61"
"185","-62","-62","-62"
"186","-61","-61","-61"
"187","-59","-59","-59"
"188","-61","-61","-61"
"189","-61","-61","-61"
"190","-60","-60","-60"
"191","-61","-61","-61"
"192","-60","-60","-60"
"193","-61","-61","-61"
"194","-62","-62","-62"
"195","-60","-60","-60"
"196","-60","-60","-60"
"197","-61","-61","-61"
"198","-61","-61","-61"
"199","-60","-60","-60"
"200","-62","-62","-62"
"201","-62","-62","-62"
"202","-61","-61","-61"
"203","-63","-63","-63"
"204","-61","-61","-61"
"205","-61","-61","-61"
"206","-67","-67","-67"
"207","-61","-61","-61"
"208","-62","-62","-62"
"209","-60","-60","-60"
"210","-64","-64","-64"
"211","-62","-62","-62"
"212","-63","-63","-63"
"213","-63","-63","-63"
"214","-69","-69","-69"
"215","-65","-65","-65"
"216","-62","-62","-62"
"217","-62","-62","-62"
"218","-61","-61","-61"
"219","-60","-60","-60"
"220","-60","-60","-60"
"221","-60","-60","-60"
"222","-61","-61","-61"
"223","-65","-65","-65"
"224","-62","-62","-62"
"225","-62","-62","-62"
"226","-62","-62","-62"
"227","-62","-62","-62"
"228","-62","-62","-62"
"229","-60","-60","-60"
"230","-60","-60","-60"
"231","-61","-61","-61"
"232","-62","-62","-62"
"233","-60","-60","-60"
"234","-69","-69","-69"
"235","-61","-61","-61"
"236","-60","-60","-60"
"237","-61","-61","-61"
"238","-58","-58","-58"
"239","-63","-63","-63"
"240","-66","-66","-66"
"241","-61","-61","-61"
"242","-62","-62","-62"
"243","-61","-61","-61"
"244","-60","-60","-60"
"245","-60","-60","-60"
"246","-61","-61","-61"
"247","-60","-60","-60"
"248","-59","-59","-59"
"249","-62","-62","-62"
"250","-57","-57","-57"
"251","-61","-61","-61"
"252","-64","-64","-64"
"253","-60","-60","-60"
"254","-61","-61","-61"
"255","-63","-63","-63"
"256","-61","-61","-61"
"257","-61","-61","-61"
"258","-61","-61","-61"
"259","-61","-61","-61"
"260","-61","-61","-61"
"261","-62","-62","-62"
"262","-61","-61","-61"
"263","-61","-61","-61"
"264","-61","-61","-61"
"265","-60","-60","-60"
"266","-60","-60","-60"
"267","-60","-60","-60"
"268","-61","-61","-61"
"269","-60","-60","-60"
"270","-61","-61","-61"
"271","-61","-61","-61"
"272","-61","-61","-61"
"273","-61","-61","-61"
"274","-62","-62","-62"
"275","-61","-61","-61"
"276","-60","-60","-60"
"277","-62","-62","-62"
"278","-61","-61","-61"
"279","-61","-61","-61"
"280","-60","-60","-60"
"281","-60","-60","-60"
"282","-61","-61","-61"
"283","-60","-60","-60"
"284","-59","-59","-59"
"285","-62","-62","-62"
"286","-60","-60","-60"
"287","-61","-61","-61"
"288","-61","-61","-61"
"289","-60","-60","-60"
"290","-60","-60","-60"
"291","-62","-62","-62"
"292","-61","-61","-61"
"293","-60","-60","-60"
"294","-61","-61","-61"
"295","-60","-60","-60"
"296","-61","-61","-61"
"297","-56","-56","-56"
"298","-61","-61","-61"
"299","-60","-60","-60"
"300","-61","-61","-61"
"301","-61","-61","-61"
"302","-61","-61","-61"
"303","-60","-60","-60"
"304","-62","-62","-62"
"305","-59","-59","-59"
"306","-59","-59","-59"
"307","-60","-60","-60"
"308","-60","-60","-60"
"309","-60","-60","-60"
"310","-60","-60","-60"
"311","-62","-62","-62"
"312","-60","-60","-60"
"313","-68","-68","-68"
"314","-60","-60","-60"
"315","-61","-61","-61"
"316","-62","-62","-62"
"317","-62","-62","-62"
"318","-60","-60","-60"
"319","-61","-61","-61"
"320","-61","-61","-61"
"321","-63","-63","-63"
"322","-63","-63","-63"
"323","-60","-60","-60"
"324","-60","-60","-60"
"325","-60","-60","-60"
"326","-59","-59","-59"
"327","-63","-63","-63"
"328","-68","-68","-68"
"329","-61","-61","-61"
"330","-60","-60","-60"
"331","-60","-60","-60"
"332","-61","-61","-61"
"333","-61","-61","-61"
"334","-61","-61","-61"
"335","-61","-61","-61"
"336","-60","-60","-60"
"337","-60","-60","-60"
"338","-62","-62","-62"
"339","-61","-61","-61"
"340","-61","-61","-61"
"341","-59","-59","-59"
"342","-60","-60","-60"
"343","-61","-61","-61"
"344","-61","-61","-61"
"345","-60","-60","-60"
"346","-60","-60","-60"
"347","-59","-59","-59"
"348","-61","-61","-61"
"349","-61","-61","-61"
"350","-60","-60","-60"
"351","-61","-61","-61"
"352","-61","-61","-61"
"353","-61","-61","-61"
"354","-60","-60","-60"
"355","-60","-60","-60"
"356","-60","-60","-60"
"357","-61","-61","-61"
"358","-62","-62","-62"
"359","-61","-61","-61"
"360","-60","-60","-60"
"361","-61","-61","-61"
"362","-60","-60","-60"
"363","-61","-61","-61"
"364","-62","-62","-62"
"365","-61","-61","-61"
"366","-61","-61","-61"
"367","-60","-60","-60"
"368","-60","-60","-60"
"369","-60","-60","-60"
"370","-60","-60","-60"
"371","-61","-61","-61"
"372","-61","-61","-61"
"373","-62","-62","-62"
"374","-61","-61","-61"
"375","-60","-60","-60"
"376","-60","-60","-60"
"377","-60","-60","-60"
"378","-61","-61","-61"
"379","-60","-60","-60"
"380","-60","-60","-60"
"381","-62","-62","-62"
"382","-62","-62","-62"
"383","-58","-58","-58"
"384","-68","-68","-68"
"385","-60","-60","-60"
"386","-60","-60","-60"
"387","-60","-60","-60"
"388","-60","-60","-60"
"389","-62","-62","-62"
"390","-61","-61","-61"
"391","-60","-60","-60"
"392","-60","-60","-60"
"393","-59","-59","-59"
"394","-61","-61","-61"
"395","-60","-60","-60"
"396","-60","-60","-60"
"397","-61","-61","-61"
"398","-64","-64","-64"
"399","-61","-61","-61"
"400","-70","-70","-70"
"401","-64","-64","-64"
"402","-65","-65","-65"
"403","-61","-61","-61"
"404","-62","-62","-62"
"405","-62","-62","-62"
"406","-66","-66","-66"
"407","-70","-70","-70"
"408","-74","-74","-74"
"409","-71","-71","-71"
"410","-71","-71","-71"
"411","-64","-64","-64"
"412","-65","-65","-65"
"413","-63","-63","-63"
"414","-64","-64","-64"
"415","-70","-70","-70"
"416","-64","-64","-64"
"417","-71","-71","-71"
"418","-71","-71","-71"
"419","-62","-62","-62"
"420","-62","-62","-62"
"421","-64","-64","-64"
"422","-71","-71","-71"
"423","-62","-62","-62"
"424","-70","-70","-70"
"425","-65","-65","-65"
"426","-61","-61","-61"
"427","-72","-72","-72"
"428","-65","-65","-65"
"429","-65","-65","-65"
"430","-66","-66","-66"
"431","-63","-63","-63"
"432","-63","-63","-63"
"433","-64","-64","-64"
"434","-64","-64","-64"
"435","-66","-66","-66"
"436","-63","-63","-63"
"437","-72","-72","-72"
"438","-64","-64","-64"
"439","-62","-62","-62"
"440","-70","-70","-70"
"441","-64","-64","-64"
"442","-67","-67","-67"
"443","-66","-66","-66"
"444","-68","-68","-68"
"445","-71","-71","-71"
"446","-72","-72","-72"
"447","-64","-64","-64"
"448","-61","-61","-61"
"449","-63","-63","-63"
"450","-74","-74","-74"
"451","-65","-65","-65"
"452","-64","-64","-64"
"453","-65","-65","-65"
"454","-72","-72","-72"
"455","-71","-71","-71"
"456","-70","-70","-70"
"457","-71","-71","-71"
"458","-63","-63","-63"
"459","-66","-66","-66"
"460","-63","-63","-63"
"461","-66","-66","-66"
"462","-72","-72","-72"
"463","-64","-64","-64"
"464","-65","-65","-65"
"465","-65","-65","-65"
"466","-66","-66","-66"
"467","-63","-63","-63"
"468","-63","-63","-63"
"469","-64","-64","-64"
"470","-64","-64","-64"
"471","-66","-66","-66"
"472","-67","-67","-67"
"473","-64","-64","-64"
"474","-69","-69","-69"
"475","-64","-64","-64"
"476","-61","-61","-61"
"477","-65","-65","-65"
"478","-64","-64","-64"
"479","-72","-72","-72"
"480","-65","-65","-65"
"481","-63","-63","-63"
"482","-63","-63","-63"
"483","-62","-62","-62"
"484","-65","-65","-65"
"485","-70","-70","-70"
"486","-71","-71","-71"
"487","-64","-64","-64"
"488","-69","-69","-69"
"489","-64","-64","-64"
"490","-71","-71","-71"
"491","-72","-72","-72"
"492","-62","-62","-62"
"493","-71","-71","-71"
"494","-63","-63","-63"
"495","-71","-71","-71"
"496","-75","-75","-75"
"497","-64","-64","-64"
"498","-62","-62","-62"
"499","-66","-66","-66"
"500","-62","-62","-62"
"501","-71","-71","-71"
"502","-64","-64","-64"
"503","-71","-71","-71"
"504","-65","-65","-65"
"505","-67","-67","-67"
"506","-64","-64","-64"
"507","-64","-64","-64"
"508","-64","-64","-64"
"509","-64","-64","-64"
"510","-63","-63","-63"
"511","-65","-65","-65"
"512","-63","-63","-63"
"513","-61","-61","-61"
"514","-72","-72","-72"
"515","-73","-73","-73"
"516","-66","-66","-66"
"517","-65","-65","-65"
"518","-63","-63","-63"
"519","-71","-71","-71"
"520","-62","-62","-62"
"521","-65","-65","-65"
"522","-66","-66","-66"
"523","-72","-72","-72"
"524","-70","-70","-70"
"525","-69","-69","-69"
"526","-62","-62","-62"
"527","-71","-71","-71"
"528","-69","-69","-69"
"529","-64","-64","-64"
"530","-62","-62","-62"
"531","-73","-73","-73"
"532","-64","-64","-64"
"533","-63","-63","-63"
"534","-69","-69","-69"
"535","-64","-64","-64"
"536","-68","-68","-68"
"537","-65","-65","-65"
"538","-70","-70","-70"
"539","-62","-62","-62"
"540","-73","-73","-73"
"541","-63","-63","-63"
"542","-66","-66","-66"
"543","-70","-70","-70"
"544","-63","-63","-63"
"545","-65","-65","-65"
"546","-70","-70","-70"
"547","-63","-63","-63"
"548","-74","-74","-74"
"549","-65","-65","-65"
"550","-70","-70","-70"
"551","-65","-65","-65"
"552","-64","-64","-64"
"553","-66","-66","-66"
"554","-65","-65","-65"
"555","-65","-65","-65"
"556","-73","-73","-73"
"557","-70","-70","-70"
"558","-64","-64","-64"
"559","-62","-62","-62"
"560","-74","-74","-74"
"561","-62","-62","-62"
"562","-61","-61","-61"
"563","-61","-61","-61"
"564","-65","-65","-65"
"565","-65","-65","-65"
"566","-63","-63","-63"
"567","-70","-70","-70"
"568","-74","-74","-74"
"569","-64","-64","-64"
"570","-71","-71","-71"
"571","-65","-65","-65"
"572","-74","-74","-74"
"573","-64","-64","-64"
"574","-74","-74","-74"
"575","-73","-73","-73"
"576","-62","-62","-62"
"577","-64","-64","-64"
"578","-64","-64","-64"
"579","-73","-73","-73"
"580","-65","-65","-65"
"581","-64","-64","-64"
"582","-64","-64","-64"
"583","-63","-63","-63"
"584","-66","-66","-66"
"585","-67","-67","-67"
"586","-72","-72","-72"
"587","-65","-65","-65"
"588","-65","-65","-65"
"589","-61","-61","-61"
"590","-65","-65","-65"
"591","-68","-68","-68"
"592","-71","-71","-71"
"593","-64","-64","-64"
"594","-68","-68","-68"
"595","-63","-63","-63"
"596","-64","-64","-64"
"597","-64","-64","-64"
"598","-70","-70","-70"
"599","-64","-64","-64"
"600","-62","-62","-62"
"601","-57","-57","-57"
"602","-62","-62","-62"
"603","-62","-62","-62"
"604","-61","-61","-61"
"605","-62","-62","-62"
"606","-58","-58","-58"
"607","-58","-58","-58"
"608","-62","-62","-62"
"609","-60","-60","-60"
"610","-64","-64","-64"
"611","-58","-58","-58"
"612","-63","-63","-63"
"613","-61","-61","-61"
"614","-61","-61","-61"
"615","-61","-61","-61"
"616","-61","-61","-61"
"617","-60","-60","-60"
"618","-61","-61","-61"
"619","-61","-61","-61"
"620","-62","-62","-62"
"621","-61","-61","-61"
"622","-62","-62","-62"
"623","-62","-62","-62"
"624","-61","-61","-61"
"625","-60","-60","-60"
"626","-61","-61","-61"
"627","-61","-61","-61"
"628","-61","-61","-61"
"629","-61","-61","-61"
"630","-61","-61","-61"
"631","-61","-61","-61"
"632","-61","-61","-61"
"633","-61","-61","-61"
"634","-61","-61","-61"
"635","-61","-61","-61"
"636","-60","-60","-60"
"637","-62","-62","-62"
"638","-60","-60","-60"
"639","-60","-60","-60"
"640","-61","-61","-61"
"641","-60","-60","-60"
"642","-62","-62","-62"
"643","-61","-61","-61"
"644","-61","-61","-61"
"645","-61","-61","-61"
"646","-61","-61","-61"
"647","-60","-60","-60"
"648","-61","-61","-61"
"649","-63","-63","-63"
"650","-61","-61","-61"
"651","-59","-59","-59"
"652","-60","-60","-60"
"653","-61","-61","-61"
"654","-63","-63","-63"
"655","-61","-61","-61"
"656","-61","-61","-61"
"657","-57","-57","-57"
"658","-60","-60","-60"
"659","-61","-61","-61"
"660","-61","-61","-61"
"661","-60","-60","-60"
"662","-61","-61","-61"
"663","-61","-61","-61"
"664","-59","-59","-59"
"665","-61","-61","-61"
"666","-57","-57","-57"
"667","-63","-63","-63"
"668","-61","-61","-61"
"669","-61","-61","-61"
"670","-62","-62","-62"
"671","-61","-61","-61"
"672","-61","-61","-61"
"673","-61","-61","-61"
"674","-60","-60","-60"
"675","-62","-62","-62"
"676","-61","-61","-61"
"677","-58","-58","-58"
"678","-58","-58","-58"
"679","-60","-60","-60"
"680","-57","-57","-57"
"681","-60","-60","-60"
"682","-61","-61","-61"
"683","-61","-61","-61"
"684","-60","-60","-60"
"685","-58","-58","-58"
"686","-61","-61","-61"
"687","-61","-61","-61"
"688","-59","-59","-59"
"689","-60","-60","-60"
"690","-62","-62","-62"
"691","-61","-61","-61"
"692","-61","-61","-61"
"693","-61","-61","-61"
"694","-62","-62","-62"
"695","-62","-62","-62"
"696","-61","-61","-61"
"697","-62","-62","-62"
"698","-61","-61","-61"
"699","-57","-57","-57"
"700","-60","-60","-60"
"701","-60","-60","-60"
"702","-60","-60","-60"
"703","-60","-60","-60"
"704","-61","-61","-61"
"705","-61","-61","-61"
"706","-61","-61","-61"
"707","-62","-62","-62"
"708","-61","-61","-61"
"709","-60","-60","-60"
"710","-63","-63","-63"
"711","-61","-61","-61"
"712","-60","-60","-60"
"713","-61","-61","-61"
"714","-63","-63","-63"
"715","-60","-60","-60"
"716","-62","-62","-62"
"717","-61","-61","-61"
"718","-62","-62","-62"
"719","-61","-61","-61"
"720","-61","-61","-61"
"721","-62","-62","-62"
"722","-60","-60","-60"
"723","-58","-58","-58"
"724","-60","-60","-60"
"725","-61","-61","-61"
"726","-61","-61","-61"
"727","-61","-61","-61"
"728","-61","-61","-61"
"729","-61","-61","-61"
"730","-62","-62","-62"
"731","-61","-61","-61"
"732","-61","-61","-61"
"733","-60","-60","-60"
"734","-61","-61","-61"
"735","-61","-61","-61"
"736","-61","-61","-61"
"737","-62","-62","-62"
"738","-60","-60","-60"
"739","-58","-58","-58"
"740","-60","-60","-60"
"741","-62","-62","-62"
"742","-58","-58","-58"
"743","-60","-60","-60"
"744","-57","-57","-57"
"745","-62","-62","-62"
"746","-61","-61","-61"
"747","-61","-61","-61"
"748","-61","-61","-61"
"749","-61","-61","-61"
"750","-62","-62","-62"
"751","-61","-61","-61"
"752","-61","-61","-61"
"753","-56","-56","-56"
"754","-60","-60","-60"
"755","-62","-62","-62"
"756","-62","-62","-62"
"757","-59","-59","-59"
"758","-59","-59","-59"
"759","-58","-58","-58"
"760","-61","-61","-61"
"761","-61","-61","-61"
"762","-61","-61","-61"
"763","-61","-61","-61"
"764","-58","-58","-58"
"765","-62","-62","-62"
"766","-59","-59","-59"
"767","-60","-60","-60"
"768","-60","-60","-60"
"769","-60","-60","-60"
"770","-61","-61","-61"
"771","-59","-59","-59"
"772","-61","-61","-61"
"773","-57","-57","-57"
"774","-59","-59","-59"
"775","-61","-61","-61"
"776","-60","-60","-60"
"777","-60","-60","-60"
"778","-58","-58","-58"
"779","-60","-60","-60"
"780","-61","-61","-61"
"781","-58","-58","-58"
"782","-61","-61","-61"
"783","-59","-59","-59"
"784","-59","-59","-59"
"785","-57","-57","-57"
"786","-60","-60","-60"
"787","-58","-58","-58"
"788","-60","-60","-60"
"789","-57","-57","-57"
"790","-61","-61","-61"
"791","-61","-61","-61"
"792","-60","-60","-60"
"793","-61","-61","-61"
"794","-60","-60","-60"
"795","-61","-61","-61"
"796","-60","-60","-60"
"797","-58","-58","-58"
"798","-58","-58","-58"
"799","-59","-59","-59"
"800","-77","-77","-77"
"801","-90","-90","-90"
"802","-84","-84","-84"
"803","-78","-78","-78"
"804","-74","-74","-74"
"805","-72","-72","-72"
"806","-66","-66","-66"
"807","-75","-75","-75"
"808","-84","-84","-84"
"809","-71","-71","-71"
"810","-74","-74","-74"
"811","-71","-71","-71"
"812","-92","-92","-92"
"813","-72","-72","-72"
"814","-77","-77","-77"
"815","-70","-70","-70"
"816","-73","-73","-73"
"817","-78","-78","-78"
"818","-70","-70","-70"
"819","-72","-72","-72"
"820","-75","-75","-75"
"821","-77","-77","-77"
"822","-67","-67","-67"
"823","-79","-79","-79"
"824","-75","-75","-75"
"825","-78","-78","-78"
"826","-66","-66","-66"
"827","-79","-79","-79"
"828","-65","-65","-65"
"829","-73","-73","-73"
"830","-66","-66","-66"
"831","-73","-73","-73"
"832","-72","-72","-72"
"833","-76","-76","-76"
"834","-71","-71","-71"
"835","-75","-75","-75"
"836","-91","-91","-91"
"837","-72","-72","-72"
"838","-76","-76","-76"
"839","-71","-71","-71"
"840","-72","-72","-72"
"841","-80","-80","-80"
"842","-89","-89","-89"
"843","-60","-60","-60"
"844","-72","-72","-72"
"845","-71","-71","-71"
"846","-66","-66","-66"
"847","-72","-72","-72"
"848","-67","-67","-67"
"849","-61","-61","-61"
"850","-69","-69","-69"
"851","-72","-72","-72"
"852","-72","-72","-72"
"853","-71","-71","-71"
"854","-73","-73","-73"
"855","-71","-71","-71"
"856","-61","-61","-61"
"857","-90","-90","-90"
"858","-70","-70","-70"
"859","-73","-73","-73"
"860","-73","-73","-73"
"861","-73","-73","-73"
"862","-75","-75","-75"
"863","-74","-74","-74"
"864","-73","-73","-73"
"865","-74","-74","-74"
"866","-65","-65","-65"
"867","-78","-78","-78"
"868","-78","-78","-78"
"869","-73","-73","-73"
"870","-70","-70","-70"
"871","-70","-70","-70"
"872","-79","-79","-79"
"873","-78","-78","-78"
"874","-76","-76","-76"
"875","-77","-77","-77"
"876","-75","-75","-75"
"877","-73","-73","-73"
"878","-74","-74","-74"
"879","-71","-71","-71"
"880","-70","-70","-70"
"881","-71","-71","-71"
"882","-77","-77","-77"
"883","-99","-99","-99"
"884","-61","-61","-61"
"885","-75","-75","-75"
"886","-78","-78","-78"
"887","-73","-73","-73"
"888","-87","-87","-87"
"889","-81","-81","-81"
"890","-72","-72","-72"
"891","-74","-74","-74"
"892","-70","-70","-70"
"893","-64","-64","-64"
"894","-74","-74","-74"
"895","-70","-70","-70"
"896","-76","-76","-76"
"897","-80","-80","-80"
"898","-69","-69","-69"
"899","-90","-90","-90"
"900","-70","-70","-70"
"901","-66","-66","-66"
"902","-75","-75","-75"
"903","-75","-75","-75"
"904","-70","-70","-70"
"905","-72","-72","-72"
"906","-72","-72","-72"
"907","-86","-86","-86"
"908","-66","-66","-66"
"909","-71","-71","-71"
"910","-72","-72","-72"
"911","-68","-68","-68"
"912","-79","-79","-79"
"913","-80","-80","-80"
"914","-73","-73","-73"
"915","-64","-64","-64"
"916","-74","-74","-74"
"917","-76","-76","-76"
"918","-73","-73","-73"
"919","-77","-77","-77"
"920","-66","-66","-66"
"921","-80","-80","-80"
"922","-74","-74","-74"
"923","-72","-72","-72"
"924","-66","-66","-66"
"925","-63","-63","-63"
"926","-74","-74","-74"
"927","-74","-74","-74"
"928","-78","-78","-78"
"929","-72","-72","-72"
"930","-79","-79","-79"
"931","-65","-65","-65"
"932","-66","-66","-66"
"933","-80","-80","-80"
"934","-82","-82","-82"
"935","-79","-79","-79"
"936","-75","-75","-75"
"937","-70","-70","-70"
"938","-84","-84","-84"
"939","-78","-78","-78"
"940","-70","-70","-70"
"941","-73","-73","-73"
"942","-72","-72","-72"
"943","-73","-73","-73"
"944","-66","-66","-66"
"945","-81","-81","-81"
"946","-70","-70","-70"
"947","-79","-79","-79"
"948","-78","-78","-78"
"949","-73","-73","-73"
"950","-79","-79","-79"
"951","-74","-74","-74"
"952","-75","-75","-75"
"953","-72","-72","-72"
"954","-75","-75","-75"
"955","-75","-75","-75"
"956","-72","-72","-72"
"957","-80","-80","-80"
"958","-67","-67","-67"
"959","-66","-66","-66"
"960","-81","-81","-81"
"961","-90","-90","-90"
"962","-80","-80","-80"
"963","-79","-79","-79"
"964","-70","-70","-70"
"965","-73","-73","-73"
"966","-71","-71","-71"
"967","-70","-70","-70"
"968","-74","-74","-74"
"969","-74","-74","-74"
"970","-77","-77","-77"
"971","-73","-73","-73"
"972","-77","-77","-77"
"973","-71","-71","-71"
"974","-79","-79","-79"
"975","-79","-79","-79"
"976","-66","-66","-66"
"977","-64","-64","-64"
"978","-77","-77","-77"
"979","-72","-72","-72"
"980","-76","-76","-76"
"981","-73","-73","-73"
"982","-70","-70","-70"
"983","-75","-75","-75"
"984","-72","-72","-72"
"985","-80","-80","-80"
"986","-75","-75","-75"
"987","-86","-86","-86"
"988","-66","-66","-66"
"989","-76","-76","-76"
"990","-78","-78","-78"
"991","-65","-65","-65"
"992","-77","-77","-77"
"993","-87","-87","-87"
"994","-79","-79","-79"
"995","-64","-64","-64"
"996","-80","-80","-80"
"997","-63","-63","-63"
"998","-75","-75","-75"
"999","-64","-64","-64"
"1000","-61","-61","-61"
"1001","-62","-62","-62"
"1002","-64","-64","-64"
"1003","-64","-64","-64"
"1004","-64","-64","-64"
"1005","-61","-61","-61"
"1006","-61","-61","-61"
"1007","-61","-61","-61"
"1008","-60","-60","-60"
"1009","-63","-63","-63"
"1010","-64","-64","-64"
"1011","-61","-61","-61"
"1012","-63","-63","-63"
"1013","-65","-65","-65"
"1014","-61","-61","-61"
"1015","-62","-62","-62"
"1016","-62","-62","-62"
"1017","-61","-61","-61"
"1018","-62","-62","-62"
"1019","-61","-61","-61"
"1020","-63","-63","-63"
"1021","-65","-65","-65"
"1022","-61","-61","-61"
"1023","-62","-62","-62"
"1024","-66","-66","-66"
"1025","-62","-62","-62"
"1026","-61","-61","-61"
"1027","-61","-61","-61"
"1028","-60","-60","-60"
"1029","-62","-62","-62"
"1030","-60","-60","-60"
"1031","-61","-61","-61"
"1032","-69","-69","-69"
"1033","-61","-61","-61"
"1034","-61","-61","-61"
"1035","-60","-60","-60"
"1036","-60","-60","-60"
"1037","-62","-62","-62"
"1038","-61","-61","-61"
"1039","-59","-59","-59"
"1040","-63","-63","-63"
"1041","-62","-62","-62"
"1042","-65","-65","-65"
"1043","-60","-60","-60"
"1044","-61","-61","-61"
"1045","-61","-61","-61"
"1046","-61","-61","-61"
"1047","-64","-64","-64"
"1048","-60","-60","-60"
"1049","-61","-61","-61"
"1050","-60","-60","-60"
"1051","-60","-60","-60"
"1052","-61","-61","-61"
"1053","-61","-61","-61"
"1054","-62","-62","-62"
"1055","-60","-60","-60"
"1056","-60","-60","-60"
"1057","-62","-62","-62"
"1058","-60","-60","-60"
"1059","-61","-61","-61"
"1060","-60","-60","-60"
"1061","-62","-62","-62"
"1062","-61","-61","-61"
"1063","-62","-62","-62"
"1064","-64","-64","-64"
"1065","-61","-61","-61"
"1066","-62","-62","-62"
"1067","-62","-62","-62"
"1068","-60","-60","-60"
"1069","-62","-62","-62"
"1070","-60","-60","-60"
"1071","-60","-60","-60"
"1072","-60","-60","-60"
"1073","-59","-59","-59"
"1074","-65","-65","-65"
"1075","-61","-61","-61"
"1076","-61","-61","-61"
"1077","-63","-63","-63"
"1078","-57","-57","-57"
"1079","-61","-61","-61"
"1080","-64","-64","-64"
"1081","-61","-61","-61"
"1082","-61","-61","-61"
"1083","-60","-60","-60"
"1084","-60","-60","-60"
"1085","-63","-63","-63"
"1086","-64","-64","-64"
"1087","-62","-62","-62"
"1088","-61","-61","-61"
"1089","-61","-61","-61"
"1090","-60","-60","-60"
"1091","-61","-61","-61"
"1092","-60","-60","-60"
"1093","-62","-62","-62"
"1094","-61","-61","-61"
"1095","-61","-61","-61"
"1096","-64","-64","-64"
"1097","-69","-69","-69"
"1098","-61","-61","-61"
"1099","-69","-69","-69"
"1100","-61","-61","-61"
"1101","-69","-69","-69"
"1102","-62","-62","-62"
"1103","-61","-61","-61"
"1104","-61","-61","-61"
"1105","-61","-61","-61"
"1106","-60","-60","-60"
"1107","-65","-65","-65"
"1108","-60","-60","-60"
"1109","-63","-63","-63"
"1110","-60","-60","-60"
"1111","-60","-60","-60"
"1112","-60","-60","-60"
"1113","-61","-61","-61"
"1114","-59","-59","-59"
"1115","-62","-62","-62"
"1116","-61","-61","-61"
"1117","-60","-60","-60"
"1118","-61","-61","-61"
"1119","-61","-61","-61"
"1120","-61","-61","-61"
"1121","-62","-62","-62"
"1122","-60","-60","-60"
"1123","-60","-60","-60"
"1124","-64","-64","-64"
"1125","-60","-60","-60"
"1126","-61","-61","-61"
"1127","-61","-61","-61"
"1128","-61","-61","-61"
"1129","-60","-60","-60"
"1130","-60","-60","-60"
"1131","-60","-60","-60"
"1132","-61","-61","-61"
"1133","-61","-61","-61"
"1134","-59","-59","-59"
"1135","-62","-62","-62"
"1136","-60","-60","-60"
"1137","-61","-61","-61"
"1138","-62","-62","-62"
"1139","-60","-60","-60"
"1140","-60","-60","-60"
"1141","-62","-62","-62"
"1142","-61","-61","-61"
"1143","-61","-61","-61"
"1144","-61","-61","-61"
"1145","-63","-63","-63"
"1146","-59","-59","-59"
"1147","-61","-61","-61"
"1148","-61","-61","-61"
"1149","-62","-62","-62"
"1150","-62","-62","-62"
"1151","-61","-61","-61"
"1152","-60","-60","-60"
"1153","-61","-61","-61"
"1154","-60","-60","-60"
"1155","-60","-60","-60"
"1156","-60","-60","-60"
"1157","-60","-60","-60"
"1158","-62","-62","-62"
"1159","-61","-61","-61"
"1160","-64","-64","-64"
"1161","-66","-66","-66"
"1162","-65","-65","-65"
"1163","-61","-61","-61"
"1164","-60","-60","-60"
"1165","-60","-60","-60"
"1166","-66","-66","-66"
"1167","-60","-60","-60"
"1168","-61","-61","-61"
"1169","-61","-61","-61"
"1170","-60","-60","-60"
"1171","-61","-61","-61"
"1172","-68","-68","-68"
"1173","-60","-60","-60"
"1174","-63","-63","-63"
"1175","-60","-60","-60"
"1176","-61","-61","-61"
"1177","-60","-60","-60"
"1178","-63","-63","-63"
"1179","-60","-60","-60"
"1180","-61","-61","-61"
"1181","-61","-61","-61"
"1182","-60","-60","-60"
"1183","-60","-60","-60"
"1184","-60","-60","-60"
"1185","-59","-59","-59"
"1186","-60","-60","-60"
"1187","-59","-59","-59"
"1188","-60","-60","-60"
"1189","-60","-60","-60"
"1190","-60","-60","-60"
"1191","-61","-61","-61"
"1192","-59","-59","-59"
"1193","-59","-59","-59"
"1194","-61","-61","-61"
"1195","-60","-60","-60"
"1196","-61","-61","-61"
"1197","-59","-59","-59"
"1198","-67","-67","-67"
"1199","-60","-60","-60"
"1200","-68","-68","-68"
"1201","-68","-68","-68"
"1202","-70","-70","-70"
"1203","-64","-64","-64"
"1204","-75","-75","-75"
"1205","-63","-63","-63"
"1206","-65","-65","-65"
"1207","-62","-62","-62"
"1208","-64","-64","-64"
"1209","-63","-63","-63"
"1210","-64","-64","-64"
"1211","-63","-63","-63"
"1212","-66","-66","-66"
"1213","-76","-76","-76"
"1214","-64","-64","-64"
"1215","-65","-65","-65"
"1216","-75","-75","-75"
"1217","-64","-64","-64"
"1218","-66","-66","-66"
"1219","-68","-68","-68"
"1220","-68","-68","-68"
"1221","-63","-63","-63"
"1222","-64","-64","-64"
"1223","-63","-63","-63"
"1224","-65","-65","-65"
"1225","-68","-68","-68"
"1226","-66","-66","-66"
"1227","-73","-73","-73"
"1228","-67","-67","-67"
"1229","-72","-72","-72"
"1230","-73","-73","-73"
"1231","-62","-62","-62"
"1232","-64","-64","-64"
"1233","-63","-63","-63"
"1234","-62","-62","-62"
"1235","-64","-64","-64"
"1236","-67","-67","-67"
"1237","-64","-64","-64"
"1238","-63","-63","-63"
"1239","-62","-62","-62"
"1240","-65","-65","-65"
"1241","-69","-69","-69"
"1242","-71","-71","-71"
"1243","-64","-64","-64"
"1244","-63","-63","-63"
"1245","-63","-63","-63"
"1246","-67","-67","-67"
"1247","-68","-68","-68"
"1248","-63","-63","-63"
"1249","-73","-73","-73"
"1250","-71","-71","-71"
"1251","-66","-66","-66"
"1252","-64","-64","-64"
"1253","-63","-63","-63"
"1254","-63","-63","-63"
"1255","-65","-65","-65"
"1256","-69","-69","-69"
"1257","-64","-64","-64"
"1258","-70","-70","-70"
"1259","-63","-63","-63"
"1260","-66","-66","-66"
"1261","-67","-67","-67"
"1262","-72","-72","-72"
"1263","-63","-63","-63"
"1264","-65","-65","-65"
"1265","-71","-71","-71"
"1266","-64","-64","-64"
"1267","-65","-65","-65"
"1268","-65","-65","-65"
"1269","-64","-64","-64"
"1270","-61","-61","-61"
"1271","-65","-65","-65"
"1272","-62","-62","-62"
"1273","-63","-63","-63"
"1274","-65","-65","-65"
"1275","-73","-73","-73"
"1276","-69","-69","-69"
"1277","-63","-63","-63"
"1278","-73","-73","-73"
"1279","-64","-64","-64"
"1280","-65","-65","-65"
"1281","-64","-64","-64"
"1282","-65","-65","-65"
"1283","-64","-64","-64"
"1284","-75","-75","-75"
"1285","-69","-69","-69"
"1286","-68","-68","-68"
"1287","-65","-65","-65"
"1288","-71","-71","-71"
"1289","-63","-63","-63"
"1290","-63","-63","-63"
"1291","-65","-65","-65"
"1292","-63","-63","-63"
"1293","-66","-66","-66"
"1294","-64","-64","-64"
"1295","-66","-66","-66"
"1296","-65","-65","-65"
"1297","-70","-70","-70"
"1298","-63","-63","-63"
"1299","-71","-71","-71"
"1300","-64","-64","-64"
"1301","-65","-65","-65"
"1302","-62","-62","-62"
"1303","-63","-63","-63"
"1304","-74","-74","-74"
"1305","-70","-70","-70"
"1306","-63","-63","-63"
"1307","-78","-78","-78"
"1308","-64","-64","-64"
"1309","-63","-63","-63"
"1310","-72","-72","-72"
"1311","-71","-71","-71"
"1312","-64","-64","-64"
"1313","-63","-63","-63"
"1314","-72","-72","-72"
"1315","-73","-73","-73"
"1316","-71","-71","-71"
"1317","-62","-62","-62"
"1318","-67","-67","-67"
"1319","-72","-72","-72"
"1320","-63","-63","-63"
"1321","-65","-65","-65"
"1322","-65","-65","-65"
"1323","-64","-64","-64"
"1324","-66","-66","-66"
"1325","-73","-73","-73"
"1326","-71","-71","-71"
"1327","-74","-74","-74"
"1328","-65","-65","-65"
"1329","-66","-66","-66"
"1330","-70","-70","-70"
"1331","-62","-62","-62"
"1332","-64","-64","-64"
"1333","-62","-62","-62"
"1334","-64","-64","-64"
"1335","-64","-64","-64"
"1336","-64","-64","-64"
"1337","-66","-66","-66"
"1338","-64","-64","-64"
"1339","-63","-63","-63"
"1340","-65","-65","-65"
"1341","-65","-65","-65"
"1342","-63","-63","-63"
"1343","-66","-66","-66"
"1344","-64","-64","-64"
"1345","-64","-64","-64"
"1346","-71","-71","-71"
"1347","-72","-72","-72"
"1348","-66","-66","-66"
"1349","-71","-71","-71"
"1350","-64","-64","-64"
"1351","-66","-66","-66"
"1352","-64","-64","-64"
"1353","-63","-63","-63"
"1354","-69","-69","-69"
"1355","-71","-71","-71"
"1356","-70","-70","-70"
"1357","-72","-72","-72"
"1358","-69","-69","-69"
"1359","-75","-75","-75"
"1360","-66","-66","-66"
"1361","-63","-63","-63"
"1362","-63","-63","-63"
"1363","-71","-71","-71"
"1364","-71","-71","-71"
"1365","-63","-63","-63"
"1366","-63","-63","-63"
"1367","-65","-65","-65"
"1368","-66","-66","-66"
"1369","-63","-63","-63"
"1370","-63","-63","-63"
"1371","-62","-62","-62"
"1372","-71","-71","-71"
"1373","-67","-67","-67"
"1374","-69","-69","-69"
"1375","-66","-66","-66"
"1376","-63","-63","-63"
"1377","-65","-65","-65"
"1378","-64","-64","-64"
"1379","-66","-66","-66"
"1380","-63","-63","-63"
"1381","-64","-64","-64"
"1382","-64","-64","-64"
"1383","-72","-72","-72"
"1384","-63","-63","-63"
"1385","-65","-65","-65"
"1386","-65","-65","-65"
"1387","-64","-64","-64"
"1388","-64","-64","-64"
"1389","-67","-67","-67"
"1390","-63","-63","-63"
"1391","-66","-66","-66"
"1392","-74","-74","-74"
"1393","-65","-65","-65"
"1394","-63","-63","-63"
"1395","-71","-71","-71"
"1396","-63","-63","-63"
"1397","-71","-71","-71"
"1398","-71","-71","-71"
"1399","-64","-64","-64"
"1400","-63","-63","-63"
"1401","-64","-64","-64"
"1402","-68","-68","-68"
"1403","-64","-64","-64"
"1404","-63","-63","-63"
"1405","-71","-71","-71"
"1406","-66","-66","-66"
"1407","-63","-63","-63"
"1408","-73","-73","-73"
"1409","-64","-64","-64"
"1410","-64","-64","-64"
"1411","-63","-63","-63"
"1412","-64","-64","-64"
"1413","-72","-72","-72"
"1414","-65","-65","-65"
"1415","-64","-64","-64"
"1416","-66","-66","-66"
"1417","-64","-64","-64"
"1418","-65","-65","-65"
"1419","-63","-63","-63"
"1420","-63","-63","-63"
"1421","-70","-70","-70"
"1422","-64","-64","-64"
"1423","-64","-64","-64"
"1424","-63","-63","-63"
"1425","-64","-64","-64"
"1426","-65","-65","-65"
"1427","-65","-65","-65"
"1428","-66","-66","-66"
"1429","-64","-64","-64"
"1430","-63","-63","-63"
"1431","-65","-65","-65"
"1432","-66","-66","-66"
"1433","-71","-71","-71"
"1434","-64","-64","-64"
"1435","-64","-64","-64"
"1436","-65","-65","-65"
"1437","-62","-62","-62"
"1438","-63","-63","-63"
"1439","-62","-62","-62"
"1440","-65","-65","-65"
"1441","-64","-64","-64"
"1442","-63","-63","-63"
"1443","-64","-64","-64"
"1444","-64","-64","-64"
"1445","-63","-63","-63"
"1446","-66","-66","-66"
"1447","-66","-66","-66"
"1448","-66","-66","-66"
"1449","-63","-63","-63"
"1450","-65","-65","-65"
"1451","-66","-66","-66"
"1452","-63","-63","-63"
"1453","-61","-61","-61"
"1454","-62","-62","-62"
"1455","-65","-65","-65"
"1456","-64","-64","-64"
"1457","-64","-64","-64"
"1458","-65","-65","-65"
"1459","-65","-65","-65"
"1460","-69","-69","-69"
"1461","-65","-65","-65"
"1462","-64","-64","-64"
"1463","-64","-64","-64"
"1464","-63","-63","-63"
"1465","-66","-66","-66"
"1466","-63","-63","-63"
"1467","-65","-65","-65"
"1468","-72","-72","-72"
"1469","-65","-65","-65"
"1470","-64","-64","-64"
"1471","-65","-65","-65"
"1472","-63","-63","-63"
"1473","-72","-72","-72"
"1474","-65","-65","-65"
"1475","-62","-62","-62"
"1476","-63","-63","-63"
"1477","-64","-64","-64"
"1478","-64","-64","-64"
"1479","-71","-71","-71"
"1480","-62","-62","-62"
"1481","-62","-62","-62"
"1482","-66","-66","-66"
"1483","-63","-63","-63"
"1484","-63","-63","-63"
"1485","-64","-64","-64"
"1486","-62","-62","-62"
"1487","-71","-71","-71"
"1488","-67","-67","-67"
"1489","-65","-65","-65"
"1490","-63","-63","-63"
"1491","-64","-64","-64"
"1492","-65","-65","-65"
"1493","-68","-68","-68"
"1494","-67","-67","-67"
"1495","-64","-64","-64"
"1496","-66","-66","-66"
"1497","-66","-66","-66"
"1498","-66","-66","-66"
"1499","-65","-65","-65"
"1500","-66","-66","-66"
"1501","-64","-64","-64"
"1502","-64","-64","-64"
"1503","-64","-64","-64"
"1504","-64","-64","-64"
"1505","-64","-64","-64"
"1506","-63","-63","-63"
"1507","-66","-66","-66"
"1508","-64","-64","-64"
"1509","-63","-63","-63"
"1510","-63","-63","-63"
"1511","-63","-63","-63"
"1512","-64","-64","-64"
"1513","-71","-71","-71"
"1514","-66","-66","-66"
"1515","-64","-64","-64"
"1516","-70","-70","-70"
"1517","-65","-65","-65"
"1518","-62","-62","-62"
"1519","-64","-64","-64"
"1520","-63","-63","-63"
"1521","-64","-64","-64"
"1522","-65","-65","-65"
"1523","-70","-70","-70"
"1524","-63","-63","-63"
"1525","-65","-65","-65"
"1526","-64","-64","-64"
"1527","-63","-63","-63"
"1528","-64","-64","-64"
"1529","-63","-63","-63"
"1530","-64","-64","-64"
"1531","-65","-65","-65"
"1532","-64","-64","-64"
"1533","-62","-62","-62"
"1534","-64","-64","-64"
"1535","-64","-64","-64"
"1536","-63","-63","-63"
"1537","-63","-63","-63"
"1538","-64","-64","-64"
"1539","-65","-65","-65"
"1540","-64","-64","-64"
"1541","-64","-64","-64"
"1542","-72","-72","-72"
"1543","-64","-64","-64"
"1544","-63","-63","-63"
"1545","-65","-65","-65"
"1546","-70","-70","-70"
"1547","-63","-63","-63"
"1548","-70","-70","-70"
"1549","-64","-64","-64"
"1550","-67","-67","-67"
"1551","-67","-67","-67"
"1552","-64","-64","-64"
"1553","-64","-64","-64"
"1554","-70","-70","-70"
"1555","-63","-63","-63"
"1556","-66","-66","-66"
"1557","-71","-71","-71"
"1558","-68","-68","-68"
"1559","-73","-73","-73"
"1560","-66","-66","-66"
"1561","-62","-62","-62"
"1562","-63","-63","-63"
"1563","-64","-64","-64"
"1564","-66","-66","-66"
"1565","-65","-65","-65"
"1566","-66","-66","-66"
"1567","-64","-64","-64"
"1568","-70","-70","-70"
"1569","-69","-69","-69"
"1570","-62","-62","-62"
"1571","-65","-65","-65"
"1572","-63","-63","-63"
"1573","-63","-63","-63"
"1574","-65","-65","-65"
"1575","-65","-65","-65"
"1576","-64","-64","-64"
"1577","-67","-67","-67"
"1578","-62","-62","-62"
"1579","-70","-70","-70"
"1580","-63","-63","-63"
"1581","-63","-63","-63"
"1582","-71","-71","-71"
"1583","-74","-74","-74"
"1584","-67","-67","-67"
"1585","-65","-65","-65"
"1586","-70","-70","-70"
"1587","-64","-64","-64"
"1588","-64","-64","-64"
"1589","-70","-70","-70"
"1590","-64","-64","-64"
"1591","-63","-63","-63"
"1592","-68","-68","-68"
"1593","-63","-63","-63"
"1594","-64","-64","-64"
"1595","-63","-63","-63"
"1596","-70","-70","-70"
"1597","-65","-65","-65"
"1598","-64","-64","-64"
"1599","-69","-69","-69"
"1600","-77","-77","-77"
"1601","-62","-62","-62"
"1602","-61","-61","-61"
"1603","-71","-71","-71"
"1604","-65","-65","-65"
"1605","-74","-74","-74"
"1606","-71","-71","-71"
"1607","-63","-63","-63"
"1608","-66","-66","-66"
"1609","-68","-68","-68"
"1610","-64","-64","-64"
"1611","-70","-70","-70"
"1612","-72","-72","-72"
"1613","-77","-77","-77"
"1614","-70","-70","-70"
"1615","-65","-65","-65"
"1616","-69","-69","-69"
"1617","-64","-64","-64"
"1618","-65","-65","-65"
"1619","-70","-70","-70"
"1620","-58","-58","-58"
"1621","-65","-65","-65"
"1622","-70","-70","-70"
"1623","-69","-69","-69"
"1624","-64","-64","-64"
"1625","-63","-63","-63"
"1626","-71","-71","-71"
"1627","-61","-61","-61"
"1628","-71","-71","-71"
"1629","-71","-71","-71"
"1630","-74","-74","-74"
"1631","-63","-63","-63"
"1632","-77","-77","-77"
"1633","-71","-71","-71"
"1634","-65","-65","-65"
"1635","-70","-70","-70"
"1636","-65","-65","-65"
"1637","-61","-61","-61"
"1638","-63","-63","-63"
"1639","-71","-71","-71"
"1640","-64","-64","-64"
"1641","-61","-61","-61"
"1642","-70","-70","-70"
"1643","-70","-70","-70"
"1644","-71","-71","-71"
"1645","-70","-70","-70"
"1646","-72","-72","-72"
"1647","-71","-71","-71"
"1648","-64","-64","-64"
"1649","-64","-64","-64"
"1650","-62","-62","-62"
"1651","-65","-65","-65"
"1652","-64","-64","-64"
"1653","-64","-64","-64"
"1654","-67","-67","-67"
"1655","-74","-74","-74"
"1656","-63","-63","-63"
"1657","-65","-65","-65"
"1658","-77","-77","-77"
"1659","-63","-63","-63"
"1660","-63","-63","-63"
"1661","-73","-73","-73"
"1662","-63","-63","-63"
"1663","-72","-72","-72"
"1664","-67","-67","-67"
"1665","-64","-64","-64"
"1666","-65","-65","-65"
"1667","-65","-65","-65"
"1668","-63","-63","-63"
"1669","-62","-62","-62"
"1670","-62","-62","-62"
"1671","-72","-72","-72"
"1672","-65","-65","-65"
"1673","-61","-61","-61"
"1674","-75","-75","-75"
"1675","-63","-63","-63"
"1676","-65","-65","-65"
"1677","-70","-70","-70"
"1678","-70","-70","-70"
"1679","-62","-62","-62"
"1680","-63","-63","-63"
"1681","-65","-65","-65"
"1682","-73","-73","-73"
"1683","-72","-72","-72"
"1684","-71","-71","-71"
"1685","-66","-66","-66"
"1686","-69","-69","-69"
"1687","-64","-64","-64"
"1688","-63","-63","-63"
"1689","-62","-62","-62"
"1690","-70","-70","-70"
"1691","-63","-63","-63"
"1692","-65","-65","-65"
"1693","-62","-62","-62"
"1694","-71","-71","-71"
"1695","-70","-70","-70"
"1696","-63","-63","-63"
"1697","-61","-61","-61"
"1698","-75","-75","-75"
"1699","-62","-62","-62"
"1700","-64","-64","-64"
"1701","-65","-65","-65"
"1702","-62","-62","-62"
"1703","-64","-64","-64"
"1704","-66","-66","-66"
"1705","-64","-64","-64"
"1706","-63","-63","-63"
"1707","-73","-73","-73"
"1708","-66","-66","-66"
"1709","-72","-72","-72"
"1710","-71","-71","-71"
"1711","-76","-76","-76"
"1712","-62","-62","-62"
"1713","-74","-74","-74"
"1714","-71","-71","-71"
"1715","-65","-65","-65"
"1716","-71","-71","-71"
"1717","-71","-71","-71"
"1718","-62","-62","-62"
"1719","-61","-61","-61"
"1720","-69","-69","-69"
"1721","-65","-65","-65"
"1722","-64","-64","-64"
"1723","-71","-71","-71"
"1724","-60","-60","-60"
"1725","-79","-79","-79"
"1726","-65","-65","-65"
"1727","-72","-72","-72"
"1728","-68","-68","-68"
"1729","-64","-64","-64"
"1730","-70","-70","-70"
"1731","-62","-62","-62"
"1732","-68","-68","-68"
"1733","-71","-71","-71"
"1734","-65","-65","-65"
"1735","-70","-70","-70"
"1736","-63","-63","-63"
"1737","-73","-73","-73"
"1738","-61","-61","-61"
"1739","-70","-70","-70"
"1740","-71","-71","-71"
"1741","-72","-72","-72"
"1742","-71","-71","-71"
"1743","-64","-64","-64"
"1744","-64","-64","-64"
"1745","-63","-63","-63"
"1746","-65","-65","-65"
"1747","-71","-71","-71"
"1748","-63","-63","-63"
"1749","-75","-75","-75"
"1750","-64","-64","-64"
"1751","-65","-65","-65"
"1752","-62","-62","-62"
"1753","-70","-70","-70"
"1754","-72","-72","-72"
"1755","-71","-71","-71"
"1756","-69","-69","-69"
"1757","-67","-67","-67"
"1758","-64","-64","-64"
"1759","-70","-70","-70"
"1760","-71","-71","-71"
"1761","-65","-65","-65"
"1762","-71","-71","-71"
"1763","-73","-73","-73"
"1764","-66","-66","-66"
"1765","-73","-73","-73"
"1766","-64","-64","-64"
"1767","-72","-72","-72"
"1768","-64","-64","-64"
"1769","-69","-69","-69"
"1770","-71","-71","-71"
"1771","-71","-71","-71"
"1772","-64","-64","-64"
"1773","-64","-64","-64"
"1774","-64","-64","-64"
"1775","-66","-66","-66"
"1776","-64","-64","-64"
"1777","-73","-73","-73"
"1778","-74","-74","-74"
"1779","-65","-65","-65"
"1780","-69","-69","-69"
"1781","-62","-62","-62"
"1782","-63","-63","-63"
"1783","-76","-76","-76"
"1784","-63","-63","-63"
"1785","-64","-64","-64"
"1786","-73","-73","-73"
"1787","-71","-71","-71"
"1788","-63","-63","-63"
"1789","-70","-70","-70"
"1790","-70","-70","-70"
"1791","-75","-75","-75"
"1792","-64","-64","-64"
"1793","-63","-63","-63"
"1794","-63","-63","-63"
"1795","-75","-75","-75"
"1796","-63","-63","-63"
"1797","-63","-63","-63"
"1798","-72","-72","-72"
"1799","-72","-72","-72"
"1800","-62","-62","-62"
"1801","-63","-63","-63"
"1802","-65","-65","-65"
"1803","-61","-61","-61"
"1804","-63","-63","-63"
"1805","-63","-63","-63"
"1806","-67","-67","-67"
"1807","-61","-61","-61"
"1808","-59","-59","-59"
"1809","-58","-58","-58"
"1810","-60","-60","-60"
"1811","-64","-64","-64"
"1812","-64","-64","-64"
"1813","-64","-64","-64"
"1814","-63","-63","-63"
"1815","-63","-63","-63"
"1816","-62","-62","-62"
"1817","-62","-62","-62"
"1818","-64","-64","-64"
"1819","-58","-58","-58"
"1820","-66","-66","-66"
"1821","-63","-63","-63"
"1822","-60","-60","-60"
"1823","-63","-63","-63"
"1824","-63","-63","-63"
"1825","-60","-60","-60"
"1826","-60","-60","-60"
"1827","-63","-63","-63"
"1828","-61","-61","-61"
"1829","-57","-57","-57"
"1830","-63","-63","-63"
"1831","-65","-65","-65"
"1832","-60","-60","-60"
"1833","-61","-61","-61"
"1834","-67","-67","-67"
"1835","-62","-62","-62"
"1836","-64","-64","-64"
"1837","-64","-64","-64"
"1838","-60","-60","-60"
"1839","-66","-66","-66"
"1840","-63","-63","-63"
"1841","-63","-63","-63"
"1842","-60","-60","-60"
"1843","-57","-57","-57"
"1844","-64","-64","-64"
"1845","-60","-60","-60"
"1846","-60","-60","-60"
"1847","-60","-60","-60"
"1848","-63","-63","-63"
"1849","-60","-60","-60"
"1850","-58","-58","-58"
"1851","-60","-60","-60"
"1852","-63","-63","-63"
"1853","-62","-62","-62"
"1854","-62","-62","-62"
"1855","-60","-60","-60"
"1856","-60","-60","-60"
"1857","-61","-61","-61"
"1858","-64","-64","-64"
"1859","-62","-62","-62"
"1860","-64","-64","-64"
"1861","-62","-62","-62"
"1862","-62","-62","-62"
"1863","-64","-64","-64"
"1864","-60","-60","-60"
"1865","-61","-61","-61"
"1866","-62","-62","-62"
"1867","-61","-61","-61"
"1868","-61","-61","-61"
"1869","-65","-65","-65"
"1870","-64","-64","-64"
"1871","-63","-63","-63"
"1872","-64","-64","-64"
"1873","-59","-59","-59"
"1874","-61","-61","-61"
"1875","-64","-64","-64"
"1876","-60","-60","-60"
"1877","-64","-64","-64"
"1878","-61","-61","-61"
"1879","-58","-58","-58"
"1880","-60","-60","-60"
"1881","-62","-62","-62"
"1882","-62","-62","-62"
"1883","-61","-61","-61"
"1884","-60","-60","-60"
"1885","-63","-63","-63"
"1886","-61","-61","-61"
"1887","-60","-60","-60"
"1888","-62","-62","-62"
"1889","-63","-63","-63"
"1890","-63","-63","-63"
"1891","-61","-61","-61"
"1892","-65","-65","-65"
"1893","-62","-62","-62"
"1894","-62","-62","-62"
"1895","-61","-61","-61"
"1896","-62","-62","-62"
"1897","-60","-60","-60"
"1898","-62","-62","-62"
"1899","-65","-65","-65"
"1900","-61","-61","-61"
"1901","-62","-62","-62"
"1902","-63","-63","-63"
"1903","-63","-63","-63"
"1904","-60","-60","-60"
"1905","-61","-61","-61"
"1906","-61","-61","-61"
"1907","-65","-65","-65"
"1908","-61","-61","-61"
"1909","-63","-63","-63"
"1910","-63","-63","-63"
"1911","-60","-60","-60"
"1912","-60","-60","-60"
"1913","-65","-65","-65"
"1914","-62","-62","-62"
"1915","-63","-63","-63"
"1916","-59","-59","-59"
"1917","-63","-63","-63"
"1918","-60","-60","-60"
"1919","-63","-63","-63"
"1920","-60","-60","-60"
"1921","-63","-63","-63"
"1922","-64","-64","-64"
"1923","-64","-64","-64"
"1924","-62","-62","-62"
"1925","-61","-61","-61"
"1926","-60","-60","-60"
"1927","-61","-61","-61"
"1928","-59","-59","-59"
"1929","-61","-61","-61"
"1930","-62","-62","-62"
"1931","-62","-62","-62"
"1932","-63","-63","-63"
"1933","-63","-63","-63"
"1934","-61","-61","-61"
"1935","-59","-59","-59"
"1936","-60","-60","-60"
"1937","-64","-64","-64"
"1938","-61","-61","-61"
"1939","-60","-60","-60"
"1940","-60","-60","-60"
"1941","-62","-62","-62"
"1942","-62","-62","-62"
"1943","-63","-63","-63"
"1944","-61","-61","-61"
"1945","-63","-63","-63"
"1946","-62","-62","-62"
"1947","-63","-63","-63"
"1948","-62","-62","-62"
"1949","-64","-64","-64"
"1950","-62","-62","-62"
"1951","-62","-62","-62"
"1952","-56","-56","-56"
"1953","-61","-61","-61"
"1954","-61","-61","-61"
"1955","-63","-63","-63"
"1956","-61","-61","-61"
"1957","-60","-60","-60"
"1958","-60","-60","-60"
"1959","-60","-60","-60"
"1960","-62","-62","-62"
"1961","-62","-62","-62"
"1962","-62","-62","-62"
"1963","-64","-64","-64"
"1964","-62","-62","-62"
"1965","-65","-65","-65"
"1966","-60","-60","-60"
"1967","-65","-65","-65"
"1968","-62","-62","-62"
"1969","-61","-61","-61"
"1970","-63","-63","-63"
"1971","-65","-65","-65"
"1972","-60","-60","-60"
"1973","-60","-60","-60"
"1974","-61","-61","-61"
"1975","-60","-60","-60"
"1976","-62","-62","-62"
"1977","-57","-57","-57"
"1978","-61","-61","-61"
"1979","-62","-62","-62"
"1980","-64","-64","-64"
"1981","-61","-61","-61"
"1982","-63","-63","-63"
"1983","-60","-60","-60"
"1984","-60","-60","-60"
"1985","-62","-62","-62"
"1986","-61","-61","-61"
"1987","-64","-64","-64"
"1988","-67","-67","-67"
"1989","-60","-60","-60"
"1990","-59","-59","-59"
"1991","-62","-62","-62"
"1992","-63","-63","-63"
"1993","-63","-63","-63"
"1994","-61","-61","-61"
"1995","-60","-60","-60"
"1996","-60","-60","-60"
"1997","-58","-58","-58"
"1998","-65","-65","-65"
"1999","-64","-64","-64"