"Step","brax_ppo/num_timesteps_800000000 - current_best_fitness","brax_ppo/num_timesteps_800000000 - current_best_fitness__MIN","brax_ppo/num_timesteps_800000000 - current_best_fitness__MAX"
"0","21.3046875","21.3046875","21.3046875"
"1","200","200","200"
"2","200","200","200"
"3","200","200","200"
"4","200","200","200"
"5","200","200","200"
"6","200","200","200"
"7","200","200","200"
"8","200","200","200"
"9","200","200","200"
"10","200","200","200"
"11","200","200","200"
"12","200","200","200"
"13","200","200","200"
"14","200","200","200"
"15","200","200","200"
"16","199.96875","199.96875","199.96875"
"17","200","200","200"
"18","200","200","200"
"19","200","200","200"
"20","200","200","200"
"21","199.1640625","199.1640625","199.1640625"
"22","200","200","200"
"23","200","200","200"
"24","200","200","200"
"25","200","200","200"
"26","200","200","200"
"27","200","200","200"
"28","200","200","200"
"29","200","200","200"
"30","200","200","200"
"31","200","200","200"
"32","200","200","200"
"33","200","200","200"
"34","200","200","200"
"35","200","200","200"
"36","200","200","200"
"37","200","200","200"
"38","200","200","200"
"39","200","200","200"
"40","200","200","200"
"41","200","200","200"
"42","200","200","200"
"43","200","200","200"
"44","200","200","200"
"45","200","200","200"
"46","200","200","200"
"47","200","200","200"
"48","200","200","200"
"49","200","200","200"
"50","200","200","200"
"51","200","200","200"
"52","200","200","200"
"53","200","200","200"
"54","200","200","200"
"55","200","200","200"
"56","200","200","200"
"57","200","200","200"
"58","200","200","200"
"59","200","200","200"
"60","200","200","200"
"61","200","200","200"
"62","200","200","200"
"63","200","200","200"
"64","200","200","200"
"65","200","200","200"
"66","200","200","200"
"67","200","200","200"
"68","200","200","200"
"69","200","200","200"
"70","199.46875","199.46875","199.46875"
"71","200","200","200"
"72","200","200","200"
"73","200","200","200"
"74","200","200","200"
"75","200","200","200"
"76","200","200","200"
"77","200","200","200"
"78","200","200","200"
"79","200","200","200"
"80","200","200","200"
"81","199.6328125","199.6328125","199.6328125"
"82","200","200","200"
"83","200","200","200"
"84","200","200","200"
"85","200","200","200"
"86","200","200","200"
"87","200","200","200"
"88","200","200","200"
"89","185.7578125","185.7578125","185.7578125"
"90","189.4140625","189.4140625","189.4140625"
"91","185.296875","185.296875","185.296875"
"92","200","200","200"
"93","200","200","200"
"94","200","200","200"
"95","200","200","200"
"96","200","200","200"
"97","200","200","200"
"98","200","200","200"
"99","200","200","200"
"100","200","200","200"
"101","200","200","200"
"102","200","200","200"
"103","200","200","200"
"104","200","200","200"
"105","200","200","200"
"106","200","200","200"
"107","200","200","200"
"108","200","200","200"
"109","200","200","200"
"110","200","200","200"
"111","200","200","200"
"112","200","200","200"
"113","200","200","200"
"114","200","200","200"
"115","200","200","200"
"116","200","200","200"
"117","200","200","200"
"118","200","200","200"
"119","200","200","200"
"120","200","200","200"
"121","200","200","200"
"122","200","200","200"
"123","200","200","200"
"124","200","200","200"
"125","200","200","200"
"126","200","200","200"
"127","200","200","200"
"128","200","200","200"
"129","200","200","200"
"130","200","200","200"
"131","200","200","200"
"132","200","200","200"
"133","200","200","200"
"134","200","200","200"
"135","200","200","200"
"136","200","200","200"
"137","200","200","200"
"138","200","200","200"
"139","200","200","200"
"140","200","200","200"
"141","200","200","200"
"142","200","200","200"
"143","200","200","200"
"144","200","200","200"
"145","200","200","200"
"146","200","200","200"
"147","200","200","200"
"148","200","200","200"
"149","200","200","200"
"150","200","200","200"
"151","200","200","200"
"152","200","200","200"
"153","200","200","200"
"154","200","200","200"
"155","200","200","200"
"156","200","200","200"
"157","200","200","200"
"158","200","200","200"
"159","200","200","200"
"160","200","200","200"
"161","200","200","200"
"162","200","200","200"
"163","200","200","200"
"164","200","200","200"
"165","200","200","200"
"166","200","200","200"
"167","200","200","200"
"168","200","200","200"
"169","200","200","200"
"170","200","200","200"
"171","200","200","200"
"172","200","200","200"
"173","200","200","200"
"174","200","200","200"
"175","200","200","200"
"176","200","200","200"
"177","200","200","200"
"178","200","200","200"
"179","200","200","200"
"180","200","200","200"
"181","200","200","200"
"182","200","200","200"
"183","200","200","200"
"184","200","200","200"
"185","200","200","200"
"186","200","200","200"
"187","200","200","200"
"188","200","200","200"
"189","200","200","200"
"190","200","200","200"
"191","200","200","200"
"192","200","200","200"
"193","200","200","200"
"194","200","200","200"
"195","200","200","200"
"196","200","200","200"
"197","200","200","200"
"198","200","200","200"
"199","200","200","200"
"200","200","200","200"
"201","12.0234375","12.0234375","12.0234375"
"202","12.0078125","12.0078125","12.0078125"
"203","11.3203125","11.3203125","11.3203125"
"204","12.03125","12.03125","12.03125"
"205","12.484375","12.484375","12.484375"
"206","13.6484375","13.6484375","13.6484375"
"207","17.375","17.375","17.375"
"208","17.203125","17.203125","17.203125"
"209","22.3359375","22.3359375","22.3359375"
"210","40.53125","40.53125","40.53125"
"211","23.4921875","23.4921875","23.4921875"
"212","18.1953125","18.1953125","18.1953125"
"213","17.8828125","17.8828125","17.8828125"
"214","21.140625","21.140625","21.140625"
"215","22.8125","22.8125","22.8125"
"216","127.2890625","127.2890625","127.2890625"
"217","38.7734375","38.7734375","38.7734375"
"218","36.7578125","36.7578125","36.7578125"
"219","105.5","105.5","105.5"
"220","94.75","94.75","94.75"
"221","72.1484375","72.1484375","72.1484375"
"222","199.0703125","199.0703125","199.0703125"
"223","107.5546875","107.5546875","107.5546875"
"224","13.0078125","13.0078125","13.0078125"
"225","117.7265625","117.7265625","117.7265625"
"226","16.8828125","16.8828125","16.8828125"
"227","10.6875","10.6875","10.6875"
"228","11.8515625","11.8515625","11.8515625"
"229","9.7578125","9.7578125","9.7578125"
"230","9.875","9.875","9.875"
"231","9.7109375","9.7109375","9.7109375"
"232","10.09375","10.09375","10.09375"
"233","12.8046875","12.8046875","12.8046875"
"234","13.03125","13.03125","13.03125"
"235","11.71875","11.71875","11.71875"
"236","16.1875","16.1875","16.1875"
"237","12.390625","12.390625","12.390625"
"238","12.46875","12.46875","12.46875"
"239","11.6875","11.6875","11.6875"
"240","18.390625","18.390625","18.390625"
"241","17.6796875","17.6796875","17.6796875"
"242","16.671875","16.671875","16.671875"
"243","17.7109375","17.7109375","17.7109375"
"244","15.984375","15.984375","15.984375"
"245","16.71875","16.71875","16.71875"
"246","18.390625","18.390625","18.390625"
"247","19.6953125","19.6953125","19.6953125"
"248","9.4765625","9.4765625","9.4765625"
"249","9.6015625","9.6015625","9.6015625"
"250","9.203125","9.203125","9.203125"
"251","9.421875","9.421875","9.421875"
"252","9.296875","9.296875","9.296875"
"253","9.5625","9.5625","9.5625"
"254","13.109375","13.109375","13.109375"
"255","13.65625","13.65625","13.65625"
"256","16.078125","16.078125","16.078125"
"257","17.0078125","17.0078125","17.0078125"
"258","9.484375","9.484375","9.484375"
"259","9.625","9.625","9.625"
"260","9.4609375","9.4609375","9.4609375"
"261","9.7734375","9.7734375","9.7734375"
"262","12.03125","12.03125","12.03125"
"263","9.3515625","9.3515625","9.3515625"
"264","9.40625","9.40625","9.40625"
"265","9.375","9.375","9.375"
"266","9.421875","9.421875","9.421875"
"267","9.4296875","9.4296875","9.4296875"
"268","12.3203125","12.3203125","12.3203125"
"269","12.359375","12.359375","12.359375"
"270","10.890625","10.890625","10.890625"
"271","12.2265625","12.2265625","12.2265625"
"272","11.0234375","11.0234375","11.0234375"
"273","11.5859375","11.5859375","11.5859375"
"274","12.3984375","12.3984375","12.3984375"
"275","12.078125","12.078125","12.078125"
"276","10.921875","10.921875","10.921875"
"277","10.859375","10.859375","10.859375"
"278","12.875","12.875","12.875"
"279","10.890625","10.890625","10.890625"
"280","11.3671875","11.3671875","11.3671875"
"281","12.390625","12.390625","12.390625"
"282","12.2890625","12.2890625","12.2890625"
"283","13.2265625","13.2265625","13.2265625"
"284","13.0546875","13.0546875","13.0546875"
"285","14.7265625","14.7265625","14.7265625"
"286","13.2109375","13.2109375","13.2109375"
"287","17.625","17.625","17.625"
"288","12.8515625","12.8515625","12.8515625"
"289","15.1171875","15.1171875","15.1171875"
"290","12.328125","12.328125","12.328125"
"291","13.171875","13.171875","13.171875"
"292","16.0625","16.0625","16.0625"
"293","10.9765625","10.9765625","10.9765625"
"294","12.6640625","12.6640625","12.6640625"
"295","12.890625","12.890625","12.890625"
"296","14.4921875","14.4921875","14.4921875"
"297","12.9140625","12.9140625","12.9140625"
"298","11.8125","11.8125","11.8125"
"299","14.203125","14.203125","14.203125"
"300","16.4296875","16.4296875","16.4296875"
"301","15.3828125","15.3828125","15.3828125"
"302","18.5859375","18.5859375","18.5859375"
"303","192.1328125","192.1328125","192.1328125"
"304","194.140625","194.140625","194.140625"
"305","200","200","200"
"306","86.2578125","86.2578125","86.2578125"
"307","9.4609375","9.4609375","9.4609375"
"308","9.3671875","9.3671875","9.3671875"
"309","136.171875","136.171875","136.171875"
"310","113.9609375","113.9609375","113.9609375"
"311","19.8359375","19.8359375","19.8359375"
"312","15.21875","15.21875","15.21875"
"313","18.2265625","18.2265625","18.2265625"
"314","16.8203125","16.8203125","16.8203125"
"315","17.8671875","17.8671875","17.8671875"
"316","53.5078125","53.5078125","53.5078125"
"317","42.7421875","42.7421875","42.7421875"
"318","14.53125","14.53125","14.53125"
"319","17.03125","17.03125","17.03125"
"320","14.4453125","14.4453125","14.4453125"
"321","16.359375","16.359375","16.359375"
"322","9.2890625","9.2890625","9.2890625"
"323","13.7109375","13.7109375","13.7109375"
"324","9.3359375","9.3359375","9.3359375"
"325","9.2421875","9.2421875","9.2421875"
"326","9.359375","9.359375","9.359375"
"327","22.0859375","22.0859375","22.0859375"
"328","9.4375","9.4375","9.4375"
"329","9.3203125","9.3203125","9.3203125"
"330","9.2890625","9.2890625","9.2890625"
"331","9.359375","9.359375","9.359375"
"332","9.3515625","9.3515625","9.3515625"
"333","127.7734375","127.7734375","127.7734375"
"334","198.8828125","198.8828125","198.8828125"
"335","199.96875","199.96875","199.96875"
"336","200","200","200"
"337","93.09375","93.09375","93.09375"
"338","67.328125","67.328125","67.328125"
"339","94.2421875","94.2421875","94.2421875"
"340","70","70","70"
"341","70.8671875","70.8671875","70.8671875"
"342","111.1484375","111.1484375","111.1484375"
"343","58.9140625","58.9140625","58.9140625"
"344","24.34375","24.34375","24.34375"
"345","16.1796875","16.1796875","16.1796875"
"346","9.2578125","9.2578125","9.2578125"
"347","9.34375","9.34375","9.34375"
"348","9.265625","9.265625","9.265625"
"349","9.34375","9.34375","9.34375"
"350","9.4609375","9.4609375","9.4609375"
"351","9.3046875","9.3046875","9.3046875"
"352","9.28125","9.28125","9.28125"
"353","9.359375","9.359375","9.359375"
"354","52.703125","52.703125","52.703125"
"355","9.25","9.25","9.25"
"356","9.2578125","9.2578125","9.2578125"
"357","69.140625","69.140625","69.140625"
"358","9.2890625","9.2890625","9.2890625"
"359","9.296875","9.296875","9.296875"
"360","9.453125","9.453125","9.453125"
"361","9.234375","9.234375","9.234375"
"362","9.328125","9.328125","9.328125"
"363","9.3671875","9.3671875","9.3671875"
"364","9.359375","9.359375","9.359375"
"365","9.3984375","9.3984375","9.3984375"
"366","9.3515625","9.3515625","9.3515625"
"367","9.4140625","9.4140625","9.4140625"
"368","9.421875","9.421875","9.421875"
"369","9.25","9.25","9.25"
"370","9.5","9.5","9.5"
"371","9.390625","9.390625","9.390625"
"372","9.328125","9.328125","9.328125"
"373","49.8828125","49.8828125","49.8828125"
"374","199.953125","199.953125","199.953125"
"375","21.21875","21.21875","21.21875"
"376","15.7109375","15.7109375","15.7109375"
"377","20.671875","20.671875","20.671875"
"378","22.3984375","22.3984375","22.3984375"
"379","173.515625","173.515625","173.515625"
"380","28.9765625","28.9765625","28.9765625"
"381","24.015625","24.015625","24.015625"
"382","28.015625","28.015625","28.015625"
"383","61.921875","61.921875","61.921875"
"384","21.6796875","21.6796875","21.6796875"
"385","21.546875","21.546875","21.546875"
"386","64.7890625","64.7890625","64.7890625"
"387","21.3515625","21.3515625","21.3515625"
"388","182.578125","182.578125","182.578125"
"389","18.7890625","18.7890625","18.7890625"
"390","16.2421875","16.2421875","16.2421875"
"391","15.390625","15.390625","15.390625"
"392","14.734375","14.734375","14.734375"
"393","20.34375","20.34375","20.34375"
"394","62.21875","62.21875","62.21875"
"395","200","200","200"
"396","100.0625","100.0625","100.0625"
"397","85.84375","85.84375","85.84375"
"398","45.6953125","45.6953125","45.6953125"
"399","75.515625","75.515625","75.515625"
"400","65.7109375","65.7109375","65.7109375"
"401","9.3203125","9.3203125","9.3203125"
"402","9.4296875","9.4296875","9.4296875"
"403","9.3359375","9.3359375","9.3359375"
"404","9.25","9.25","9.25"
"405","10.015625","10.015625","10.015625"
"406","9.3359375","9.3359375","9.3359375"
"407","9.375","9.375","9.375"
"408","9.2890625","9.2890625","9.2890625"
"409","9.3515625","9.3515625","9.3515625"
"410","9.25","9.25","9.25"
"411","9.359375","9.359375","9.359375"
"412","15.90625","15.90625","15.90625"
"413","15.328125","15.328125","15.328125"
"414","15.40625","15.40625","15.40625"
"415","20.71875","20.71875","20.71875"
"416","23.0390625","23.0390625","23.0390625"
"417","14.8046875","14.8046875","14.8046875"
"418","14.9453125","14.9453125","14.9453125"
"419","12.7734375","12.7734375","12.7734375"
"420","15.28125","15.28125","15.28125"
"421","12.40625","12.40625","12.40625"
"422","13.8828125","13.8828125","13.8828125"
"423","14.9375","14.9375","14.9375"
"424","15.453125","15.453125","15.453125"
"425","15.125","15.125","15.125"
"426","18.109375","18.109375","18.109375"
"427","20.171875","20.171875","20.171875"
"428","76.8671875","76.8671875","76.8671875"
"429","74.796875","74.796875","74.796875"
"430","44.703125","44.703125","44.703125"
"431","37.4765625","37.4765625","37.4765625"
"432","11.9140625","11.9140625","11.9140625"
"433","9.4765625","9.4765625","9.4765625"
"434","9.3359375","9.3359375","9.3359375"
"435","41.2734375","41.2734375","41.2734375"
"436","90.1171875","90.1171875","90.1171875"
"437","9.1953125","9.1953125","9.1953125"
"438","9.3359375","9.3359375","9.3359375"
"439","9.2890625","9.2890625","9.2890625"
"440","32.578125","32.578125","32.578125"
"441","27.0234375","27.0234375","27.0234375"
"442","77.671875","77.671875","77.671875"
"443","26.625","26.625","26.625"
"444","15.1640625","15.1640625","15.1640625"
"445","22.7734375","22.7734375","22.7734375"
"446","17.4765625","17.4765625","17.4765625"
"447","14.1171875","14.1171875","14.1171875"
"448","12.3359375","12.3359375","12.3359375"
"449","46.421875","46.421875","46.421875"
"450","9.375","9.375","9.375"
"451","9.3984375","9.3984375","9.3984375"
"452","17.3515625","17.3515625","17.3515625"
"453","9.328125","9.328125","9.328125"
"454","9.296875","9.296875","9.296875"
"455","9.3515625","9.3515625","9.3515625"
"456","9.3046875","9.3046875","9.3046875"
"457","9.34375","9.34375","9.34375"
"458","9.4453125","9.4453125","9.4453125"
"459","9.40625","9.40625","9.40625"
"460","9.265625","9.265625","9.265625"
"461","9.375","9.375","9.375"
"462","9.4921875","9.4921875","9.4921875"
"463","9.3515625","9.3515625","9.3515625"
"464","9.3359375","9.3359375","9.3359375"
"465","9.53125","9.53125","9.53125"
"466","11.34375","11.34375","11.34375"
"467","13.78125","13.78125","13.78125"
"468","10.78125","10.78125","10.78125"
"469","9.359375","9.359375","9.359375"
"470","9.3515625","9.3515625","9.3515625"
"471","9.375","9.375","9.375"
"472","9.3046875","9.3046875","9.3046875"
"473","9.3984375","9.3984375","9.3984375"
"474","9.3203125","9.3203125","9.3203125"
"475","9.359375","9.359375","9.359375"
"476","9.3359375","9.3359375","9.3359375"
"477","9.453125","9.453125","9.453125"
"478","69.2265625","69.2265625","69.2265625"
"479","34.515625","34.515625","34.515625"
"480","52.03125","52.03125","52.03125"
"481","44.21875","44.21875","44.21875"
"482","23.453125","23.453125","23.453125"
"483","32.9140625","32.9140625","32.9140625"
"484","9.390625","9.390625","9.390625"
"485","9.3828125","9.3828125","9.3828125"
"486","9.3515625","9.3515625","9.3515625"
"487","14.8125","14.8125","14.8125"
"488","19.6484375","19.6484375","19.6484375"
"489","9.3515625","9.3515625","9.3515625"
"490","9.375","9.375","9.375"
"491","66.8203125","66.8203125","66.8203125"
"492","60.5234375","60.5234375","60.5234375"
"493","19.125","19.125","19.125"
"494","9.328125","9.328125","9.328125"
"495","9.3203125","9.3203125","9.3203125"
"496","9.390625","9.390625","9.390625"
"497","9.234375","9.234375","9.234375"
"498","9.3828125","9.3828125","9.3828125"
"499","64.75","64.75","64.75"
"500","26.984375","26.984375","26.984375"
"501","34.28125","34.28125","34.28125"
"502","23.9140625","23.9140625","23.9140625"
"503","14.984375","14.984375","14.984375"
"504","18.3828125","18.3828125","18.3828125"
"505","24.0078125","24.0078125","24.0078125"
"506","33.5703125","33.5703125","33.5703125"
"507","50.703125","50.703125","50.703125"
"508","44.46875","44.46875","44.46875"
"509","48.3203125","48.3203125","48.3203125"
"510","25.1328125","25.1328125","25.1328125"
"511","20.4296875","20.4296875","20.4296875"
"512","20.4765625","20.4765625","20.4765625"
"513","16.1953125","16.1953125","16.1953125"
"514","20.5234375","20.5234375","20.5234375"
"515","16.546875","16.546875","16.546875"
"516","15.375","15.375","15.375"
"517","22.1015625","22.1015625","22.1015625"
"518","21.3125","21.3125","21.3125"
"519","20.53125","20.53125","20.53125"
"520","63.265625","63.265625","63.265625"
"521","44.6328125","44.6328125","44.6328125"
"522","69.9453125","69.9453125","69.9453125"
"523","51.1640625","51.1640625","51.1640625"
"524","42.921875","42.921875","42.921875"
"525","12.4609375","12.4609375","12.4609375"
"526","14.71875","14.71875","14.71875"
"527","15.1796875","15.1796875","15.1796875"
"528","35.390625","35.390625","35.390625"
"529","15.6640625","15.6640625","15.6640625"
"530","72.0234375","72.0234375","72.0234375"
"531","86.28125","86.28125","86.28125"
"532","47.421875","47.421875","47.421875"
"533","87.015625","87.015625","87.015625"
"534","37.546875","37.546875","37.546875"
"535","11.0390625","11.0390625","11.0390625"
"536","37.5234375","37.5234375","37.5234375"
"537","9.3671875","9.3671875","9.3671875"
"538","9.4296875","9.4296875","9.4296875"
"539","9.328125","9.328125","9.328125"
"540","9.4765625","9.4765625","9.4765625"
"541","10.4453125","10.4453125","10.4453125"
"542","9.390625","9.390625","9.390625"
"543","16.203125","16.203125","16.203125"
"544","21.9453125","21.9453125","21.9453125"
"545","21.265625","21.265625","21.265625"
"546","15.6328125","15.6328125","15.6328125"
"547","16.7734375","16.7734375","16.7734375"
"548","69.4140625","69.4140625","69.4140625"
"549","22.625","22.625","22.625"
"550","9.3203125","9.3203125","9.3203125"
"551","9.328125","9.328125","9.328125"
"552","9.3046875","9.3046875","9.3046875"
"553","9.3203125","9.3203125","9.3203125"
"554","9.3515625","9.3515625","9.3515625"
"555","9.5078125","9.5078125","9.5078125"
"556","9.375","9.375","9.375"
"557","9.3515625","9.3515625","9.3515625"
"558","9.3359375","9.3359375","9.3359375"
"559","9.4453125","9.4453125","9.4453125"
"560","9.3125","9.3125","9.3125"
"561","9.2890625","9.2890625","9.2890625"
"562","9.296875","9.296875","9.296875"
"563","9.3828125","9.3828125","9.3828125"
"564","9.21875","9.21875","9.21875"
"565","9.2578125","9.2578125","9.2578125"
"566","9.4296875","9.4296875","9.4296875"
"567","9.375","9.375","9.375"
"568","9.265625","9.265625","9.265625"
"569","9.28125","9.28125","9.28125"
"570","9.3203125","9.3203125","9.3203125"
"571","29.921875","29.921875","29.921875"
"572","37.9140625","37.9140625","37.9140625"
"573","21.1953125","21.1953125","21.1953125"
"574","24.7421875","24.7421875","24.7421875"
"575","19.828125","19.828125","19.828125"
"576","28.4140625","28.4140625","28.4140625"
"577","25.140625","25.140625","25.140625"
"578","67.6015625","67.6015625","67.6015625"
"579","9.2890625","9.2890625","9.2890625"
"580","9.5","9.5","9.5"
"581","9.1875","9.1875","9.1875"
"582","9.484375","9.484375","9.484375"
"583","9.40625","9.40625","9.40625"
"584","9.40625","9.40625","9.40625"
"585","9.3203125","9.3203125","9.3203125"
"586","9.328125","9.328125","9.328125"
"587","9.4765625","9.4765625","9.4765625"
"588","9.3125","9.3125","9.3125"
"589","82.140625","82.140625","82.140625"
"590","41.265625","41.265625","41.265625"
"591","27","27","27"
"592","15.625","15.625","15.625"
"593","14.7578125","14.7578125","14.7578125"
"594","17.6484375","17.6484375","17.6484375"
"595","17.96875","17.96875","17.96875"
"596","15.234375","15.234375","15.234375"
"597","12.546875","12.546875","12.546875"
"598","13.0390625","13.0390625","13.0390625"
"599","11.5625","11.5625","11.5625"
"600","15.6328125","15.6328125","15.6328125"
"601","11.421875","11.421875","11.421875"
"602","10.8125","10.8125","10.8125"
"603","11.5","11.5","11.5"
"604","11.34375","11.34375","11.34375"
"605","9.4765625","9.4765625","9.4765625"
"606","10.34375","10.34375","10.34375"
"607","9.28125","9.28125","9.28125"
"608","9.3984375","9.3984375","9.3984375"
"609","9.3671875","9.3671875","9.3671875"
"610","9.28125","9.28125","9.28125"
"611","9.2734375","9.2734375","9.2734375"
"612","9.3671875","9.3671875","9.3671875"
"613","9.375","9.375","9.375"
"614","9.4375","9.4375","9.4375"
"615","9.3515625","9.3515625","9.3515625"
"616","9.2265625","9.2265625","9.2265625"
"617","9.34375","9.34375","9.34375"
"618","10.9921875","10.9921875","10.9921875"
"619","9.4609375","9.4609375","9.4609375"
"620","9.4453125","9.4453125","9.4453125"
"621","10.3359375","10.3359375","10.3359375"
"622","9.2890625","9.2890625","9.2890625"
"623","9.25","9.25","9.25"
"624","9.34375","9.34375","9.34375"
"625","9.3359375","9.3359375","9.3359375"
"626","9.3984375","9.3984375","9.3984375"
"627","9.375","9.375","9.375"
"628","9.3125","9.3125","9.3125"
"629","11.5546875","11.5546875","11.5546875"
"630","9.6875","9.6875","9.6875"
"631","9.296875","9.296875","9.296875"
"632","10.46875","10.46875","10.46875"
"633","9.421875","9.421875","9.421875"
"634","11.390625","11.390625","11.390625"
"635","9.3984375","9.3984375","9.3984375"
"636","9.2890625","9.2890625","9.2890625"
"637","9.3203125","9.3203125","9.3203125"
"638","9.359375","9.359375","9.359375"
"639","9.390625","9.390625","9.390625"
"640","9.3046875","9.3046875","9.3046875"
"641","9.453125","9.453125","9.453125"
"642","9.328125","9.328125","9.328125"
"643","9.3671875","9.3671875","9.3671875"
"644","9.421875","9.421875","9.421875"
"645","9.328125","9.328125","9.328125"
"646","9.3046875","9.3046875","9.3046875"
"647","10.359375","10.359375","10.359375"
"648","9.4453125","9.4453125","9.4453125"
"649","9.390625","9.390625","9.390625"
"650","9.3828125","9.3828125","9.3828125"
"651","9.40625","9.40625","9.40625"
"652","9.3671875","9.3671875","9.3671875"
"653","9.1796875","9.1796875","9.1796875"
"654","9.3046875","9.3046875","9.3046875"
"655","9.25","9.25","9.25"
"656","9.2890625","9.2890625","9.2890625"
"657","9.40625","9.40625","9.40625"
"658","9.328125","9.328125","9.328125"
"659","9.3671875","9.3671875","9.3671875"
"660","10.5234375","10.5234375","10.5234375"
"661","10.078125","10.078125","10.078125"
"662","9.4609375","9.4609375","9.4609375"
"663","10.9140625","10.9140625","10.9140625"
"664","9.359375","9.359375","9.359375"
"665","9.328125","9.328125","9.328125"
"666","11.609375","11.609375","11.609375"
"667","11.46875","11.46875","11.46875"
"668","11.546875","11.546875","11.546875"
"669","11.5078125","11.5078125","11.5078125"
"670","11.578125","11.578125","11.578125"
"671","11.6328125","11.6328125","11.6328125"
"672","11.6171875","11.6171875","11.6171875"
"673","9.5234375","9.5234375","9.5234375"
"674","9.7109375","9.7109375","9.7109375"
"675","9.8046875","9.8046875","9.8046875"
"676","9.3046875","9.3046875","9.3046875"
"677","9.3125","9.3125","9.3125"
"678","10.3984375","10.3984375","10.3984375"
"679","11.5703125","11.5703125","11.5703125"
"680","11.4609375","11.4609375","11.4609375"
"681","11.5390625","11.5390625","11.5390625"
"682","11.4296875","11.4296875","11.4296875"
"683","10.2578125","10.2578125","10.2578125"
"684","11.515625","11.515625","11.515625"
"685","11.46875","11.46875","11.46875"
"686","11.4296875","11.4296875","11.4296875"
"687","9.4140625","9.4140625","9.4140625"
"688","9.390625","9.390625","9.390625"
"689","9.40625","9.40625","9.40625"
"690","9.3125","9.3125","9.3125"
"691","9.3515625","9.3515625","9.3515625"
"692","9.3984375","9.3984375","9.3984375"
"693","11.328125","11.328125","11.328125"
"694","11.4375","11.4375","11.4375"
"695","11.4453125","11.4453125","11.4453125"
"696","11.2421875","11.2421875","11.2421875"
"697","9.3671875","9.3671875","9.3671875"
"698","9.390625","9.390625","9.390625"
"699","10.15625","10.15625","10.15625"
"700","9.3984375","9.3984375","9.3984375"
"701","9.296875","9.296875","9.296875"
"702","9.3359375","9.3359375","9.3359375"
"703","9.5390625","9.5390625","9.5390625"
"704","9.28125","9.28125","9.28125"
"705","9.859375","9.859375","9.859375"
"706","9.375","9.375","9.375"
"707","9.3046875","9.3046875","9.3046875"
"708","9.2109375","9.2109375","9.2109375"
"709","9.28125","9.28125","9.28125"
"710","9.25","9.25","9.25"
"711","9.390625","9.390625","9.390625"
"712","9.375","9.375","9.375"
"713","9.5546875","9.5546875","9.5546875"
"714","9.234375","9.234375","9.234375"
"715","9.421875","9.421875","9.421875"
"716","9.4453125","9.4453125","9.4453125"
"717","9.234375","9.234375","9.234375"
"718","9.328125","9.328125","9.328125"
"719","9.265625","9.265625","9.265625"
"720","9.375","9.375","9.375"
"721","9.421875","9.421875","9.421875"
"722","9.359375","9.359375","9.359375"
"723","9.390625","9.390625","9.390625"
"724","9.375","9.375","9.375"
"725","9.390625","9.390625","9.390625"
"726","9.40625","9.40625","9.40625"
"727","9.375","9.375","9.375"
"728","9.2578125","9.2578125","9.2578125"
"729","9.40625","9.40625","9.40625"
"730","9.3515625","9.3515625","9.3515625"
"731","9.40625","9.40625","9.40625"
"732","9.34375","9.34375","9.34375"
"733","9.3359375","9.3359375","9.3359375"
"734","9.3984375","9.3984375","9.3984375"
"735","9.3984375","9.3984375","9.3984375"
"736","9.375","9.375","9.375"
"737","9.390625","9.390625","9.390625"
"738","9.328125","9.328125","9.328125"
"739","9.3203125","9.3203125","9.3203125"
"740","9.4140625","9.4140625","9.4140625"
"741","9.2734375","9.2734375","9.2734375"
"742","9.375","9.375","9.375"
"743","9.3828125","9.3828125","9.3828125"
"744","9.25","9.25","9.25"
"745","9.3359375","9.3359375","9.3359375"
"746","9.3125","9.3125","9.3125"
"747","9.3046875","9.3046875","9.3046875"
"748","9.2890625","9.2890625","9.2890625"
"749","9.4140625","9.4140625","9.4140625"
"750","9.3125","9.3125","9.3125"
"751","9.21875","9.21875","9.21875"
"752","9.390625","9.390625","9.390625"
"753","9.34375","9.34375","9.34375"
"754","9.2734375","9.2734375","9.2734375"
"755","9.6796875","9.6796875","9.6796875"
"756","9.6875","9.6875","9.6875"
"757","11.53125","11.53125","11.53125"
"758","11.46875","11.46875","11.46875"
"759","11.46875","11.46875","11.46875"
"760","11.421875","11.421875","11.421875"
"761","11.53125","11.53125","11.53125"
"762","9.4140625","9.4140625","9.4140625"
"763","9.3125","9.3125","9.3125"
"764","9.25","9.25","9.25"
"765","11.265625","11.265625","11.265625"
"766","10.796875","10.796875","10.796875"
"767","9.8125","9.8125","9.8125"
"768","9.234375","9.234375","9.234375"
"769","9.2578125","9.2578125","9.2578125"
"770","9.2734375","9.2734375","9.2734375"
"771","9.328125","9.328125","9.328125"
"772","9.40625","9.40625","9.40625"
"773","9.40625","9.40625","9.40625"
"774","9.359375","9.359375","9.359375"
"775","9.2421875","9.2421875","9.2421875"
"776","10.8984375","10.8984375","10.8984375"
"777","11.5","11.5","11.5"
"778","9.328125","9.328125","9.328125"
"779","11.5546875","11.5546875","11.5546875"
"780","9.390625","9.390625","9.390625"
"781","9.453125","9.453125","9.453125"
"782","10.1640625","10.1640625","10.1640625"
"783","11.484375","11.484375","11.484375"
"784","10.90625","10.90625","10.90625"
"785","11.1015625","11.1015625","11.1015625"
"786","11.703125","11.703125","11.703125"
"787","9.3984375","9.3984375","9.3984375"
"788","9.3984375","9.3984375","9.3984375"
"789","9.328125","9.328125","9.328125"
"790","9.4140625","9.4140625","9.4140625"
"791","9.4453125","9.4453125","9.4453125"
"792","11.578125","11.578125","11.578125"
"793","11.578125","11.578125","11.578125"
"794","10.890625","10.890625","10.890625"
"795","11.3125","11.3125","11.3125"
"796","11.453125","11.453125","11.453125"
"797","11.5","11.5","11.5"
"798","9.4140625","9.4140625","9.4140625"
"799","9.2890625","9.2890625","9.2890625"
"800","9.4140625","9.4140625","9.4140625"
"801","9.3671875","9.3671875","9.3671875"
"802","10.421875","10.421875","10.421875"
"803","10.3984375","10.3984375","10.3984375"
"804","9.9296875","9.9296875","9.9296875"
"805","10.578125","10.578125","10.578125"
"806","9.7578125","9.7578125","9.7578125"
"807","10.0234375","10.0234375","10.0234375"
"808","10.5546875","10.5546875","10.5546875"
"809","10.125","10.125","10.125"
"810","9.6953125","9.6953125","9.6953125"
"811","9.4296875","9.4296875","9.4296875"
"812","10.171875","10.171875","10.171875"
"813","10.7265625","10.7265625","10.7265625"
"814","9.3828125","9.3828125","9.3828125"
"815","9.3125","9.3125","9.3125"
"816","9.9375","9.9375","9.9375"
"817","10.0234375","10.0234375","10.0234375"
"818","10.3203125","10.3203125","10.3203125"
"819","9.3671875","9.3671875","9.3671875"
"820","10.6953125","10.6953125","10.6953125"
"821","10.0859375","10.0859375","10.0859375"
"822","10.7109375","10.7109375","10.7109375"
"823","11.0078125","11.0078125","11.0078125"
"824","10.765625","10.765625","10.765625"
"825","9.8515625","9.8515625","9.8515625"
"826","9.7734375","9.7734375","9.7734375"
"827","9.4296875","9.4296875","9.4296875"
"828","11.5546875","11.5546875","11.5546875"
"829","10.9453125","10.9453125","10.9453125"
"830","9.390625","9.390625","9.390625"
"831","9.3125","9.3125","9.3125"
"832","9.4609375","9.4609375","9.4609375"
"833","9.375","9.375","9.375"
"834","11.6015625","11.6015625","11.6015625"
"835","10.03125","10.03125","10.03125"
"836","10.015625","10.015625","10.015625"
"837","10.1875","10.1875","10.1875"
"838","11.046875","11.046875","11.046875"
"839","10.9375","10.9375","10.9375"
"840","10.140625","10.140625","10.140625"
"841","9.328125","9.328125","9.328125"
"842","9.4296875","9.4296875","9.4296875"
"843","10.1796875","10.1796875","10.1796875"
"844","10.28125","10.28125","10.28125"
"845","10.84375","10.84375","10.84375"
"846","10.78125","10.78125","10.78125"
"847","9.2890625","9.2890625","9.2890625"
"848","9.3984375","9.3984375","9.3984375"
"849","9.4453125","9.4453125","9.4453125"
"850","9.21875","9.21875","9.21875"
"851","10.5703125","10.5703125","10.5703125"
"852","10.53125","10.53125","10.53125"
"853","9.6171875","9.6171875","9.6171875"
"854","9.2734375","9.2734375","9.2734375"
"855","9.484375","9.484375","9.484375"
"856","9.359375","9.359375","9.359375"
"857","9.265625","9.265625","9.265625"
"858","9.3671875","9.3671875","9.3671875"
"859","9.296875","9.296875","9.296875"
"860","9.3203125","9.3203125","9.3203125"
"861","9.578125","9.578125","9.578125"
"862","9.3046875","9.3046875","9.3046875"
"863","9.53125","9.53125","9.53125"
"864","10.484375","10.484375","10.484375"
"865","9.4609375","9.4609375","9.4609375"
"866","9.3359375","9.3359375","9.3359375"
"867","9.40625","9.40625","9.40625"
"868","9.34375","9.34375","9.34375"
"869","9.3828125","9.3828125","9.3828125"
"870","9.3671875","9.3671875","9.3671875"
"871","9.3359375","9.3359375","9.3359375"
"872","9.4609375","9.4609375","9.4609375"
"873","9.7109375","9.7109375","9.7109375"
"874","9.3515625","9.3515625","9.3515625"
"875","9.3046875","9.3046875","9.3046875"
"876","9.2890625","9.2890625","9.2890625"
"877","9.7265625","9.7265625","9.7265625"
"878","10.1953125","10.1953125","10.1953125"
"879","9.421875","9.421875","9.421875"
"880","9.3828125","9.3828125","9.3828125"
"881","9.3671875","9.3671875","9.3671875"
"882","9.359375","9.359375","9.359375"
"883","9.3125","9.3125","9.3125"
"884","9.34375","9.34375","9.34375"
"885","9.359375","9.359375","9.359375"
"886","9.375","9.375","9.375"
"887","9.40625","9.40625","9.40625"
"888","9.28125","9.28125","9.28125"
"889","9.34375","9.34375","9.34375"
"890","9.4609375","9.4609375","9.4609375"
"891","9.3984375","9.3984375","9.3984375"
"892","9.515625","9.515625","9.515625"
"893","9.484375","9.484375","9.484375"
"894","9.2890625","9.2890625","9.2890625"
"895","9.40625","9.40625","9.40625"
"896","9.3359375","9.3359375","9.3359375"
"897","9.4140625","9.4140625","9.4140625"
"898","9.3359375","9.3359375","9.3359375"
"899","9.3046875","9.3046875","9.3046875"
"900","9.3515625","9.3515625","9.3515625"
"901","9.390625","9.390625","9.390625"
"902","9.375","9.375","9.375"
"903","9.3984375","9.3984375","9.3984375"
"904","9.3125","9.3125","9.3125"
"905","9.375","9.375","9.375"
"906","9.4140625","9.4140625","9.4140625"
"907","9.265625","9.265625","9.265625"
"908","9.375","9.375","9.375"
"909","9.375","9.375","9.375"
"910","9.375","9.375","9.375"
"911","9.4296875","9.4296875","9.4296875"
"912","9.359375","9.359375","9.359375"
"913","9.875","9.875","9.875"
"914","14.453125","14.453125","14.453125"
"915","14.671875","14.671875","14.671875"
"916","10.046875","10.046875","10.046875"
"917","10.984375","10.984375","10.984375"
"918","11.0390625","11.0390625","11.0390625"
"919","20.9921875","20.9921875","20.9921875"
"920","10.796875","10.796875","10.796875"
"921","12.59375","12.59375","12.59375"
"922","11.125","11.125","11.125"
"923","67.78125","67.78125","67.78125"
"924","13.8984375","13.8984375","13.8984375"
"925","11.2890625","11.2890625","11.2890625"
"926","59.25","59.25","59.25"
"927","9.5703125","9.5703125","9.5703125"
"928","29.890625","29.890625","29.890625"
"929","11.2265625","11.2265625","11.2265625"
"930","10.203125","10.203125","10.203125"
"931","9.4140625","9.4140625","9.4140625"
"932","9.2578125","9.2578125","9.2578125"
"933","9.3671875","9.3671875","9.3671875"
"934","9.40625","9.40625","9.40625"
"935","9.3828125","9.3828125","9.3828125"
"936","11.3125","11.3125","11.3125"
"937","11.0078125","11.0078125","11.0078125"
"938","10.96875","10.96875","10.96875"
"939","9.390625","9.390625","9.390625"
"940","9.3828125","9.3828125","9.3828125"
"941","9.375","9.375","9.375"
"942","9.3046875","9.3046875","9.3046875"
"943","9.40625","9.40625","9.40625"
"944","9.40625","9.40625","9.40625"
"945","9.3515625","9.3515625","9.3515625"
"946","9.234375","9.234375","9.234375"
"947","9.421875","9.421875","9.421875"
"948","9.390625","9.390625","9.390625"
"949","9.390625","9.390625","9.390625"
"950","9.4453125","9.4453125","9.4453125"
"951","9.34375","9.34375","9.34375"
"952","9.4453125","9.4453125","9.4453125"
"953","9.34375","9.34375","9.34375"
"954","9.4453125","9.4453125","9.4453125"
"955","9.3515625","9.3515625","9.3515625"
"956","9.40625","9.40625","9.40625"
"957","9.4609375","9.4609375","9.4609375"
"958","9.3359375","9.3359375","9.3359375"
"959","9.390625","9.390625","9.390625"
"960","9.328125","9.328125","9.328125"
"961","9.34375","9.34375","9.34375"
"962","9.3046875","9.3046875","9.3046875"
"963","9.421875","9.421875","9.421875"
"964","9.34375","9.34375","9.34375"
"965","14.84375","14.84375","14.84375"
"966","11.0859375","11.0859375","11.0859375"
"967","9.65625","9.65625","9.65625"
"968","10.3828125","10.3828125","10.3828125"
"969","9.2265625","9.2265625","9.2265625"
"970","9.34375","9.34375","9.34375"
"971","9.46875","9.46875","9.46875"
"972","9.390625","9.390625","9.390625"
"973","9.9453125","9.9453125","9.9453125"
"974","10.4609375","10.4609375","10.4609375"
"975","9.953125","9.953125","9.953125"
"976","10.0703125","10.0703125","10.0703125"
"977","10.421875","10.421875","10.421875"
"978","10.375","10.375","10.375"
"979","10.1796875","10.1796875","10.1796875"
"980","10.6328125","10.6328125","10.6328125"
"981","10.4921875","10.4921875","10.4921875"
"982","10.640625","10.640625","10.640625"
"983","10.8359375","10.8359375","10.8359375"
"984","9.3984375","9.3984375","9.3984375"
"985","9.6484375","9.6484375","9.6484375"
"986","10.6640625","10.6640625","10.6640625"
"987","9.375","9.375","9.375"
"988","10.046875","10.046875","10.046875"
"989","9.453125","9.453125","9.453125"
"990","10.390625","10.390625","10.390625"
"991","10.484375","10.484375","10.484375"
"992","10.171875","10.171875","10.171875"
"993","9.3828125","9.3828125","9.3828125"
"994","9.328125","9.328125","9.328125"
"995","9.40625","9.40625","9.40625"
"996","9.3671875","9.3671875","9.3671875"
"997","10.0703125","10.0703125","10.0703125"
"998","10.140625","10.140625","10.140625"
"999","9.7421875","9.7421875","9.7421875"
"1000","10.40625","10.40625","10.40625"
"1001","12.8828125","12.8828125","12.8828125"
"1002","14.171875","14.171875","14.171875"
"1003","14.0390625","14.0390625","14.0390625"
"1004","10.09375","10.09375","10.09375"
"1005","10.203125","10.203125","10.203125"
"1006","14.4921875","14.4921875","14.4921875"
"1007","12.828125","12.828125","12.828125"
"1008","13.1171875","13.1171875","13.1171875"
"1009","22.8046875","22.8046875","22.8046875"
"1010","18.59375","18.59375","18.59375"
"1011","9.3046875","9.3046875","9.3046875"
"1012","9.40625","9.40625","9.40625"
"1013","9.2890625","9.2890625","9.2890625"
"1014","14.046875","14.046875","14.046875"
"1015","13.3515625","13.3515625","13.3515625"
"1016","12.9140625","12.9140625","12.9140625"
"1017","14.2890625","14.2890625","14.2890625"
"1018","12.921875","12.921875","12.921875"
"1019","9.921875","9.921875","9.921875"
"1020","9.8984375","9.8984375","9.8984375"
"1021","11.0703125","11.0703125","11.0703125"
"1022","12.140625","12.140625","12.140625"
"1023","9.578125","9.578125","9.578125"
"1024","14.0078125","14.0078125","14.0078125"
"1025","9.7734375","9.7734375","9.7734375"
"1026","11.546875","11.546875","11.546875"
"1027","10.421875","10.421875","10.421875"
"1028","10.484375","10.484375","10.484375"
"1029","11.8125","11.8125","11.8125"
"1030","12.0234375","12.0234375","12.0234375"
"1031","10.03125","10.03125","10.03125"
"1032","10.546875","10.546875","10.546875"
"1033","9.65625","9.65625","9.65625"
"1034","10.484375","10.484375","10.484375"
"1035","9.328125","9.328125","9.328125"
"1036","9.3359375","9.3359375","9.3359375"
"1037","9.4375","9.4375","9.4375"
"1038","9.3203125","9.3203125","9.3203125"
"1039","9.2578125","9.2578125","9.2578125"
"1040","9.2890625","9.2890625","9.2890625"
"1041","9.234375","9.234375","9.234375"
"1042","9.96875","9.96875","9.96875"
"1043","11.1484375","11.1484375","11.1484375"
"1044","9.875","9.875","9.875"
"1045","11.9453125","11.9453125","11.9453125"
"1046","9.9765625","9.9765625","9.9765625"
"1047","10.078125","10.078125","10.078125"
"1048","9.890625","9.890625","9.890625"
"1049","10.015625","10.015625","10.015625"
"1050","10.3359375","10.3359375","10.3359375"
"1051","10.7578125","10.7578125","10.7578125"
"1052","12.09375","12.09375","12.09375"
"1053","12.9765625","12.9765625","12.9765625"
"1054","12.9453125","12.9453125","12.9453125"
"1055","14.734375","14.734375","14.734375"
"1056","14.3359375","14.3359375","14.3359375"
"1057","13.109375","13.109375","13.109375"
"1058","10.765625","10.765625","10.765625"
"1059","14.40625","14.40625","14.40625"
"1060","16.375","16.375","16.375"
"1061","15.9453125","15.9453125","15.9453125"
"1062","10.5078125","10.5078125","10.5078125"
"1063","12.5390625","12.5390625","12.5390625"
"1064","14.046875","14.046875","14.046875"
"1065","18.078125","18.078125","18.078125"
"1066","17.390625","17.390625","17.390625"
"1067","9.359375","9.359375","9.359375"
"1068","9.3671875","9.3671875","9.3671875"
"1069","9.375","9.375","9.375"
"1070","9.1953125","9.1953125","9.1953125"
"1071","9.3359375","9.3359375","9.3359375"
"1072","9.3203125","9.3203125","9.3203125"
"1073","9.359375","9.359375","9.359375"
"1074","9.4140625","9.4140625","9.4140625"
"1075","9.3125","9.3125","9.3125"
"1076","9.234375","9.234375","9.234375"
"1077","9.328125","9.328125","9.328125"
"1078","9.5078125","9.5078125","9.5078125"
"1079","9.5","9.5","9.5"
"1080","9.2890625","9.2890625","9.2890625"
"1081","9.3203125","9.3203125","9.3203125"
"1082","9.4375","9.4375","9.4375"
"1083","9.34375","9.34375","9.34375"
"1084","9.4140625","9.4140625","9.4140625"
"1085","11.328125","11.328125","11.328125"
"1086","9.2890625","9.2890625","9.2890625"
"1087","12.5703125","12.5703125","12.5703125"
"1088","9.65625","9.65625","9.65625"
"1089","9.4765625","9.4765625","9.4765625"
"1090","14","14","14"
"1091","9.3515625","9.3515625","9.3515625"
"1092","9.3984375","9.3984375","9.3984375"
"1093","9.4296875","9.4296875","9.4296875"
"1094","15.3671875","15.3671875","15.3671875"
"1095","11.75","11.75","11.75"
"1096","10.1796875","10.1796875","10.1796875"
"1097","9.625","9.625","9.625"
"1098","9.515625","9.515625","9.515625"
"1099","9.3828125","9.3828125","9.3828125"
"1100","9.40625","9.40625","9.40625"
"1101","9.40625","9.40625","9.40625"
"1102","12.6640625","12.6640625","12.6640625"
"1103","21.6953125","21.6953125","21.6953125"
"1104","22.484375","22.484375","22.484375"
"1105","21.484375","21.484375","21.484375"
"1106","9.84375","9.84375","9.84375"
"1107","9.265625","9.265625","9.265625"
"1108","9.4609375","9.4609375","9.4609375"
"1109","11.21875","11.21875","11.21875"
"1110","11.5390625","11.5390625","11.5390625"
"1111","9.3515625","9.3515625","9.3515625"
"1112","15.859375","15.859375","15.859375"
"1113","15.2890625","15.2890625","15.2890625"
"1114","9.3984375","9.3984375","9.3984375"
"1115","9.8515625","9.8515625","9.8515625"
"1116","9.6328125","9.6328125","9.6328125"
"1117","9.53125","9.53125","9.53125"
"1118","9.5546875","9.5546875","9.5546875"
"1119","23.2890625","23.2890625","23.2890625"
"1120","49.859375","49.859375","49.859375"
"1121","11.015625","11.015625","11.015625"
"1122","10.7890625","10.7890625","10.7890625"
"1123","9.359375","9.359375","9.359375"
"1124","9.3203125","9.3203125","9.3203125"
"1125","9.5390625","9.5390625","9.5390625"
"1126","9.3125","9.3125","9.3125"
"1127","45.1796875","45.1796875","45.1796875"
"1128","23.6875","23.6875","23.6875"
"1129","10.5234375","10.5234375","10.5234375"
"1130","10.625","10.625","10.625"
"1131","11.3203125","11.3203125","11.3203125"
"1132","10.859375","10.859375","10.859375"
"1133","10.6953125","10.6953125","10.6953125"
"1134","11.0703125","11.0703125","11.0703125"
"1135","11.5859375","11.5859375","11.5859375"
"1136","15.0859375","15.0859375","15.0859375"
"1137","14.6953125","14.6953125","14.6953125"
"1138","14.8671875","14.8671875","14.8671875"
"1139","14.21875","14.21875","14.21875"
"1140","13.5859375","13.5859375","13.5859375"
"1141","13.2890625","13.2890625","13.2890625"
"1142","13.375","13.375","13.375"
"1143","13.828125","13.828125","13.828125"
"1144","12.5703125","12.5703125","12.5703125"
"1145","14.453125","14.453125","14.453125"
"1146","12.6484375","12.6484375","12.6484375"
"1147","14.0859375","14.0859375","14.0859375"
"1148","18.234375","18.234375","18.234375"
"1149","17.6640625","17.6640625","17.6640625"
"1150","13.578125","13.578125","13.578125"
"1151","24.1015625","24.1015625","24.1015625"
"1152","41.84375","41.84375","41.84375"
"1153","75.5390625","75.5390625","75.5390625"
"1154","42.1484375","42.1484375","42.1484375"
"1155","78.0859375","78.0859375","78.0859375"
"1156","9.3828125","9.3828125","9.3828125"
"1157","30.2265625","30.2265625","30.2265625"
"1158","76.1328125","76.1328125","76.1328125"
"1159","9.3671875","9.3671875","9.3671875"
"1160","9.28125","9.28125","9.28125"
"1161","9.328125","9.328125","9.328125"
"1162","9.3359375","9.3359375","9.3359375"
"1163","9.359375","9.359375","9.359375"
"1164","9.3203125","9.3203125","9.3203125"
"1165","9.421875","9.421875","9.421875"
"1166","9.328125","9.328125","9.328125"
"1167","9.2890625","9.2890625","9.2890625"
"1168","9.5","9.5","9.5"
"1169","9.3984375","9.3984375","9.3984375"
"1170","9.3828125","9.3828125","9.3828125"
"1171","9.2578125","9.2578125","9.2578125"
"1172","9.328125","9.328125","9.328125"
"1173","9.3671875","9.3671875","9.3671875"
"1174","9.578125","9.578125","9.578125"
"1175","62.6796875","62.6796875","62.6796875"
"1176","17.5390625","17.5390625","17.5390625"
"1177","18.1953125","18.1953125","18.1953125"
"1178","9.4453125","9.4453125","9.4453125"
"1179","20.9140625","20.9140625","20.9140625"
"1180","39.7265625","39.7265625","39.7265625"
"1181","52.2421875","52.2421875","52.2421875"
"1182","26.40625","26.40625","26.40625"
"1183","26.3515625","26.3515625","26.3515625"
"1184","9.3515625","9.3515625","9.3515625"
"1185","9.375","9.375","9.375"
"1186","9.4765625","9.4765625","9.4765625"
"1187","9.359375","9.359375","9.359375"
"1188","9.484375","9.484375","9.484375"
"1189","9.375","9.375","9.375"
"1190","9.4296875","9.4296875","9.4296875"
"1191","9.28125","9.28125","9.28125"
"1192","9.2578125","9.2578125","9.2578125"
"1193","9.390625","9.390625","9.390625"
"1194","9.296875","9.296875","9.296875"
"1195","9.3671875","9.3671875","9.3671875"
"1196","9.375","9.375","9.375"
"1197","9.2578125","9.2578125","9.2578125"
"1198","9.3828125","9.3828125","9.3828125"
"1199","9.203125","9.203125","9.203125"
"1200","9.4140625","9.4140625","9.4140625"
"1201","9.4140625","9.4140625","9.4140625"
"1202","9.25","9.25","9.25"
"1203","9.375","9.375","9.375"
"1204","9.2890625","9.2890625","9.2890625"
"1205","9.4140625","9.4140625","9.4140625"
"1206","9.359375","9.359375","9.359375"
"1207","9.296875","9.296875","9.296875"
"1208","9.3125","9.3125","9.3125"
"1209","9.1875","9.1875","9.1875"
"1210","9.2890625","9.2890625","9.2890625"
"1211","9.234375","9.234375","9.234375"
"1212","12.9140625","12.9140625","12.9140625"
"1213","9.28125","9.28125","9.28125"
"1214","16.453125","16.453125","16.453125"
"1215","9.46875","9.46875","9.46875"
"1216","16.4609375","16.4609375","16.4609375"
"1217","29.4765625","29.4765625","29.4765625"
"1218","9.359375","9.359375","9.359375"
"1219","9.3515625","9.3515625","9.3515625"
"1220","9.2578125","9.2578125","9.2578125"
"1221","9.3515625","9.3515625","9.3515625"
"1222","9.3203125","9.3203125","9.3203125"
"1223","9.375","9.375","9.375"
"1224","9.2421875","9.2421875","9.2421875"
"1225","9.359375","9.359375","9.359375"
"1226","9.34375","9.34375","9.34375"
"1227","9.421875","9.421875","9.421875"
"1228","9.4921875","9.4921875","9.4921875"
"1229","9.3984375","9.3984375","9.3984375"
"1230","9.2109375","9.2109375","9.2109375"
"1231","9.3125","9.3125","9.3125"
"1232","9.2890625","9.2890625","9.2890625"
"1233","9.46875","9.46875","9.46875"
"1234","9.3359375","9.3359375","9.3359375"
"1235","9.34375","9.34375","9.34375"
"1236","9.328125","9.328125","9.328125"
"1237","9.34375","9.34375","9.34375"
"1238","9.3984375","9.3984375","9.3984375"
"1239","9.34375","9.34375","9.34375"
"1240","9.2109375","9.2109375","9.2109375"
"1241","9.4375","9.4375","9.4375"
"1242","9.3046875","9.3046875","9.3046875"
"1243","9.4453125","9.4453125","9.4453125"
"1244","9.234375","9.234375","9.234375"
"1245","9.28125","9.28125","9.28125"
"1246","10.390625","10.390625","10.390625"
"1247","11.5546875","11.5546875","11.5546875"
"1248","13.6015625","13.6015625","13.6015625"
"1249","25.9609375","25.9609375","25.9609375"
"1250","40.0390625","40.0390625","40.0390625"
"1251","11.6640625","11.6640625","11.6640625"
"1252","32.6171875","32.6171875","32.6171875"
"1253","20.453125","20.453125","20.453125"
"1254","55.2734375","55.2734375","55.2734375"
"1255","15.1171875","15.1171875","15.1171875"
"1256","11.6953125","11.6953125","11.6953125"
"1257","12.2109375","12.2109375","12.2109375"
"1258","9.4375","9.4375","9.4375"
"1259","9.2421875","9.2421875","9.2421875"
"1260","9.390625","9.390625","9.390625"
"1261","9.2734375","9.2734375","9.2734375"
"1262","9.28125","9.28125","9.28125"
"1263","9.3125","9.3125","9.3125"
"1264","10.2109375","10.2109375","10.2109375"
"1265","9.3515625","9.3515625","9.3515625"
"1266","9.25","9.25","9.25"
"1267","9.359375","9.359375","9.359375"
"1268","9.3828125","9.3828125","9.3828125"
"1269","9.4453125","9.4453125","9.4453125"
"1270","9.3203125","9.3203125","9.3203125"
"1271","9.4375","9.4375","9.4375"
"1272","9.4921875","9.4921875","9.4921875"
"1273","11.2265625","11.2265625","11.2265625"
"1274","13.6953125","13.6953125","13.6953125"
"1275","11.53125","11.53125","11.53125"
"1276","16.59375","16.59375","16.59375"
"1277","12.5234375","12.5234375","12.5234375"
"1278","9.359375","9.359375","9.359375"
"1279","9.28125","9.28125","9.28125"
"1280","9.4453125","9.4453125","9.4453125"
"1281","9.3515625","9.3515625","9.3515625"
"1282","9.359375","9.359375","9.359375"
"1283","9.3359375","9.3359375","9.3359375"
"1284","9.421875","9.421875","9.421875"
"1285","9.3046875","9.3046875","9.3046875"
"1286","9.3984375","9.3984375","9.3984375"
"1287","9.3671875","9.3671875","9.3671875"
"1288","9.2578125","9.2578125","9.2578125"
"1289","9.4609375","9.4609375","9.4609375"
"1290","9.375","9.375","9.375"
"1291","9.328125","9.328125","9.328125"
"1292","9.3515625","9.3515625","9.3515625"
"1293","9.328125","9.328125","9.328125"
"1294","9.3671875","9.3671875","9.3671875"
"1295","9.40625","9.40625","9.40625"
"1296","9.3046875","9.3046875","9.3046875"
"1297","9.359375","9.359375","9.359375"
"1298","9.3828125","9.3828125","9.3828125"
"1299","9.3984375","9.3984375","9.3984375"
"1300","9.3125","9.3125","9.3125"
"1301","9.390625","9.390625","9.390625"
"1302","9.3515625","9.3515625","9.3515625"
"1303","9.4140625","9.4140625","9.4140625"
"1304","9.3203125","9.3203125","9.3203125"
"1305","9.3125","9.3125","9.3125"
"1306","9.34375","9.34375","9.34375"
"1307","9.3359375","9.3359375","9.3359375"
"1308","9.3671875","9.3671875","9.3671875"
"1309","9.28125","9.28125","9.28125"
"1310","9.34375","9.34375","9.34375"
"1311","9.3203125","9.3203125","9.3203125"
"1312","9.4296875","9.4296875","9.4296875"
"1313","9.390625","9.390625","9.390625"
"1314","9.3828125","9.3828125","9.3828125"
"1315","9.421875","9.421875","9.421875"
"1316","10.9140625","10.9140625","10.9140625"
"1317","21.15625","21.15625","21.15625"
"1318","14.7421875","14.7421875","14.7421875"
"1319","11.28125","11.28125","11.28125"
"1320","9.984375","9.984375","9.984375"
"1321","9.3046875","9.3046875","9.3046875"
"1322","9.3359375","9.3359375","9.3359375"
"1323","9.328125","9.328125","9.328125"
"1324","9.3203125","9.3203125","9.3203125"
"1325","9.265625","9.265625","9.265625"
"1326","9.3203125","9.3203125","9.3203125"
"1327","9.3125","9.3125","9.3125"
"1328","9.3984375","9.3984375","9.3984375"
"1329","28.3984375","28.3984375","28.3984375"
"1330","9.1796875","9.1796875","9.1796875"
"1331","16.234375","16.234375","16.234375"
"1332","9.3515625","9.3515625","9.3515625"
"1333","9.3359375","9.3359375","9.3359375"
"1334","9.4375","9.4375","9.4375"
"1335","9.2578125","9.2578125","9.2578125"
"1336","10.4609375","10.4609375","10.4609375"
"1337","28.1171875","28.1171875","28.1171875"
"1338","33.6953125","33.6953125","33.6953125"
"1339","30.2734375","30.2734375","30.2734375"
"1340","26.328125","26.328125","26.328125"
"1341","40.9921875","40.9921875","40.9921875"
"1342","43.1875","43.1875","43.1875"
"1343","13.7578125","13.7578125","13.7578125"
"1344","14.2734375","14.2734375","14.2734375"
"1345","10.34375","10.34375","10.34375"
"1346","40.625","40.625","40.625"
"1347","23.84375","23.84375","23.84375"
"1348","29.1328125","29.1328125","29.1328125"
"1349","45.3046875","45.3046875","45.3046875"
"1350","54.5625","54.5625","54.5625"
"1351","59.0703125","59.0703125","59.0703125"
"1352","12.7578125","12.7578125","12.7578125"
"1353","15.9296875","15.9296875","15.9296875"
"1354","60.984375","60.984375","60.984375"
"1355","57.6796875","57.6796875","57.6796875"
"1356","11.859375","11.859375","11.859375"
"1357","28.3515625","28.3515625","28.3515625"
"1358","9.3671875","9.3671875","9.3671875"
"1359","9.3125","9.3125","9.3125"
"1360","13.578125","13.578125","13.578125"
"1361","9.609375","9.609375","9.609375"
"1362","9.296875","9.296875","9.296875"
"1363","9.453125","9.453125","9.453125"
"1364","9.2421875","9.2421875","9.2421875"
"1365","9.3203125","9.3203125","9.3203125"
"1366","9.3984375","9.3984375","9.3984375"
"1367","9.3828125","9.3828125","9.3828125"
"1368","9.390625","9.390625","9.390625"
"1369","9.3828125","9.3828125","9.3828125"
"1370","9.3515625","9.3515625","9.3515625"
"1371","9.3203125","9.3203125","9.3203125"
"1372","9.34375","9.34375","9.34375"
"1373","9.3515625","9.3515625","9.3515625"
"1374","9.40625","9.40625","9.40625"
"1375","9.28125","9.28125","9.28125"
"1376","9.2890625","9.2890625","9.2890625"
"1377","9.375","9.375","9.375"
"1378","9.2890625","9.2890625","9.2890625"
"1379","9.4453125","9.4453125","9.4453125"
"1380","9.4375","9.4375","9.4375"
"1381","9.3046875","9.3046875","9.3046875"
"1382","9.4921875","9.4921875","9.4921875"
"1383","9.28125","9.28125","9.28125"
"1384","9.390625","9.390625","9.390625"
"1385","9.3359375","9.3359375","9.3359375"
"1386","9.59375","9.59375","9.59375"
"1387","16.84375","16.84375","16.84375"
"1388","9.234375","9.234375","9.234375"
"1389","9.3125","9.3125","9.3125"
"1390","9.234375","9.234375","9.234375"
"1391","9.2734375","9.2734375","9.2734375"
"1392","9.3671875","9.3671875","9.3671875"
"1393","9.3203125","9.3203125","9.3203125"
"1394","9.3984375","9.3984375","9.3984375"
"1395","9.3359375","9.3359375","9.3359375"
"1396","9.375","9.375","9.375"
"1397","9.390625","9.390625","9.390625"
"1398","9.3671875","9.3671875","9.3671875"
"1399","9.28125","9.28125","9.28125"
"1400","9.390625","9.390625","9.390625"
"1401","9.3984375","9.3984375","9.3984375"
"1402","9.3828125","9.3828125","9.3828125"
"1403","9.3671875","9.3671875","9.3671875"
"1404","9.359375","9.359375","9.359375"
"1405","9.328125","9.328125","9.328125"
"1406","9.3046875","9.3046875","9.3046875"
"1407","9.3984375","9.3984375","9.3984375"
"1408","9.3203125","9.3203125","9.3203125"
"1409","9.296875","9.296875","9.296875"
"1410","9.4375","9.4375","9.4375"
"1411","9.34375","9.34375","9.34375"
"1412","9.2421875","9.2421875","9.2421875"
"1413","9.375","9.375","9.375"
"1414","9.21875","9.21875","9.21875"
"1415","9.71875","9.71875","9.71875"
"1416","9.375","9.375","9.375"
"1417","9.40625","9.40625","9.40625"
"1418","10.3671875","10.3671875","10.3671875"
"1419","25.890625","25.890625","25.890625"
"1420","9.40625","9.40625","9.40625"
"1421","9.671875","9.671875","9.671875"
"1422","10.3984375","10.3984375","10.3984375"
"1423","10.1875","10.1875","10.1875"
"1424","9.53125","9.53125","9.53125"
"1425","9.546875","9.546875","9.546875"
"1426","9.3671875","9.3671875","9.3671875"
"1427","9.6953125","9.6953125","9.6953125"
"1428","9.796875","9.796875","9.796875"
"1429","10.0546875","10.0546875","10.0546875"
"1430","10.34375","10.34375","10.34375"
"1431","77.1640625","77.1640625","77.1640625"
"1432","11.0390625","11.0390625","11.0390625"
"1433","9.859375","9.859375","9.859375"
"1434","9.359375","9.359375","9.359375"
"1435","9.34375","9.34375","9.34375"
"1436","9.3359375","9.3359375","9.3359375"
"1437","9.421875","9.421875","9.421875"
"1438","9.3359375","9.3359375","9.3359375"
"1439","9.484375","9.484375","9.484375"
"1440","9.6484375","9.6484375","9.6484375"
"1441","9.390625","9.390625","9.390625"
"1442","9.96875","9.96875","9.96875"
"1443","13.8515625","13.8515625","13.8515625"
"1444","12.21875","12.21875","12.21875"
"1445","11.2578125","11.2578125","11.2578125"
"1446","10.640625","10.640625","10.640625"
"1447","9.4609375","9.4609375","9.4609375"
"1448","9.8203125","9.8203125","9.8203125"
"1449","11.15625","11.15625","11.15625"
"1450","11.1875","11.1875","11.1875"
"1451","9.6015625","9.6015625","9.6015625"
"1452","9.734375","9.734375","9.734375"
"1453","9.25","9.25","9.25"
"1454","9.34375","9.34375","9.34375"
"1455","9.3203125","9.3203125","9.3203125"
"1456","9.484375","9.484375","9.484375"
"1457","9.3515625","9.3515625","9.3515625"
"1458","9.3671875","9.3671875","9.3671875"
"1459","9.609375","9.609375","9.609375"
"1460","9.3828125","9.3828125","9.3828125"
"1461","9.34375","9.34375","9.34375"
"1462","9.3203125","9.3203125","9.3203125"
"1463","9.3046875","9.3046875","9.3046875"
"1464","9.21875","9.21875","9.21875"
"1465","9.5","9.5","9.5"
"1466","9.359375","9.359375","9.359375"
"1467","9.3984375","9.3984375","9.3984375"
"1468","9.4140625","9.4140625","9.4140625"
"1469","9.40625","9.40625","9.40625"
"1470","9.25","9.25","9.25"
"1471","9.359375","9.359375","9.359375"
"1472","9.2734375","9.2734375","9.2734375"
"1473","9.4140625","9.4140625","9.4140625"
"1474","9.25","9.25","9.25"
"1475","9.421875","9.421875","9.421875"
"1476","9.3828125","9.3828125","9.3828125"
"1477","9.4140625","9.4140625","9.4140625"
"1478","9.2578125","9.2578125","9.2578125"
"1479","9.4921875","9.4921875","9.4921875"
"1480","9.375","9.375","9.375"
"1481","11.4609375","11.4609375","11.4609375"
"1482","11.46875","11.46875","11.46875"
"1483","11.640625","11.640625","11.640625"
"1484","9.4296875","9.4296875","9.4296875"
"1485","9.3203125","9.3203125","9.3203125"
"1486","9.296875","9.296875","9.296875"
"1487","9.4375","9.4375","9.4375"
"1488","9.3984375","9.3984375","9.3984375"
"1489","9.1875","9.1875","9.1875"
"1490","9.328125","9.328125","9.328125"
"1491","9.390625","9.390625","9.390625"
"1492","9.359375","9.359375","9.359375"
"1493","9.359375","9.359375","9.359375"
"1494","9.2734375","9.2734375","9.2734375"
"1495","9.3125","9.3125","9.3125"
"1496","9.3984375","9.3984375","9.3984375"
"1497","9.359375","9.359375","9.359375"
"1498","9.3984375","9.3984375","9.3984375"
"1499","9.3046875","9.3046875","9.3046875"
"1500","9.296875","9.296875","9.296875"
"1501","9.3828125","9.3828125","9.3828125"
"1502","9.359375","9.359375","9.359375"
"1503","9.328125","9.328125","9.328125"
"1504","9.4375","9.4375","9.4375"
"1505","9.3359375","9.3359375","9.3359375"
"1506","9.3515625","9.3515625","9.3515625"
"1507","9.3046875","9.3046875","9.3046875"
"1508","9.3984375","9.3984375","9.3984375"
"1509","9.390625","9.390625","9.390625"
"1510","9.40625","9.40625","9.40625"
"1511","9.34375","9.34375","9.34375"
"1512","11.390625","11.390625","11.390625"
"1513","11.796875","11.796875","11.796875"
"1514","9.7265625","9.7265625","9.7265625"
"1515","9.3828125","9.3828125","9.3828125"
"1516","9.4453125","9.4453125","9.4453125"
"1517","9.328125","9.328125","9.328125"
"1518","11.2578125","11.2578125","11.2578125"
"1519","9.4609375","9.4609375","9.4609375"
"1520","9.9453125","9.9453125","9.9453125"
"1521","9.5","9.5","9.5"
"1522","9.3984375","9.3984375","9.3984375"
"1523","11.0703125","11.0703125","11.0703125"
"1524","10.3828125","10.3828125","10.3828125"
"1525","10.1015625","10.1015625","10.1015625"
"1526","11.546875","11.546875","11.546875"
"1527","10.640625","10.640625","10.640625"
"1528","10.2734375","10.2734375","10.2734375"
"1529","10.5390625","10.5390625","10.5390625"
"1530","9.8984375","9.8984375","9.8984375"
"1531","11.375","11.375","11.375"
"1532","9.3203125","9.3203125","9.3203125"
"1533","11.0546875","11.0546875","11.0546875"
"1534","11.2265625","11.2265625","11.2265625"
"1535","11.3359375","11.3359375","11.3359375"
"1536","11.390625","11.390625","11.390625"
"1537","10.765625","10.765625","10.765625"
"1538","9.3515625","9.3515625","9.3515625"
"1539","10.0625","10.0625","10.0625"
"1540","10.1640625","10.1640625","10.1640625"
"1541","11.6640625","11.6640625","11.6640625"
"1542","11.4609375","11.4609375","11.4609375"
"1543","9.328125","9.328125","9.328125"
"1544","9.828125","9.828125","9.828125"
"1545","10.125","10.125","10.125"
"1546","9.2890625","9.2890625","9.2890625"
"1547","9.390625","9.390625","9.390625"
"1548","9.28125","9.28125","9.28125"
"1549","9.390625","9.390625","9.390625"
"1550","9.375","9.375","9.375"
"1551","9.2890625","9.2890625","9.2890625"
"1552","9.421875","9.421875","9.421875"
"1553","9.6640625","9.6640625","9.6640625"
"1554","9.4609375","9.4609375","9.4609375"
"1555","9.375","9.375","9.375"
"1556","9.5078125","9.5078125","9.5078125"
"1557","9.3359375","9.3359375","9.3359375"
"1558","9.34375","9.34375","9.34375"
"1559","10.2734375","10.2734375","10.2734375"
"1560","10.5078125","10.5078125","10.5078125"
"1561","9.3984375","9.3984375","9.3984375"
"1562","9.4140625","9.4140625","9.4140625"
"1563","9.4375","9.4375","9.4375"
"1564","11.0859375","11.0859375","11.0859375"
"1565","10.9765625","10.9765625","10.9765625"
"1566","11.53125","11.53125","11.53125"
"1567","11.2890625","11.2890625","11.2890625"
"1568","10.875","10.875","10.875"
"1569","10.375","10.375","10.375"
"1570","10.765625","10.765625","10.765625"
"1571","10.3984375","10.3984375","10.3984375"
"1572","11.015625","11.015625","11.015625"
"1573","10.0546875","10.0546875","10.0546875"
"1574","9.34375","9.34375","9.34375"
"1575","9.4453125","9.4453125","9.4453125"
"1576","10.171875","10.171875","10.171875"
"1577","9.7421875","9.7421875","9.7421875"
"1578","11.25","11.25","11.25"
"1579","9.6328125","9.6328125","9.6328125"
"1580","9.734375","9.734375","9.734375"
"1581","11.6328125","11.6328125","11.6328125"
"1582","11.515625","11.515625","11.515625"
"1583","9.359375","9.359375","9.359375"
"1584","9.421875","9.421875","9.421875"
"1585","11.140625","11.140625","11.140625"
"1586","11.015625","11.015625","11.015625"
"1587","11.2265625","11.2265625","11.2265625"
"1588","9.5703125","9.5703125","9.5703125"
"1589","11.4375","11.4375","11.4375"
"1590","11.53125","11.53125","11.53125"
"1591","9.96875","9.96875","9.96875"
"1592","9.421875","9.421875","9.421875"
"1593","10.296875","10.296875","10.296875"
"1594","10.3828125","10.3828125","10.3828125"
"1595","10.0078125","10.0078125","10.0078125"
"1596","11.3984375","11.3984375","11.3984375"
"1597","11.5078125","11.5078125","11.5078125"
"1598","11.6171875","11.6171875","11.6171875"
"1599","11.578125","11.578125","11.578125"
"1600","11.4140625","11.4140625","11.4140625"
"1601","19.9375","19.9375","19.9375"
"1602","56.9296875","56.9296875","56.9296875"
"1603","174.1640625","174.1640625","174.1640625"
"1604","17.78125","17.78125","17.78125"
"1605","22.546875","22.546875","22.546875"
"1606","39.7421875","39.7421875","39.7421875"
"1607","30.65625","30.65625","30.65625"
"1608","35.609375","35.609375","35.609375"
"1609","42.6875","42.6875","42.6875"
"1610","68.640625","68.640625","68.640625"
"1611","53.8515625","53.8515625","53.8515625"
"1612","96.59375","96.59375","96.59375"
"1613","9.2421875","9.2421875","9.2421875"
"1614","22.1484375","22.1484375","22.1484375"
"1615","58.1953125","58.1953125","58.1953125"
"1616","83.8203125","83.8203125","83.8203125"
"1617","14.3046875","14.3046875","14.3046875"
"1618","42.4921875","42.4921875","42.4921875"
"1619","38.75","38.75","38.75"
"1620","64.890625","64.890625","64.890625"
"1621","45.2578125","45.2578125","45.2578125"
"1622","41.0078125","41.0078125","41.0078125"
"1623","18.8671875","18.8671875","18.8671875"
"1624","24.578125","24.578125","24.578125"
"1625","15.390625","15.390625","15.390625"
"1626","14.828125","14.828125","14.828125"
"1627","15.3359375","15.3359375","15.3359375"
"1628","16.1171875","16.1171875","16.1171875"
"1629","14.109375","14.109375","14.109375"
"1630","18.1171875","18.1171875","18.1171875"
"1631","24.34375","24.34375","24.34375"
"1632","17.2265625","17.2265625","17.2265625"
"1633","14.046875","14.046875","14.046875"
"1634","16.1796875","16.1796875","16.1796875"
"1635","21.453125","21.453125","21.453125"
"1636","23.546875","23.546875","23.546875"
"1637","19.09375","19.09375","19.09375"
"1638","23.2890625","23.2890625","23.2890625"
"1639","23.859375","23.859375","23.859375"
"1640","25.2578125","25.2578125","25.2578125"
"1641","24.9921875","24.9921875","24.9921875"
"1642","17.640625","17.640625","17.640625"
"1643","17.59375","17.59375","17.59375"
"1644","19.203125","19.203125","19.203125"
"1645","16.7734375","16.7734375","16.7734375"
"1646","17.40625","17.40625","17.40625"
"1647","17.125","17.125","17.125"
"1648","33.65625","33.65625","33.65625"
"1649","28.8828125","28.8828125","28.8828125"
"1650","30.859375","30.859375","30.859375"
"1651","29.4375","29.4375","29.4375"
"1652","25.8203125","25.8203125","25.8203125"
"1653","20.421875","20.421875","20.421875"
"1654","18.9453125","18.9453125","18.9453125"
"1655","15.21875","15.21875","15.21875"
"1656","14.859375","14.859375","14.859375"
"1657","16.2265625","16.2265625","16.2265625"
"1658","16.140625","16.140625","16.140625"
"1659","16.140625","16.140625","16.140625"
"1660","17.5078125","17.5078125","17.5078125"
"1661","14.953125","14.953125","14.953125"
"1662","13.9140625","13.9140625","13.9140625"
"1663","12.5703125","12.5703125","12.5703125"
"1664","12.2578125","12.2578125","12.2578125"
"1665","12.375","12.375","12.375"
"1666","12.015625","12.015625","12.015625"
"1667","12.8515625","12.8515625","12.8515625"
"1668","13.34375","13.34375","13.34375"
"1669","14.390625","14.390625","14.390625"
"1670","15.7734375","15.7734375","15.7734375"
"1671","12.9375","12.9375","12.9375"
"1672","12.546875","12.546875","12.546875"
"1673","12.4453125","12.4453125","12.4453125"
"1674","15.2109375","15.2109375","15.2109375"
"1675","13.4921875","13.4921875","13.4921875"
"1676","12.71875","12.71875","12.71875"
"1677","13.9609375","13.9609375","13.9609375"
"1678","14.796875","14.796875","14.796875"
"1679","12.5703125","12.5703125","12.5703125"
"1680","13.6640625","13.6640625","13.6640625"
"1681","11.8671875","11.8671875","11.8671875"
"1682","17.8828125","17.8828125","17.8828125"
"1683","15.453125","15.453125","15.453125"
"1684","12.5390625","12.5390625","12.5390625"
"1685","17.0078125","17.0078125","17.0078125"
"1686","15.5546875","15.5546875","15.5546875"
"1687","16.78125","16.78125","16.78125"
"1688","14.6796875","14.6796875","14.6796875"
"1689","12.5546875","12.5546875","12.5546875"
"1690","12.3125","12.3125","12.3125"
"1691","13.65625","13.65625","13.65625"
"1692","18.9375","18.9375","18.9375"
"1693","21.0625","21.0625","21.0625"
"1694","16.890625","16.890625","16.890625"
"1695","18.3671875","18.3671875","18.3671875"
"1696","74.703125","74.703125","74.703125"
"1697","20.3125","20.3125","20.3125"
"1698","16.75","16.75","16.75"
"1699","14.03125","14.03125","14.03125"
"1700","15.421875","15.421875","15.421875"
"1701","19.0234375","19.0234375","19.0234375"
"1702","13.90625","13.90625","13.90625"
"1703","14.1875","14.1875","14.1875"
"1704","12.828125","12.828125","12.828125"
"1705","12.4921875","12.4921875","12.4921875"
"1706","13.578125","13.578125","13.578125"
"1707","14.3046875","14.3046875","14.3046875"
"1708","15.3359375","15.3359375","15.3359375"
"1709","16.625","16.625","16.625"
"1710","16.6171875","16.6171875","16.6171875"
"1711","14.984375","14.984375","14.984375"
"1712","15.28125","15.28125","15.28125"
"1713","13.125","13.125","13.125"
"1714","12.3203125","12.3203125","12.3203125"
"1715","12.1796875","12.1796875","12.1796875"
"1716","15.203125","15.203125","15.203125"
"1717","23.5703125","23.5703125","23.5703125"
"1718","27.171875","27.171875","27.171875"
"1719","68.734375","68.734375","68.734375"
"1720","73.9765625","73.9765625","73.9765625"
"1721","33.859375","33.859375","33.859375"
"1722","54.984375","54.984375","54.984375"
"1723","9.3984375","9.3984375","9.3984375"
"1724","145.25","145.25","145.25"
"1725","79.453125","79.453125","79.453125"
"1726","114.9921875","114.9921875","114.9921875"
"1727","91.4921875","91.4921875","91.4921875"
"1728","47.5234375","47.5234375","47.5234375"
"1729","38.3203125","38.3203125","38.3203125"
"1730","38.40625","38.40625","38.40625"
"1731","76.6015625","76.6015625","76.6015625"
"1732","121.5078125","121.5078125","121.5078125"
"1733","71.6640625","71.6640625","71.6640625"
"1734","68.90625","68.90625","68.90625"
"1735","85.125","85.125","85.125"
"1736","75.3359375","75.3359375","75.3359375"
"1737","48.8203125","48.8203125","48.8203125"
"1738","37.9453125","37.9453125","37.9453125"
"1739","40.890625","40.890625","40.890625"
"1740","45.734375","45.734375","45.734375"
"1741","40.1328125","40.1328125","40.1328125"
"1742","32.8125","32.8125","32.8125"
"1743","30.9140625","30.9140625","30.9140625"
"1744","26.9609375","26.9609375","26.9609375"
"1745","32.953125","32.953125","32.953125"
"1746","89.1796875","89.1796875","89.1796875"
"1747","83.7265625","83.7265625","83.7265625"
"1748","91.5","91.5","91.5"
"1749","97.953125","97.953125","97.953125"
"1750","175.15625","175.15625","175.15625"
"1751","123.125","123.125","123.125"
"1752","89.140625","89.140625","89.140625"
"1753","69.1171875","69.1171875","69.1171875"
"1754","68.9765625","68.9765625","68.9765625"
"1755","74.21875","74.21875","74.21875"
"1756","68.65625","68.65625","68.65625"
"1757","69.2890625","69.2890625","69.2890625"
"1758","59.703125","59.703125","59.703125"
"1759","28.28125","28.28125","28.28125"
"1760","23.046875","23.046875","23.046875"
"1761","66.3984375","66.3984375","66.3984375"
"1762","55.75","55.75","55.75"
"1763","28.1484375","28.1484375","28.1484375"
"1764","69.046875","69.046875","69.046875"
"1765","69.65625","69.65625","69.65625"
"1766","32","32","32"
"1767","70.765625","70.765625","70.765625"
"1768","75.6796875","75.6796875","75.6796875"
"1769","27.6640625","27.6640625","27.6640625"
"1770","21.921875","21.921875","21.921875"
"1771","17.046875","17.046875","17.046875"
"1772","18.0078125","18.0078125","18.0078125"
"1773","24.96875","24.96875","24.96875"
"1774","25.1328125","25.1328125","25.1328125"
"1775","24.2265625","24.2265625","24.2265625"
"1776","28.6640625","28.6640625","28.6640625"
"1777","81.5","81.5","81.5"
"1778","73.0859375","73.0859375","73.0859375"
"1779","73.796875","73.796875","73.796875"
"1780","56.1171875","56.1171875","56.1171875"
"1781","34.9296875","34.9296875","34.9296875"
"1782","33.78125","33.78125","33.78125"
"1783","65.4375","65.4375","65.4375"
"1784","109.8359375","109.8359375","109.8359375"
"1785","72.8828125","72.8828125","72.8828125"
"1786","80.3125","80.3125","80.3125"
"1787","24.40625","24.40625","24.40625"
"1788","29.984375","29.984375","29.984375"
"1789","74.25","74.25","74.25"
"1790","81.2734375","81.2734375","81.2734375"
"1791","75.2109375","75.2109375","75.2109375"
"1792","84.8984375","84.8984375","84.8984375"
"1793","27.0859375","27.0859375","27.0859375"
"1794","75.5","75.5","75.5"
"1795","30.234375","30.234375","30.234375"
"1796","83.6328125","83.6328125","83.6328125"
"1797","72.578125","72.578125","72.578125"
"1798","68.0390625","68.0390625","68.0390625"
"1799","192.2578125","192.2578125","192.2578125"
"1800","68.6484375","68.6484375","68.6484375"
"1801","9.3984375","9.3984375","9.3984375"
"1802","13.109375","13.109375","13.109375"
"1803","15.578125","15.578125","15.578125"
"1804","40.6875","40.6875","40.6875"
"1805","53.71875","53.71875","53.71875"
"1806","21.5","21.5","21.5"
"1807","17.8203125","17.8203125","17.8203125"
"1808","11.4609375","11.4609375","11.4609375"
"1809","12.28125","12.28125","12.28125"
"1810","14.515625","14.515625","14.515625"
"1811","9.703125","9.703125","9.703125"
"1812","32.9296875","32.9296875","32.9296875"
"1813","13.7265625","13.7265625","13.7265625"
"1814","15.3515625","15.3515625","15.3515625"
"1815","15.671875","15.671875","15.671875"
"1816","39.90625","39.90625","39.90625"
"1817","47.4296875","47.4296875","47.4296875"
"1818","61.4296875","61.4296875","61.4296875"
"1819","42.5859375","42.5859375","42.5859375"
"1820","33.8125","33.8125","33.8125"
"1821","33.8125","33.8125","33.8125"
"1822","25.84375","25.84375","25.84375"
"1823","37.1640625","37.1640625","37.1640625"
"1824","43.265625","43.265625","43.265625"
"1825","43.375","43.375","43.375"
"1826","43.6171875","43.6171875","43.6171875"
"1827","46.0078125","46.0078125","46.0078125"
"1828","48.96875","48.96875","48.96875"
"1829","51.1328125","51.1328125","51.1328125"
"1830","48.0625","48.0625","48.0625"
"1831","57.4375","57.4375","57.4375"
"1832","51.328125","51.328125","51.328125"
"1833","49.8515625","49.8515625","49.8515625"
"1834","47.5859375","47.5859375","47.5859375"
"1835","54.1328125","54.1328125","54.1328125"
"1836","163.6484375","163.6484375","163.6484375"
"1837","195.875","195.875","195.875"
"1838","163.25","163.25","163.25"
"1839","123.125","123.125","123.125"
"1840","64.6875","64.6875","64.6875"
"1841","77.6796875","77.6796875","77.6796875"
"1842","72.0546875","72.0546875","72.0546875"
"1843","27.4453125","27.4453125","27.4453125"
"1844","66.3203125","66.3203125","66.3203125"
"1845","56.171875","56.171875","56.171875"
"1846","77.8515625","77.8515625","77.8515625"
"1847","80.8828125","80.8828125","80.8828125"
"1848","41.109375","41.109375","41.109375"
"1849","10.8671875","10.8671875","10.8671875"
"1850","11.625","11.625","11.625"
"1851","12.7421875","12.7421875","12.7421875"
"1852","10.7734375","10.7734375","10.7734375"
"1853","10.953125","10.953125","10.953125"
"1854","10.4921875","10.4921875","10.4921875"
"1855","10.390625","10.390625","10.390625"
"1856","10.4609375","10.4609375","10.4609375"
"1857","10.3125","10.3125","10.3125"
"1858","10.3046875","10.3046875","10.3046875"
"1859","11.0078125","11.0078125","11.0078125"
"1860","10.1328125","10.1328125","10.1328125"
"1861","10.1328125","10.1328125","10.1328125"
"1862","9.8828125","9.8828125","9.8828125"
"1863","9.4375","9.4375","9.4375"
"1864","10.1328125","10.1328125","10.1328125"
"1865","10.8671875","10.8671875","10.8671875"
"1866","10.3671875","10.3671875","10.3671875"
"1867","11.234375","11.234375","11.234375"
"1868","11.0859375","11.0859375","11.0859375"
"1869","11.328125","11.328125","11.328125"
"1870","9.9296875","9.9296875","9.9296875"
"1871","9.71875","9.71875","9.71875"
"1872","9.5390625","9.5390625","9.5390625"
"1873","9.5703125","9.5703125","9.5703125"
"1874","9.8828125","9.8828125","9.8828125"
"1875","9.3984375","9.3984375","9.3984375"
"1876","9.390625","9.390625","9.390625"
"1877","9.296875","9.296875","9.296875"
"1878","9.515625","9.515625","9.515625"
"1879","9.5234375","9.5234375","9.5234375"
"1880","9.421875","9.421875","9.421875"
"1881","9.5234375","9.5234375","9.5234375"
"1882","9.625","9.625","9.625"
"1883","10.1875","10.1875","10.1875"
"1884","9.953125","9.953125","9.953125"
"1885","9.5","9.5","9.5"
"1886","9.3828125","9.3828125","9.3828125"
"1887","9.3671875","9.3671875","9.3671875"
"1888","10.0234375","10.0234375","10.0234375"
"1889","9.390625","9.390625","9.390625"
"1890","9.234375","9.234375","9.234375"
"1891","9.3984375","9.3984375","9.3984375"
"1892","13.9765625","13.9765625","13.9765625"
"1893","9.96875","9.96875","9.96875"
"1894","9.2734375","9.2734375","9.2734375"
"1895","9.3125","9.3125","9.3125"
"1896","9.40625","9.40625","9.40625"
"1897","9.3828125","9.3828125","9.3828125"
"1898","9.3046875","9.3046875","9.3046875"
"1899","9.4609375","9.4609375","9.4609375"
"1900","9.421875","9.421875","9.421875"
"1901","9.4453125","9.4453125","9.4453125"
"1902","9.3984375","9.3984375","9.3984375"
"1903","9.28125","9.28125","9.28125"
"1904","9.328125","9.328125","9.328125"
"1905","9.3984375","9.3984375","9.3984375"
"1906","9.375","9.375","9.375"
"1907","9.4921875","9.4921875","9.4921875"
"1908","11.25","11.25","11.25"
"1909","9.3984375","9.3984375","9.3984375"
"1910","18.421875","18.421875","18.421875"
"1911","12.78125","12.78125","12.78125"
"1912","31.8046875","31.8046875","31.8046875"
"1913","30.234375","30.234375","30.234375"
"1914","29.8125","29.8125","29.8125"
"1915","16.2421875","16.2421875","16.2421875"
"1916","14.125","14.125","14.125"
"1917","9.3515625","9.3515625","9.3515625"
"1918","9.4140625","9.4140625","9.4140625"
"1919","9.3203125","9.3203125","9.3203125"
"1920","9.375","9.375","9.375"
"1921","9.3515625","9.3515625","9.3515625"
"1922","9.3203125","9.3203125","9.3203125"
"1923","9.25","9.25","9.25"
"1924","9.4453125","9.4453125","9.4453125"
"1925","9.8203125","9.8203125","9.8203125"
"1926","10.7890625","10.7890625","10.7890625"
"1927","11.375","11.375","11.375"
"1928","11.4609375","11.4609375","11.4609375"
"1929","13.171875","13.171875","13.171875"
"1930","18.1015625","18.1015625","18.1015625"
"1931","16.0546875","16.0546875","16.0546875"
"1932","17.421875","17.421875","17.421875"
"1933","20.2890625","20.2890625","20.2890625"
"1934","14.5390625","14.5390625","14.5390625"
"1935","18.875","18.875","18.875"
"1936","17.875","17.875","17.875"
"1937","16.5","16.5","16.5"
"1938","11.5078125","11.5078125","11.5078125"
"1939","11.1796875","11.1796875","11.1796875"
"1940","9.3984375","9.3984375","9.3984375"
"1941","9.3203125","9.3203125","9.3203125"
"1942","9.328125","9.328125","9.328125"
"1943","9.3046875","9.3046875","9.3046875"
"1944","9.3203125","9.3203125","9.3203125"
"1945","9.4375","9.4375","9.4375"
"1946","9.328125","9.328125","9.328125"
"1947","9.390625","9.390625","9.390625"
"1948","9.40625","9.40625","9.40625"
"1949","9.328125","9.328125","9.328125"
"1950","9.359375","9.359375","9.359375"
"1951","9.265625","9.265625","9.265625"
"1952","9.4296875","9.4296875","9.4296875"
"1953","9.421875","9.421875","9.421875"
"1954","9.2890625","9.2890625","9.2890625"
"1955","9.3828125","9.3828125","9.3828125"
"1956","9.375","9.375","9.375"
"1957","9.390625","9.390625","9.390625"
"1958","9.890625","9.890625","9.890625"
"1959","22.1640625","22.1640625","22.1640625"
"1960","25.65625","25.65625","25.65625"
"1961","22.9140625","22.9140625","22.9140625"
"1962","18.5234375","18.5234375","18.5234375"
"1963","22.765625","22.765625","22.765625"
"1964","14.2265625","14.2265625","14.2265625"
"1965","13.7578125","13.7578125","13.7578125"
"1966","13.640625","13.640625","13.640625"
"1967","10.78125","10.78125","10.78125"
"1968","18.015625","18.015625","18.015625"
"1969","19.8828125","19.8828125","19.8828125"
"1970","20.78125","20.78125","20.78125"
"1971","16.1875","16.1875","16.1875"
"1972","9.328125","9.328125","9.328125"
"1973","9.4296875","9.4296875","9.4296875"
"1974","9.359375","9.359375","9.359375"
"1975","9.2421875","9.2421875","9.2421875"
"1976","9.3515625","9.3515625","9.3515625"
"1977","11.125","11.125","11.125"
"1978","20.6015625","20.6015625","20.6015625"
"1979","23.6171875","23.6171875","23.6171875"
"1980","25.5234375","25.5234375","25.5234375"
"1981","15.40625","15.40625","15.40625"
"1982","13.2109375","13.2109375","13.2109375"
"1983","14.765625","14.765625","14.765625"
"1984","16.3828125","16.3828125","16.3828125"
"1985","17.8359375","17.8359375","17.8359375"
"1986","28.2265625","28.2265625","28.2265625"
"1987","18.6328125","18.6328125","18.6328125"
"1988","14.8671875","14.8671875","14.8671875"
"1989","16.4453125","16.4453125","16.4453125"
"1990","16.8125","16.8125","16.8125"
"1991","12.0703125","12.0703125","12.0703125"
"1992","14.3203125","14.3203125","14.3203125"
"1993","24.0078125","24.0078125","24.0078125"
"1994","20.8828125","20.8828125","20.8828125"
"1995","20.2734375","20.2734375","20.2734375"
"1996","16.5078125","16.5078125","16.5078125"
"1997","19.515625","19.515625","19.515625"
"1998","17.0625","17.0625","17.0625"
"1999","10.9609375","10.9609375","10.9609375"