"Step","evosax_CMA_ES/generations_2000_strategy_CMA_ES_popsize_512_es_kws_{'sigma_init': 0.1, 'elite_ratio': 0.5} - current_best_fitness","evosax_CMA_ES/generations_2000_strategy_CMA_ES_popsize_512_es_kws_{'sigma_init': 0.1, 'elite_ratio': 0.5} - current_best_fitness__MIN","evosax_CMA_ES/generations_2000_strategy_CMA_ES_popsize_512_es_kws_{'sigma_init': 0.1, 'elite_ratio': 0.5} - current_best_fitness__MAX"
"0","-82","-82","-82"
"1","-155","-155","-155"
"2","-84","-84","-84"
"3","-138","-138","-138"
"4","-123","-123","-123"
"5","-84","-84","-84"
"6","-64","-64","-64"
"7","-114","-114","-114"
"8","-136","-136","-136"
"9","-80","-80","-80"
"10","-109","-109","-109"
"11","-99","-99","-99"
"12","-154","-154","-154"
"13","-89","-89","-89"
"14","-88","-88","-88"
"15","-82","-82","-82"
"16","-93","-93","-93"
"17","-73","-73","-73"
"18","-91","-91","-91"
"19","-74","-74","-74"
"20","-114","-114","-114"
"21","-86","-86","-86"
"22","-94","-94","-94"
"23","-74","-74","-74"
"24","-72","-72","-72"
"25","-114","-114","-114"
"26","-162","-162","-162"
"27","-81","-81","-81"
"28","-81","-81","-81"
"29","-63","-63","-63"
"30","-64","-64","-64"
"31","-84","-84","-84"
"32","-71","-71","-71"
"33","-90","-90","-90"
"34","-82","-82","-82"
"35","-70","-70","-70"
"36","-79","-79","-79"
"37","-69","-69","-69"
"38","-92","-92","-92"
"39","-64","-64","-64"
"40","-74","-74","-74"
"41","-91","-91","-91"
"42","-66","-66","-66"
"43","-68","-68","-68"
"44","-72","-72","-72"
"45","-76","-76","-76"
"46","-74","-74","-74"
"47","-64","-64","-64"
"48","-65","-65","-65"
"49","-63","-63","-63"
"50","-64","-64","-64"
"51","-75","-75","-75"
"52","-80","-80","-80"
"53","-74","-74","-74"
"54","-64","-64","-64"
"55","-65","-65","-65"
"56","-65","-65","-65"
"57","-64","-64","-64"
"58","-63","-63","-63"
"59","-64","-64","-64"
"60","-71","-71","-71"
"61","-63","-63","-63"
"62","-64","-64","-64"
"63","-64","-64","-64"
"64","-64","-64","-64"
"65","-64","-64","-64"
"66","-63","-63","-63"
"67","-64","-64","-64"
"68","-64","-64","-64"
"69","-64","-64","-64"
"70","-65","-65","-65"
"71","-63","-63","-63"
"72","-64","-64","-64"
"73","-65","-65","-65"
"74","-63","-63","-63"
"75","-64","-64","-64"
"76","-63","-63","-63"
"77","-62","-62","-62"
"78","-62","-62","-62"
"79","-62","-62","-62"
"80","-64","-64","-64"
"81","-63","-63","-63"
"82","-62","-62","-62"
"83","-64","-64","-64"
"84","-63","-63","-63"
"85","-64","-64","-64"
"86","-64","-64","-64"
"87","-64","-64","-64"
"88","-64","-64","-64"
"89","-64","-64","-64"
"90","-64","-64","-64"
"91","-64","-64","-64"
"92","-64","-64","-64"
"93","-64","-64","-64"
"94","-64","-64","-64"
"95","-64","-64","-64"
"96","-63","-63","-63"
"97","-64","-64","-64"
"98","-63","-63","-63"
"99","-63","-63","-63"
"100","-64","-64","-64"
"101","-63","-63","-63"
"102","-63","-63","-63"
"103","-64","-64","-64"
"104","-64","-64","-64"
"105","-64","-64","-64"
"106","-64","-64","-64"
"107","-63","-63","-63"
"108","-64","-64","-64"
"109","-64","-64","-64"
"110","-63","-63","-63"
"111","-60","-60","-60"
"112","-63","-63","-63"
"113","-63","-63","-63"
"114","-63","-63","-63"
"115","-64","-64","-64"
"116","-64","-64","-64"
"117","-58","-58","-58"
"118","-64","-64","-64"
"119","-63","-63","-63"
"120","-64","-64","-64"
"121","-64","-64","-64"
"122","-64","-64","-64"
"123","-62","-62","-62"
"124","-64","-64","-64"
"125","-65","-65","-65"
"126","-64","-64","-64"
"127","-64","-64","-64"
"128","-64","-64","-64"
"129","-64","-64","-64"
"130","-64","-64","-64"
"131","-64","-64","-64"
"132","-63","-63","-63"
"133","-63","-63","-63"
"134","-64","-64","-64"
"135","-63","-63","-63"
"136","-64","-64","-64"
"137","-64","-64","-64"
"138","-63","-63","-63"
"139","-63","-63","-63"
"140","-64","-64","-64"
"141","-65","-65","-65"
"142","-64","-64","-64"
"143","-64","-64","-64"
"144","-64","-64","-64"
"145","-64","-64","-64"
"146","-64","-64","-64"
"147","-63","-63","-63"
"148","-64","-64","-64"
"149","-64","-64","-64"
"150","-64","-64","-64"
"151","-65","-65","-65"
"152","-64","-64","-64"
"153","-65","-65","-65"
"154","-63","-63","-63"
"155","-63","-63","-63"
"156","-64","-64","-64"
"157","-64","-64","-64"
"158","-64","-64","-64"
"159","-64","-64","-64"
"160","-65","-65","-65"
"161","-63","-63","-63"
"162","-64","-64","-64"
"163","-64","-64","-64"
"164","-64","-64","-64"
"165","-63","-63","-63"
"166","-64","-64","-64"
"167","-64","-64","-64"
"168","-64","-64","-64"
"169","-63","-63","-63"
"170","-65","-65","-65"
"171","-64","-64","-64"
"172","-64","-64","-64"
"173","-65","-65","-65"
"174","-65","-65","-65"
"175","-64","-64","-64"
"176","-64","-64","-64"
"177","-65","-65","-65"
"178","-64","-64","-64"
"179","-63","-63","-63"
"180","-64","-64","-64"
"181","-64","-64","-64"
"182","-63","-63","-63"
"183","-64","-64","-64"
"184","-64","-64","-64"
"185","-64","-64","-64"
"186","-64","-64","-64"
"187","-63","-63","-63"
"188","-65","-65","-65"
"189","-64","-64","-64"
"190","-64","-64","-64"
"191","-64","-64","-64"
"192","-64","-64","-64"
"193","-64","-64","-64"
"194","-64","-64","-64"
"195","-64","-64","-64"
"196","-63","-63","-63"
"197","-64","-64","-64"
"198","-64","-64","-64"
"199","-64","-64","-64"
"200","-64","-64","-64"
"201","-64","-64","-64"
"202","-64","-64","-64"
"203","-63","-63","-63"
"204","-63","-63","-63"
"205","-64","-64","-64"
"206","-64","-64","-64"
"207","-64","-64","-64"
"208","-64","-64","-64"
"209","-63","-63","-63"
"210","-65","-65","-65"
"211","-63","-63","-63"
"212","-64","-64","-64"
"213","-63","-63","-63"
"214","-63","-63","-63"
"215","-64","-64","-64"
"216","-64","-64","-64"
"217","-64","-64","-64"
"218","-63","-63","-63"
"219","-63","-63","-63"
"220","-63","-63","-63"
"221","-64","-64","-64"
"222","-63","-63","-63"
"223","-64","-64","-64"
"224","-63","-63","-63"
"225","-64","-64","-64"
"226","-63","-63","-63"
"227","-64","-64","-64"
"228","-64","-64","-64"
"229","-64","-64","-64"
"230","-63","-63","-63"
"231","-63","-63","-63"
"232","-64","-64","-64"
"233","-64","-64","-64"
"234","-63","-63","-63"
"235","-64","-64","-64"
"236","-63","-63","-63"
"237","-64","-64","-64"
"238","-63","-63","-63"
"239","-64","-64","-64"
"240","-64","-64","-64"
"241","-63","-63","-63"
"242","-65","-65","-65"
"243","-64","-64","-64"
"244","-63","-63","-63"
"245","-64","-64","-64"
"246","-64","-64","-64"
"247","-63","-63","-63"
"248","-64","-64","-64"
"249","-64","-64","-64"
"250","-63","-63","-63"
"251","-64","-64","-64"
"252","-64","-64","-64"
"253","-64","-64","-64"
"254","-63","-63","-63"
"255","-64","-64","-64"
"256","-63","-63","-63"
"257","-65","-65","-65"
"258","-64","-64","-64"
"259","-64","-64","-64"
"260","-64","-64","-64"
"261","-64","-64","-64"
"262","-63","-63","-63"
"263","-64","-64","-64"
"264","-63","-63","-63"
"265","-64","-64","-64"
"266","-64","-64","-64"
"267","-64","-64","-64"
"268","-63","-63","-63"
"269","-64","-64","-64"
"270","-64","-64","-64"
"271","-63","-63","-63"
"272","-64","-64","-64"
"273","-63","-63","-63"
"274","-64","-64","-64"
"275","-64","-64","-64"
"276","-63","-63","-63"
"277","-64","-64","-64"
"278","-64","-64","-64"
"279","-64","-64","-64"
"280","-64","-64","-64"
"281","-64","-64","-64"
"282","-64","-64","-64"
"283","-63","-63","-63"
"284","-64","-64","-64"
"285","-63","-63","-63"
"286","-62","-62","-62"
"287","-64","-64","-64"
"288","-64","-64","-64"
"289","-64","-64","-64"
"290","-64","-64","-64"
"291","-64","-64","-64"
"292","-63","-63","-63"
"293","-64","-64","-64"
"294","-63","-63","-63"
"295","-64","-64","-64"
"296","-64","-64","-64"
"297","-63","-63","-63"
"298","-64","-64","-64"
"299","-65","-65","-65"
"300","-64","-64","-64"
"301","-64","-64","-64"
"302","-63","-63","-63"
"303","-64","-64","-64"
"304","-64","-64","-64"
"305","-63","-63","-63"
"306","-64","-64","-64"
"307","-64","-64","-64"
"308","-64","-64","-64"
"309","-64","-64","-64"
"310","-65","-65","-65"
"311","-64","-64","-64"
"312","-64","-64","-64"
"313","-64","-64","-64"
"314","-64","-64","-64"
"315","-64","-64","-64"
"316","-64","-64","-64"
"317","-64","-64","-64"
"318","-64","-64","-64"
"319","-64","-64","-64"
"320","-63","-63","-63"
"321","-64","-64","-64"
"322","-64","-64","-64"
"323","-64","-64","-64"
"324","-64","-64","-64"
"325","-63","-63","-63"
"326","-64","-64","-64"
"327","-64","-64","-64"
"328","-63","-63","-63"
"329","-64","-64","-64"
"330","-63","-63","-63"
"331","-64","-64","-64"
"332","-64","-64","-64"
"333","-63","-63","-63"
"334","-64","-64","-64"
"335","-63","-63","-63"
"336","-63","-63","-63"
"337","-64","-64","-64"
"338","-64","-64","-64"
"339","-63","-63","-63"
"340","-64","-64","-64"
"341","-63","-63","-63"
"342","-64","-64","-64"
"343","-64","-64","-64"
"344","-71","-71","-71"
"345","-64","-64","-64"
"346","-64","-64","-64"
"347","-63","-63","-63"
"348","-64","-64","-64"
"349","-64","-64","-64"
"350","-63","-63","-63"
"351","-63","-63","-63"
"352","-63","-63","-63"
"353","-64","-64","-64"
"354","-64","-64","-64"
"355","-64","-64","-64"
"356","-64","-64","-64"
"357","-64","-64","-64"
"358","-64","-64","-64"
"359","-64","-64","-64"
"360","-63","-63","-63"
"361","-64","-64","-64"
"362","-64","-64","-64"
"363","-64","-64","-64"
"364","-64","-64","-64"
"365","-63","-63","-63"
"366","-64","-64","-64"
"367","-63","-63","-63"
"368","-64","-64","-64"
"369","-64","-64","-64"
"370","-64","-64","-64"
"371","-64","-64","-64"
"372","-63","-63","-63"
"373","-63","-63","-63"
"374","-64","-64","-64"
"375","-63","-63","-63"
"376","-63","-63","-63"
"377","-64","-64","-64"
"378","-63","-63","-63"
"379","-64","-64","-64"
"380","-64","-64","-64"
"381","-64","-64","-64"
"382","-64","-64","-64"
"383","-64","-64","-64"
"384","-64","-64","-64"
"385","-64","-64","-64"
"386","-64","-64","-64"
"387","-63","-63","-63"
"388","-63","-63","-63"
"389","-65","-65","-65"
"390","-64","-64","-64"
"391","-64","-64","-64"
"392","-65","-65","-65"
"393","-63","-63","-63"
"394","-63","-63","-63"
"395","-62","-62","-62"
"396","-64","-64","-64"
"397","-63","-63","-63"
"398","-64","-64","-64"
"399","-57","-57","-57"
"400","-63","-63","-63"
"401","-63","-63","-63"
"402","-64","-64","-64"
"403","-64","-64","-64"
"404","-64","-64","-64"
"405","-64","-64","-64"
"406","-63","-63","-63"
"407","-63","-63","-63"
"408","-64","-64","-64"
"409","-64","-64","-64"
"410","-63","-63","-63"
"411","-63","-63","-63"
"412","-63","-63","-63"
"413","-63","-63","-63"
"414","-63","-63","-63"
"415","-64","-64","-64"
"416","-64","-64","-64"
"417","-64","-64","-64"
"418","-64","-64","-64"
"419","-64","-64","-64"
"420","-64","-64","-64"
"421","-64","-64","-64"
"422","-64","-64","-64"
"423","-64","-64","-64"
"424","-63","-63","-63"
"425","-63","-63","-63"
"426","-63","-63","-63"
"427","-64","-64","-64"
"428","-64","-64","-64"
"429","-63","-63","-63"
"430","-64","-64","-64"
"431","-64","-64","-64"
"432","-64","-64","-64"
"433","-64","-64","-64"
"434","-63","-63","-63"
"435","-64","-64","-64"
"436","-63","-63","-63"
"437","-64","-64","-64"
"438","-64","-64","-64"
"439","-64","-64","-64"
"440","-64","-64","-64"
"441","-65","-65","-65"
"442","-65","-65","-65"
"443","-64","-64","-64"
"444","-64","-64","-64"
"445","-63","-63","-63"
"446","-64","-64","-64"
"447","-65","-65","-65"
"448","-64","-64","-64"
"449","-64","-64","-64"
"450","-64","-64","-64"
"451","-64","-64","-64"
"452","-64","-64","-64"
"453","-64","-64","-64"
"454","-64","-64","-64"
"455","-65","-65","-65"
"456","-63","-63","-63"
"457","-63","-63","-63"
"458","-64","-64","-64"
"459","-64","-64","-64"
"460","-64","-64","-64"
"461","-64","-64","-64"
"462","-65","-65","-65"
"463","-64","-64","-64"
"464","-64","-64","-64"
"465","-64","-64","-64"
"466","-64","-64","-64"
"467","-64","-64","-64"
"468","-64","-64","-64"
"469","-63","-63","-63"
"470","-64","-64","-64"
"471","-64","-64","-64"
"472","-64","-64","-64"
"473","-64","-64","-64"
"474","-63","-63","-63"
"475","-64","-64","-64"
"476","-64","-64","-64"
"477","-64","-64","-64"
"478","-63","-63","-63"
"479","-65","-65","-65"
"480","-64","-64","-64"
"481","-65","-65","-65"
"482","-64","-64","-64"
"483","-63","-63","-63"
"484","-63","-63","-63"
"485","-64","-64","-64"
"486","-64","-64","-64"
"487","-64","-64","-64"
"488","-65","-65","-65"
"489","-64","-64","-64"
"490","-64","-64","-64"
"491","-64","-64","-64"
"492","-64","-64","-64"
"493","-63","-63","-63"
"494","-64","-64","-64"
"495","-64","-64","-64"
"496","-64","-64","-64"
"497","-64","-64","-64"
"498","-64","-64","-64"
"499","-64","-64","-64"
"500","-63","-63","-63"
"501","-64","-64","-64"
"502","-64","-64","-64"
"503","-65","-65","-65"
"504","-64","-64","-64"
"505","-63","-63","-63"
"506","-65","-65","-65"
"507","-64","-64","-64"
"508","-64","-64","-64"
"509","-62","-62","-62"
"510","-64","-64","-64"
"511","-64","-64","-64"
"512","-64","-64","-64"
"513","-65","-65","-65"
"514","-64","-64","-64"
"515","-64","-64","-64"
"516","-65","-65","-65"
"517","-63","-63","-63"
"518","-64","-64","-64"
"519","-64","-64","-64"
"520","-64","-64","-64"
"521","-65","-65","-65"
"522","-64","-64","-64"
"523","-64","-64","-64"
"524","-64","-64","-64"
"525","-63","-63","-63"
"526","-64","-64","-64"
"527","-63","-63","-63"
"528","-63","-63","-63"
"529","-64","-64","-64"
"530","-63","-63","-63"
"531","-63","-63","-63"
"532","-63","-63","-63"
"533","-63","-63","-63"
"534","-64","-64","-64"
"535","-64","-64","-64"
"536","-64","-64","-64"
"537","-63","-63","-63"
"538","-64","-64","-64"
"539","-64","-64","-64"
"540","-64","-64","-64"
"541","-64","-64","-64"
"542","-65","-65","-65"
"543","-65","-65","-65"
"544","-64","-64","-64"
"545","-64","-64","-64"
"546","-63","-63","-63"
"547","-64","-64","-64"
"548","-64","-64","-64"
"549","-65","-65","-65"
"550","-64","-64","-64"
"551","-64","-64","-64"
"552","-64","-64","-64"
"553","-64","-64","-64"
"554","-63","-63","-63"
"555","-64","-64","-64"
"556","-62","-62","-62"
"557","-66","-66","-66"
"558","-64","-64","-64"
"559","-64","-64","-64"
"560","-64","-64","-64"
"561","-64","-64","-64"
"562","-64","-64","-64"
"563","-64","-64","-64"
"564","-64","-64","-64"
"565","-64","-64","-64"
"566","-63","-63","-63"
"567","-63","-63","-63"
"568","-63","-63","-63"
"569","-63","-63","-63"
"570","-64","-64","-64"
"571","-64","-64","-64"
"572","-63","-63","-63"
"573","-64","-64","-64"
"574","-63","-63","-63"
"575","-64","-64","-64"
"576","-63","-63","-63"
"577","-63","-63","-63"
"578","-64","-64","-64"
"579","-64","-64","-64"
"580","-63","-63","-63"
"581","-63","-63","-63"
"582","-64","-64","-64"
"583","-65","-65","-65"
"584","-64","-64","-64"
"585","-64","-64","-64"
"586","-65","-65","-65"
"587","-64","-64","-64"
"588","-65","-65","-65"
"589","-64","-64","-64"
"590","-64","-64","-64"
"591","-63","-63","-63"
"592","-64","-64","-64"
"593","-63","-63","-63"
"594","-65","-65","-65"
"595","-63","-63","-63"
"596","-63","-63","-63"
"597","-64","-64","-64"
"598","-63","-63","-63"
"599","-65","-65","-65"
"600","-64","-64","-64"
"601","-63","-63","-63"
"602","-64","-64","-64"
"603","-64","-64","-64"
"604","-63","-63","-63"
"605","-63","-63","-63"
"606","-63","-63","-63"
"607","-64","-64","-64"
"608","-63","-63","-63"
"609","-64","-64","-64"
"610","-63","-63","-63"
"611","-64","-64","-64"
"612","-63","-63","-63"
"613","-63","-63","-63"
"614","-63","-63","-63"
"615","-64","-64","-64"
"616","-64","-64","-64"
"617","-63","-63","-63"
"618","-64","-64","-64"
"619","-63","-63","-63"
"620","-64","-64","-64"
"621","-63","-63","-63"
"622","-63","-63","-63"
"623","-64","-64","-64"
"624","-62","-62","-62"
"625","-63","-63","-63"
"626","-63","-63","-63"
"627","-63","-63","-63"
"628","-64","-64","-64"
"629","-63","-63","-63"
"630","-64","-64","-64"
"631","-64","-64","-64"
"632","-64","-64","-64"
"633","-63","-63","-63"
"634","-63","-63","-63"
"635","-64","-64","-64"
"636","-64","-64","-64"
"637","-64","-64","-64"
"638","-63","-63","-63"
"639","-63","-63","-63"
"640","-63","-63","-63"
"641","-65","-65","-65"
"642","-64","-64","-64"
"643","-63","-63","-63"
"644","-64","-64","-64"
"645","-63","-63","-63"
"646","-64","-64","-64"
"647","-64","-64","-64"
"648","-63","-63","-63"
"649","-64","-64","-64"
"650","-64","-64","-64"
"651","-64","-64","-64"
"652","-63","-63","-63"
"653","-64","-64","-64"
"654","-63","-63","-63"
"655","-64","-64","-64"
"656","-64","-64","-64"
"657","-64","-64","-64"
"658","-63","-63","-63"
"659","-64","-64","-64"
"660","-65","-65","-65"
"661","-64","-64","-64"
"662","-64","-64","-64"
"663","-64","-64","-64"
"664","-64","-64","-64"
"665","-64","-64","-64"
"666","-64","-64","-64"
"667","-63","-63","-63"
"668","-63","-63","-63"
"669","-62","-62","-62"
"670","-63","-63","-63"
"671","-64","-64","-64"
"672","-64","-64","-64"
"673","-63","-63","-63"
"674","-63","-63","-63"
"675","-63","-63","-63"
"676","-64","-64","-64"
"677","-63","-63","-63"
"678","-64","-64","-64"
"679","-63","-63","-63"
"680","-64","-64","-64"
"681","-64","-64","-64"
"682","-64","-64","-64"
"683","-64","-64","-64"
"684","-63","-63","-63"
"685","-64","-64","-64"
"686","-64","-64","-64"
"687","-63","-63","-63"
"688","-63","-63","-63"
"689","-63","-63","-63"
"690","-63","-63","-63"
"691","-63","-63","-63"
"692","-63","-63","-63"
"693","-63","-63","-63"
"694","-63","-63","-63"
"695","-63","-63","-63"
"696","-64","-64","-64"
"697","-63","-63","-63"
"698","-63","-63","-63"
"699","-64","-64","-64"
"700","-64","-64","-64"
"701","-64","-64","-64"
"702","-63","-63","-63"
"703","-62","-62","-62"
"704","-64","-64","-64"
"705","-63","-63","-63"
"706","-63","-63","-63"
"707","-63","-63","-63"
"708","-63","-63","-63"
"709","-63","-63","-63"
"710","-63","-63","-63"
"711","-64","-64","-64"
"712","-63","-63","-63"
"713","-63","-63","-63"
"714","-63","-63","-63"
"715","-63","-63","-63"
"716","-62","-62","-62"
"717","-62","-62","-62"
"718","-63","-63","-63"
"719","-63","-63","-63"
"720","-63","-63","-63"
"721","-64","-64","-64"
"722","-62","-62","-62"
"723","-64","-64","-64"
"724","-63","-63","-63"
"725","-63","-63","-63"
"726","-63","-63","-63"
"727","-63","-63","-63"
"728","-63","-63","-63"
"729","-63","-63","-63"
"730","-64","-64","-64"
"731","-62","-62","-62"
"732","-62","-62","-62"
"733","-63","-63","-63"
"734","-63","-63","-63"
"735","-63","-63","-63"
"736","-63","-63","-63"
"737","-63","-63","-63"
"738","-63","-63","-63"
"739","-63","-63","-63"
"740","-63","-63","-63"
"741","-63","-63","-63"
"742","-63","-63","-63"
"743","-63","-63","-63"
"744","-63","-63","-63"
"745","-63","-63","-63"
"746","-63","-63","-63"
"747","-64","-64","-64"
"748","-63","-63","-63"
"749","-63","-63","-63"
"750","-62","-62","-62"
"751","-64","-64","-64"
"752","-62","-62","-62"
"753","-63","-63","-63"
"754","-63","-63","-63"
"755","-62","-62","-62"
"756","-62","-62","-62"
"757","-63","-63","-63"
"758","-62","-62","-62"
"759","-62","-62","-62"
"760","-64","-64","-64"
"761","-64","-64","-64"
"762","-63","-63","-63"
"763","-62","-62","-62"
"764","-63","-63","-63"
"765","-62","-62","-62"
"766","-62","-62","-62"
"767","-63","-63","-63"
"768","-63","-63","-63"
"769","-63","-63","-63"
"770","-63","-63","-63"
"771","-63","-63","-63"
"772","-63","-63","-63"
"773","-62","-62","-62"
"774","-63","-63","-63"
"775","-62","-62","-62"
"776","-64","-64","-64"
"777","-63","-63","-63"
"778","-63","-63","-63"
"779","-62","-62","-62"
"780","-62","-62","-62"
"781","-62","-62","-62"
"782","-64","-64","-64"
"783","-62","-62","-62"
"784","-63","-63","-63"
"785","-64","-64","-64"
"786","-62","-62","-62"
"787","-62","-62","-62"
"788","-62","-62","-62"
"789","-63","-63","-63"
"790","-63","-63","-63"
"791","-62","-62","-62"
"792","-62","-62","-62"
"793","-62","-62","-62"
"794","-63","-63","-63"
"795","-62","-62","-62"
"796","-62","-62","-62"
"797","-63","-63","-63"
"798","-62","-62","-62"
"799","-64","-64","-64"
"800","-63","-63","-63"
"801","-62","-62","-62"
"802","-64","-64","-64"
"803","-63","-63","-63"
"804","-61","-61","-61"
"805","-62","-62","-62"
"806","-62","-62","-62"
"807","-63","-63","-63"
"808","-61","-61","-61"
"809","-61","-61","-61"
"810","-63","-63","-63"
"811","-63","-63","-63"
"812","-61","-61","-61"
"813","-62","-62","-62"
"814","-63","-63","-63"
"815","-62","-62","-62"
"816","-64","-64","-64"
"817","-62","-62","-62"
"818","-61","-61","-61"
"819","-62","-62","-62"
"820","-63","-63","-63"
"821","-63","-63","-63"
"822","-61","-61","-61"
"823","-61","-61","-61"
"824","-61","-61","-61"
"825","-62","-62","-62"
"826","-61","-61","-61"
"827","-62","-62","-62"
"828","-62","-62","-62"
"829","-63","-63","-63"
"830","-62","-62","-62"
"831","-61","-61","-61"
"832","-63","-63","-63"
"833","-63","-63","-63"
"834","-63","-63","-63"
"835","-62","-62","-62"
"836","-61","-61","-61"
"837","-64","-64","-64"
"838","-61","-61","-61"
"839","-61","-61","-61"
"840","-63","-63","-63"
"841","-63","-63","-63"
"842","-63","-63","-63"
"843","-62","-62","-62"
"844","-62","-62","-62"
"845","-62","-62","-62"
"846","-62","-62","-62"
"847","-63","-63","-63"
"848","-62","-62","-62"
"849","-62","-62","-62"
"850","-63","-63","-63"
"851","-62","-62","-62"
"852","-63","-63","-63"
"853","-62","-62","-62"
"854","-61","-61","-61"
"855","-62","-62","-62"
"856","-62","-62","-62"
"857","-62","-62","-62"
"858","-62","-62","-62"
"859","-62","-62","-62"
"860","-62","-62","-62"
"861","-61","-61","-61"
"862","-61","-61","-61"
"863","-62","-62","-62"
"864","-61","-61","-61"
"865","-62","-62","-62"
"866","-63","-63","-63"
"867","-64","-64","-64"
"868","-63","-63","-63"
"869","-61","-61","-61"
"870","-61","-61","-61"
"871","-62","-62","-62"
"872","-60","-60","-60"
"873","-57","-57","-57"
"874","-61","-61","-61"
"875","-62","-62","-62"
"876","-61","-61","-61"
"877","-61","-61","-61"
"878","-62","-62","-62"
"879","-61","-61","-61"
"880","-61","-61","-61"
"881","-61","-61","-61"
"882","-61","-61","-61"
"883","-62","-62","-62"
"884","-61","-61","-61"
"885","-61","-61","-61"
"886","-62","-62","-62"
"887","-61","-61","-61"
"888","-60","-60","-60"
"889","-61","-61","-61"
"890","-62","-62","-62"
"891","-62","-62","-62"
"892","-63","-63","-63"
"893","-63","-63","-63"
"894","-62","-62","-62"
"895","-62","-62","-62"
"896","-61","-61","-61"
"897","-62","-62","-62"
"898","-62","-62","-62"
"899","-60","-60","-60"
"900","-62","-62","-62"
"901","-61","-61","-61"
"902","-63","-63","-63"
"903","-61","-61","-61"
"904","-62","-62","-62"
"905","-62","-62","-62"
"906","-61","-61","-61"
"907","-60","-60","-60"
"908","-60","-60","-60"
"909","-62","-62","-62"
"910","-61","-61","-61"
"911","-62","-62","-62"
"912","-61","-61","-61"
"913","-62","-62","-62"
"914","-62","-62","-62"
"915","-62","-62","-62"
"916","-61","-61","-61"
"917","-61","-61","-61"
"918","-62","-62","-62"
"919","-62","-62","-62"
"920","-62","-62","-62"
"921","-63","-63","-63"
"922","-61","-61","-61"
"923","-61","-61","-61"
"924","-61","-61","-61"
"925","-64","-64","-64"
"926","-63","-63","-63"
"927","-61","-61","-61"
"928","-65","-65","-65"
"929","-61","-61","-61"
"930","-65","-65","-65"
"931","-62","-62","-62"
"932","-61","-61","-61"
"933","-61","-61","-61"
"934","-62","-62","-62"
"935","-61","-61","-61"
"936","-61","-61","-61"
"937","-61","-61","-61"
"938","-62","-62","-62"
"939","-62","-62","-62"
"940","-62","-62","-62"
"941","-61","-61","-61"
"942","-62","-62","-62"
"943","-62","-62","-62"
"944","-61","-61","-61"
"945","-62","-62","-62"
"946","-61","-61","-61"
"947","-61","-61","-61"
"948","-62","-62","-62"
"949","-62","-62","-62"
"950","-63","-63","-63"
"951","-61","-61","-61"
"952","-64","-64","-64"
"953","-61","-61","-61"
"954","-62","-62","-62"
"955","-62","-62","-62"
"956","-62","-62","-62"
"957","-60","-60","-60"
"958","-61","-61","-61"
"959","-61","-61","-61"
"960","-60","-60","-60"
"961","-61","-61","-61"
"962","-61","-61","-61"
"963","-63","-63","-63"
"964","-63","-63","-63"
"965","-61","-61","-61"
"966","-62","-62","-62"
"967","-62","-62","-62"
"968","-61","-61","-61"
"969","-62","-62","-62"
"970","-61","-61","-61"
"971","-63","-63","-63"
"972","-61","-61","-61"
"973","-61","-61","-61"
"974","-63","-63","-63"
"975","-61","-61","-61"
"976","-62","-62","-62"
"977","-61","-61","-61"
"978","-61","-61","-61"
"979","-61","-61","-61"
"980","-62","-62","-62"
"981","-61","-61","-61"
"982","-62","-62","-62"
"983","-63","-63","-63"
"984","-60","-60","-60"
"985","-62","-62","-62"
"986","-60","-60","-60"
"987","-62","-62","-62"
"988","-61","-61","-61"
"989","-60","-60","-60"
"990","-62","-62","-62"
"991","-62","-62","-62"
"992","-62","-62","-62"
"993","-62","-62","-62"
"994","-61","-61","-61"
"995","-61","-61","-61"
"996","-62","-62","-62"
"997","-62","-62","-62"
"998","-62","-62","-62"
"999","-61","-61","-61"
"1000","-135","-135","-135"
"1001","-200","-200","-200"
"1002","-80","-80","-80"
"1003","-200","-200","-200"
"1004","-73","-73","-73"
"1005","-200","-200","-200"
"1006","-92","-92","-92"
"1007","-200","-200","-200"
"1008","-73","-73","-73"
"1009","-79","-79","-79"
"1010","-83","-83","-83"
"1011","-72","-72","-72"
"1012","-106","-106","-106"
"1013","-85","-85","-85"
"1014","-73","-73","-73"
"1015","-64","-64","-64"
"1016","-65","-65","-65"
"1017","-73","-73","-73"
"1018","-64","-64","-64"
"1019","-67","-67","-67"
"1020","-64","-64","-64"
"1021","-62","-62","-62"
"1022","-64","-64","-64"
"1023","-65","-65","-65"
"1024","-62","-62","-62"
"1025","-63","-63","-63"
"1026","-64","-64","-64"
"1027","-63","-63","-63"
"1028","-63","-63","-63"
"1029","-63","-63","-63"
"1030","-63","-63","-63"
"1031","-63","-63","-63"
"1032","-63","-63","-63"
"1033","-62","-62","-62"
"1034","-64","-64","-64"
"1035","-63","-63","-63"
"1036","-63","-63","-63"
"1037","-62","-62","-62"
"1038","-63","-63","-63"
"1039","-61","-61","-61"
"1040","-64","-64","-64"
"1041","-63","-63","-63"
"1042","-63","-63","-63"
"1043","-63","-63","-63"
"1044","-63","-63","-63"
"1045","-64","-64","-64"
"1046","-63","-63","-63"
"1047","-63","-63","-63"
"1048","-64","-64","-64"
"1049","-63","-63","-63"
"1050","-65","-65","-65"
"1051","-64","-64","-64"
"1052","-64","-64","-64"
"1053","-65","-65","-65"
"1054","-63","-63","-63"
"1055","-64","-64","-64"
"1056","-63","-63","-63"
"1057","-63","-63","-63"
"1058","-64","-64","-64"
"1059","-63","-63","-63"
"1060","-64","-64","-64"
"1061","-63","-63","-63"
"1062","-64","-64","-64"
"1063","-64","-64","-64"
"1064","-65","-65","-65"
"1065","-63","-63","-63"
"1066","-65","-65","-65"
"1067","-64","-64","-64"
"1068","-65","-65","-65"
"1069","-64","-64","-64"
"1070","-64","-64","-64"
"1071","-63","-63","-63"
"1072","-63","-63","-63"
"1073","-64","-64","-64"
"1074","-64","-64","-64"
"1075","-64","-64","-64"
"1076","-64","-64","-64"
"1077","-64","-64","-64"
"1078","-63","-63","-63"
"1079","-64","-64","-64"
"1080","-64","-64","-64"
"1081","-64","-64","-64"
"1082","-64","-64","-64"
"1083","-64","-64","-64"
"1084","-64","-64","-64"
"1085","-65","-65","-65"
"1086","-63","-63","-63"
"1087","-63","-63","-63"
"1088","-64","-64","-64"
"1089","-64","-64","-64"
"1090","-63","-63","-63"
"1091","-65","-65","-65"
"1092","-64","-64","-64"
"1093","-64","-64","-64"
"1094","-64","-64","-64"
"1095","-64","-64","-64"
"1096","-64","-64","-64"
"1097","-63","-63","-63"
"1098","-63","-63","-63"
"1099","-63","-63","-63"
"1100","-64","-64","-64"
"1101","-62","-62","-62"
"1102","-63","-63","-63"
"1103","-64","-64","-64"
"1104","-63","-63","-63"
"1105","-64","-64","-64"
"1106","-63","-63","-63"
"1107","-64","-64","-64"
"1108","-63","-63","-63"
"1109","-63","-63","-63"
"1110","-64","-64","-64"
"1111","-64","-64","-64"
"1112","-64","-64","-64"
"1113","-64","-64","-64"
"1114","-63","-63","-63"
"1115","-64","-64","-64"
"1116","-63","-63","-63"
"1117","-64","-64","-64"
"1118","-64","-64","-64"
"1119","-63","-63","-63"
"1120","-64","-64","-64"
"1121","-64","-64","-64"
"1122","-65","-65","-65"
"1123","-64","-64","-64"
"1124","-63","-63","-63"
"1125","-63","-63","-63"
"1126","-64","-64","-64"
"1127","-64","-64","-64"
"1128","-64","-64","-64"
"1129","-64","-64","-64"
"1130","-64","-64","-64"
"1131","-63","-63","-63"
"1132","-64","-64","-64"
"1133","-63","-63","-63"
"1134","-64","-64","-64"
"1135","-64","-64","-64"
"1136","-64","-64","-64"
"1137","-63","-63","-63"
"1138","-64","-64","-64"
"1139","-63","-63","-63"
"1140","-63","-63","-63"
"1141","-64","-64","-64"
"1142","-64","-64","-64"
"1143","-64","-64","-64"
"1144","-64","-64","-64"
"1145","-64","-64","-64"
"1146","-64","-64","-64"
"1147","-64","-64","-64"
"1148","-63","-63","-63"
"1149","-63","-63","-63"
"1150","-64","-64","-64"
"1151","-64","-64","-64"
"1152","-64","-64","-64"
"1153","-64","-64","-64"
"1154","-64","-64","-64"
"1155","-65","-65","-65"
"1156","-64","-64","-64"
"1157","-63","-63","-63"
"1158","-64","-64","-64"
"1159","-64","-64","-64"
"1160","-63","-63","-63"
"1161","-63","-63","-63"
"1162","-64","-64","-64"
"1163","-64","-64","-64"
"1164","-64","-64","-64"
"1165","-65","-65","-65"
"1166","-64","-64","-64"
"1167","-63","-63","-63"
"1168","-63","-63","-63"
"1169","-63","-63","-63"
"1170","-63","-63","-63"
"1171","-63","-63","-63"
"1172","-64","-64","-64"
"1173","-63","-63","-63"
"1174","-64","-64","-64"
"1175","-63","-63","-63"
"1176","-64","-64","-64"
"1177","-63","-63","-63"
"1178","-63","-63","-63"
"1179","-63","-63","-63"
"1180","-64","-64","-64"
"1181","-64","-64","-64"
"1182","-64","-64","-64"
"1183","-64","-64","-64"
"1184","-63","-63","-63"
"1185","-65","-65","-65"
"1186","-63","-63","-63"
"1187","-63","-63","-63"
"1188","-64","-64","-64"
"1189","-64","-64","-64"
"1190","-64","-64","-64"
"1191","-64","-64","-64"
"1192","-64","-64","-64"
"1193","-65","-65","-65"
"1194","-67","-67","-67"
"1195","-65","-65","-65"
"1196","-64","-64","-64"
"1197","-64","-64","-64"
"1198","-63","-63","-63"
"1199","-64","-64","-64"
"1200","-65","-65","-65"
"1201","-63","-63","-63"
"1202","-63","-63","-63"
"1203","-64","-64","-64"
"1204","-64","-64","-64"
"1205","-64","-64","-64"
"1206","-63","-63","-63"
"1207","-64","-64","-64"
"1208","-63","-63","-63"
"1209","-62","-62","-62"
"1210","-63","-63","-63"
"1211","-64","-64","-64"
"1212","-64","-64","-64"
"1213","-63","-63","-63"
"1214","-65","-65","-65"
"1215","-63","-63","-63"
"1216","-63","-63","-63"
"1217","-64","-64","-64"
"1218","-63","-63","-63"
"1219","-64","-64","-64"
"1220","-63","-63","-63"
"1221","-64","-64","-64"
"1222","-64","-64","-64"
"1223","-64","-64","-64"
"1224","-64","-64","-64"
"1225","-64","-64","-64"
"1226","-63","-63","-63"
"1227","-63","-63","-63"
"1228","-63","-63","-63"
"1229","-64","-64","-64"
"1230","-64","-64","-64"
"1231","-65","-65","-65"
"1232","-63","-63","-63"
"1233","-63","-63","-63"
"1234","-64","-64","-64"
"1235","-63","-63","-63"
"1236","-64","-64","-64"
"1237","-64","-64","-64"
"1238","-64","-64","-64"
"1239","-64","-64","-64"
"1240","-63","-63","-63"
"1241","-64","-64","-64"
"1242","-63","-63","-63"
"1243","-62","-62","-62"
"1244","-63","-63","-63"
"1245","-64","-64","-64"
"1246","-65","-65","-65"
"1247","-64","-64","-64"
"1248","-64","-64","-64"
"1249","-63","-63","-63"
"1250","-64","-64","-64"
"1251","-63","-63","-63"
"1252","-64","-64","-64"
"1253","-64","-64","-64"
"1254","-64","-64","-64"
"1255","-63","-63","-63"
"1256","-63","-63","-63"
"1257","-65","-65","-65"
"1258","-63","-63","-63"
"1259","-64","-64","-64"
"1260","-64","-64","-64"
"1261","-63","-63","-63"
"1262","-64","-64","-64"
"1263","-64","-64","-64"
"1264","-63","-63","-63"
"1265","-64","-64","-64"
"1266","-64","-64","-64"
"1267","-65","-65","-65"
"1268","-63","-63","-63"
"1269","-64","-64","-64"
"1270","-64","-64","-64"
"1271","-64","-64","-64"
"1272","-63","-63","-63"
"1273","-63","-63","-63"
"1274","-63","-63","-63"
"1275","-63","-63","-63"
"1276","-64","-64","-64"
"1277","-64","-64","-64"
"1278","-64","-64","-64"
"1279","-65","-65","-65"
"1280","-63","-63","-63"
"1281","-63","-63","-63"
"1282","-63","-63","-63"
"1283","-64","-64","-64"
"1284","-64","-64","-64"
"1285","-64","-64","-64"
"1286","-65","-65","-65"
"1287","-65","-65","-65"
"1288","-63","-63","-63"
"1289","-63","-63","-63"
"1290","-64","-64","-64"
"1291","-64","-64","-64"
"1292","-64","-64","-64"
"1293","-64","-64","-64"
"1294","-64","-64","-64"
"1295","-64","-64","-64"
"1296","-63","-63","-63"
"1297","-64","-64","-64"
"1298","-64","-64","-64"
"1299","-64","-64","-64"
"1300","-64","-64","-64"
"1301","-63","-63","-63"
"1302","-64","-64","-64"
"1303","-64","-64","-64"
"1304","-64","-64","-64"
"1305","-63","-63","-63"
"1306","-63","-63","-63"
"1307","-64","-64","-64"
"1308","-64","-64","-64"
"1309","-65","-65","-65"
"1310","-64","-64","-64"
"1311","-64","-64","-64"
"1312","-63","-63","-63"
"1313","-64","-64","-64"
"1314","-63","-63","-63"
"1315","-64","-64","-64"
"1316","-63","-63","-63"
"1317","-64","-64","-64"
"1318","-64","-64","-64"
"1319","-64","-64","-64"
"1320","-64","-64","-64"
"1321","-64","-64","-64"
"1322","-64","-64","-64"
"1323","-64","-64","-64"
"1324","-64","-64","-64"
"1325","-64","-64","-64"
"1326","-64","-64","-64"
"1327","-64","-64","-64"
"1328","-64","-64","-64"
"1329","-64","-64","-64"
"1330","-64","-64","-64"
"1331","-64","-64","-64"
"1332","-64","-64","-64"
"1333","-64","-64","-64"
"1334","-64","-64","-64"
"1335","-63","-63","-63"
"1336","-63","-63","-63"
"1337","-64","-64","-64"
"1338","-64","-64","-64"
"1339","-65","-65","-65"
"1340","-63","-63","-63"
"1341","-63","-63","-63"
"1342","-63","-63","-63"
"1343","-63","-63","-63"
"1344","-65","-65","-65"
"1345","-65","-65","-65"
"1346","-64","-64","-64"
"1347","-64","-64","-64"
"1348","-64","-64","-64"
"1349","-64","-64","-64"
"1350","-63","-63","-63"
"1351","-63","-63","-63"
"1352","-63","-63","-63"
"1353","-64","-64","-64"
"1354","-64","-64","-64"
"1355","-64","-64","-64"
"1356","-64","-64","-64"
"1357","-63","-63","-63"
"1358","-64","-64","-64"
"1359","-64","-64","-64"
"1360","-64","-64","-64"
"1361","-64","-64","-64"
"1362","-63","-63","-63"
"1363","-63","-63","-63"
"1364","-63","-63","-63"
"1365","-63","-63","-63"
"1366","-64","-64","-64"
"1367","-64","-64","-64"
"1368","-64","-64","-64"
"1369","-64","-64","-64"
"1370","-64","-64","-64"
"1371","-63","-63","-63"
"1372","-64","-64","-64"
"1373","-63","-63","-63"
"1374","-64","-64","-64"
"1375","-64","-64","-64"
"1376","-64","-64","-64"
"1377","-64","-64","-64"
"1378","-64","-64","-64"
"1379","-63","-63","-63"
"1380","-64","-64","-64"
"1381","-64","-64","-64"
"1382","-63","-63","-63"
"1383","-63","-63","-63"
"1384","-63","-63","-63"
"1385","-63","-63","-63"
"1386","-63","-63","-63"
"1387","-63","-63","-63"
"1388","-63","-63","-63"
"1389","-64","-64","-64"
"1390","-64","-64","-64"
"1391","-64","-64","-64"
"1392","-64","-64","-64"
"1393","-64","-64","-64"
"1394","-65","-65","-65"
"1395","-63","-63","-63"
"1396","-64","-64","-64"
"1397","-65","-65","-65"
"1398","-64","-64","-64"
"1399","-65","-65","-65"
"1400","-81","-81","-81"
"1401","-68","-68","-68"
"1402","-64","-64","-64"
"1403","-65","-65","-65"
"1404","-64","-64","-64"
"1405","-64","-64","-64"
"1406","-64","-64","-64"
"1407","-64","-64","-64"
"1408","-64","-64","-64"
"1409","-64","-64","-64"
"1410","-64","-64","-64"
"1411","-63","-63","-63"
"1412","-64","-64","-64"
"1413","-64","-64","-64"
"1414","-63","-63","-63"
"1415","-64","-64","-64"
"1416","-64","-64","-64"
"1417","-64","-64","-64"
"1418","-63","-63","-63"
"1419","-65","-65","-65"
"1420","-63","-63","-63"
"1421","-64","-64","-64"
"1422","-64","-64","-64"
"1423","-65","-65","-65"
"1424","-64","-64","-64"
"1425","-64","-64","-64"
"1426","-63","-63","-63"
"1427","-64","-64","-64"
"1428","-64","-64","-64"
"1429","-63","-63","-63"
"1430","-63","-63","-63"
"1431","-63","-63","-63"
"1432","-64","-64","-64"
"1433","-64","-64","-64"
"1434","-64","-64","-64"
"1435","-63","-63","-63"
"1436","-64","-64","-64"
"1437","-63","-63","-63"
"1438","-65","-65","-65"
"1439","-64","-64","-64"
"1440","-64","-64","-64"
"1441","-63","-63","-63"
"1442","-63","-63","-63"
"1443","-63","-63","-63"
"1444","-64","-64","-64"
"1445","-64","-64","-64"
"1446","-64","-64","-64"
"1447","-64","-64","-64"
"1448","-63","-63","-63"
"1449","-65","-65","-65"
"1450","-64","-64","-64"
"1451","-64","-64","-64"
"1452","-64","-64","-64"
"1453","-63","-63","-63"
"1454","-64","-64","-64"
"1455","-64","-64","-64"
"1456","-64","-64","-64"
"1457","-65","-65","-65"
"1458","-64","-64","-64"
"1459","-63","-63","-63"
"1460","-64","-64","-64"
"1461","-64","-64","-64"
"1462","-64","-64","-64"
"1463","-64","-64","-64"
"1464","-64","-64","-64"
"1465","-64","-64","-64"
"1466","-64","-64","-64"
"1467","-64","-64","-64"
"1468","-65","-65","-65"
"1469","-64","-64","-64"
"1470","-63","-63","-63"
"1471","-63","-63","-63"
"1472","-64","-64","-64"
"1473","-65","-65","-65"
"1474","-63","-63","-63"
"1475","-64","-64","-64"
"1476","-64","-64","-64"
"1477","-64","-64","-64"
"1478","-64","-64","-64"
"1479","-64","-64","-64"
"1480","-64","-64","-64"
"1481","-63","-63","-63"
"1482","-64","-64","-64"
"1483","-63","-63","-63"
"1484","-64","-64","-64"
"1485","-63","-63","-63"
"1486","-64","-64","-64"
"1487","-63","-63","-63"
"1488","-63","-63","-63"
"1489","-64","-64","-64"
"1490","-63","-63","-63"
"1491","-63","-63","-63"
"1492","-64","-64","-64"
"1493","-63","-63","-63"
"1494","-64","-64","-64"
"1495","-65","-65","-65"
"1496","-64","-64","-64"
"1497","-64","-64","-64"
"1498","-63","-63","-63"
"1499","-64","-64","-64"
"1500","-63","-63","-63"
"1501","-63","-63","-63"
"1502","-64","-64","-64"
"1503","-64","-64","-64"
"1504","-63","-63","-63"
"1505","-64","-64","-64"
"1506","-65","-65","-65"
"1507","-63","-63","-63"
"1508","-64","-64","-64"
"1509","-64","-64","-64"
"1510","-63","-63","-63"
"1511","-64","-64","-64"
"1512","-63","-63","-63"
"1513","-64","-64","-64"
"1514","-62","-62","-62"
"1515","-64","-64","-64"
"1516","-64","-64","-64"
"1517","-65","-65","-65"
"1518","-64","-64","-64"
"1519","-64","-64","-64"
"1520","-64","-64","-64"
"1521","-64","-64","-64"
"1522","-63","-63","-63"
"1523","-64","-64","-64"
"1524","-65","-65","-65"
"1525","-64","-64","-64"
"1526","-64","-64","-64"
"1527","-64","-64","-64"
"1528","-65","-65","-65"
"1529","-64","-64","-64"
"1530","-63","-63","-63"
"1531","-63","-63","-63"
"1532","-62","-62","-62"
"1533","-63","-63","-63"
"1534","-64","-64","-64"
"1535","-64","-64","-64"
"1536","-64","-64","-64"
"1537","-64","-64","-64"
"1538","-63","-63","-63"
"1539","-64","-64","-64"
"1540","-63","-63","-63"
"1541","-64","-64","-64"
"1542","-64","-64","-64"
"1543","-63","-63","-63"
"1544","-63","-63","-63"
"1545","-64","-64","-64"
"1546","-64","-64","-64"
"1547","-63","-63","-63"
"1548","-64","-64","-64"
"1549","-64","-64","-64"
"1550","-64","-64","-64"
"1551","-63","-63","-63"
"1552","-65","-65","-65"
"1553","-64","-64","-64"
"1554","-64","-64","-64"
"1555","-64","-64","-64"
"1556","-64","-64","-64"
"1557","-64","-64","-64"
"1558","-64","-64","-64"
"1559","-63","-63","-63"
"1560","-64","-64","-64"
"1561","-64","-64","-64"
"1562","-64","-64","-64"
"1563","-64","-64","-64"
"1564","-65","-65","-65"
"1565","-64","-64","-64"
"1566","-63","-63","-63"
"1567","-65","-65","-65"
"1568","-64","-64","-64"
"1569","-63","-63","-63"
"1570","-64","-64","-64"
"1571","-64","-64","-64"
"1572","-64","-64","-64"
"1573","-64","-64","-64"
"1574","-64","-64","-64"
"1575","-63","-63","-63"
"1576","-63","-63","-63"
"1577","-64","-64","-64"
"1578","-63","-63","-63"
"1579","-63","-63","-63"
"1580","-64","-64","-64"
"1581","-65","-65","-65"
"1582","-64","-64","-64"
"1583","-64","-64","-64"
"1584","-64","-64","-64"
"1585","-64","-64","-64"
"1586","-63","-63","-63"
"1587","-64","-64","-64"
"1588","-64","-64","-64"
"1589","-63","-63","-63"
"1590","-64","-64","-64"
"1591","-63","-63","-63"
"1592","-64","-64","-64"
"1593","-63","-63","-63"
"1594","-63","-63","-63"
"1595","-64","-64","-64"
"1596","-63","-63","-63"
"1597","-63","-63","-63"
"1598","-64","-64","-64"
"1599","-63","-63","-63"
"1600","-64","-64","-64"
"1601","-64","-64","-64"
"1602","-63","-63","-63"
"1603","-63","-63","-63"
"1604","-63","-63","-63"
"1605","-64","-64","-64"
"1606","-64","-64","-64"
"1607","-64","-64","-64"
"1608","-64","-64","-64"
"1609","-64","-64","-64"
"1610","-64","-64","-64"
"1611","-63","-63","-63"
"1612","-64","-64","-64"
"1613","-63","-63","-63"
"1614","-64","-64","-64"
"1615","-64","-64","-64"
"1616","-63","-63","-63"
"1617","-63","-63","-63"
"1618","-64","-64","-64"
"1619","-64","-64","-64"
"1620","-64","-64","-64"
"1621","-64","-64","-64"
"1622","-63","-63","-63"
"1623","-63","-63","-63"
"1624","-64","-64","-64"
"1625","-63","-63","-63"
"1626","-64","-64","-64"
"1627","-63","-63","-63"
"1628","-64","-64","-64"
"1629","-64","-64","-64"
"1630","-64","-64","-64"
"1631","-64","-64","-64"
"1632","-64","-64","-64"
"1633","-64","-64","-64"
"1634","-63","-63","-63"
"1635","-64","-64","-64"
"1636","-63","-63","-63"
"1637","-64","-64","-64"
"1638","-63","-63","-63"
"1639","-63","-63","-63"
"1640","-64","-64","-64"
"1641","-63","-63","-63"
"1642","-64","-64","-64"
"1643","-64","-64","-64"
"1644","-64","-64","-64"
"1645","-63","-63","-63"
"1646","-64","-64","-64"
"1647","-64","-64","-64"
"1648","-63","-63","-63"
"1649","-63","-63","-63"
"1650","-64","-64","-64"
"1651","-63","-63","-63"
"1652","-63","-63","-63"
"1653","-64","-64","-64"
"1654","-64","-64","-64"
"1655","-64","-64","-64"
"1656","-64","-64","-64"
"1657","-64","-64","-64"
"1658","-63","-63","-63"
"1659","-63","-63","-63"
"1660","-64","-64","-64"
"1661","-64","-64","-64"
"1662","-63","-63","-63"
"1663","-64","-64","-64"
"1664","-63","-63","-63"
"1665","-64","-64","-64"
"1666","-64","-64","-64"
"1667","-63","-63","-63"
"1668","-64","-64","-64"
"1669","-63","-63","-63"
"1670","-64","-64","-64"
"1671","-63","-63","-63"
"1672","-64","-64","-64"
"1673","-65","-65","-65"
"1674","-63","-63","-63"
"1675","-63","-63","-63"
"1676","-63","-63","-63"
"1677","-64","-64","-64"
"1678","-63","-63","-63"
"1679","-64","-64","-64"
"1680","-64","-64","-64"
"1681","-64","-64","-64"
"1682","-63","-63","-63"
"1683","-65","-65","-65"
"1684","-64","-64","-64"
"1685","-64","-64","-64"
"1686","-64","-64","-64"
"1687","-64","-64","-64"
"1688","-63","-63","-63"
"1689","-64","-64","-64"
"1690","-64","-64","-64"
"1691","-64","-64","-64"
"1692","-63","-63","-63"
"1693","-63","-63","-63"
"1694","-63","-63","-63"
"1695","-63","-63","-63"
"1696","-63","-63","-63"
"1697","-63","-63","-63"
"1698","-64","-64","-64"
"1699","-64","-64","-64"
"1700","-62","-62","-62"
"1701","-64","-64","-64"
"1702","-63","-63","-63"
"1703","-63","-63","-63"
"1704","-63","-63","-63"
"1705","-63","-63","-63"
"1706","-63","-63","-63"
"1707","-63","-63","-63"
"1708","-62","-62","-62"
"1709","-64","-64","-64"
"1710","-64","-64","-64"
"1711","-64","-64","-64"
"1712","-64","-64","-64"
"1713","-63","-63","-63"
"1714","-64","-64","-64"
"1715","-64","-64","-64"
"1716","-64","-64","-64"
"1717","-63","-63","-63"
"1718","-64","-64","-64"
"1719","-63","-63","-63"
"1720","-63","-63","-63"
"1721","-64","-64","-64"
"1722","-63","-63","-63"
"1723","-64","-64","-64"
"1724","-63","-63","-63"
"1725","-63","-63","-63"
"1726","-62","-62","-62"
"1727","-64","-64","-64"
"1728","-64","-64","-64"
"1729","-63","-63","-63"
"1730","-64","-64","-64"
"1731","-62","-62","-62"
"1732","-64","-64","-64"
"1733","-64","-64","-64"
"1734","-63","-63","-63"
"1735","-64","-64","-64"
"1736","-63","-63","-63"
"1737","-64","-64","-64"
"1738","-64","-64","-64"
"1739","-64","-64","-64"
"1740","-64","-64","-64"
"1741","-64","-64","-64"
"1742","-65","-65","-65"
"1743","-64","-64","-64"
"1744","-63","-63","-63"
"1745","-63","-63","-63"
"1746","-63","-63","-63"
"1747","-64","-64","-64"
"1748","-63","-63","-63"
"1749","-64","-64","-64"
"1750","-62","-62","-62"
"1751","-63","-63","-63"
"1752","-64","-64","-64"
"1753","-65","-65","-65"
"1754","-63","-63","-63"
"1755","-64","-64","-64"
"1756","-63","-63","-63"
"1757","-62","-62","-62"
"1758","-62","-62","-62"
"1759","-63","-63","-63"
"1760","-63","-63","-63"
"1761","-63","-63","-63"
"1762","-63","-63","-63"
"1763","-63","-63","-63"
"1764","-63","-63","-63"
"1765","-63","-63","-63"
"1766","-63","-63","-63"
"1767","-64","-64","-64"
"1768","-63","-63","-63"
"1769","-63","-63","-63"
"1770","-63","-63","-63"
"1771","-64","-64","-64"
"1772","-64","-64","-64"
"1773","-63","-63","-63"
"1774","-64","-64","-64"
"1775","-64","-64","-64"
"1776","-64","-64","-64"
"1777","-63","-63","-63"
"1778","-64","-64","-64"
"1779","-64","-64","-64"
"1780","-64","-64","-64"
"1781","-64","-64","-64"
"1782","-63","-63","-63"
"1783","-64","-64","-64"
"1784","-62","-62","-62"
"1785","-63","-63","-63"
"1786","-63","-63","-63"
"1787","-64","-64","-64"
"1788","-64","-64","-64"
"1789","-63","-63","-63"
"1790","-63","-63","-63"
"1791","-63","-63","-63"
"1792","-64","-64","-64"
"1793","-63","-63","-63"
"1794","-64","-64","-64"
"1795","-64","-64","-64"
"1796","-63","-63","-63"
"1797","-63","-63","-63"
"1798","-63","-63","-63"
"1799","-63","-63","-63"
"1800","-64","-64","-64"
"1801","-63","-63","-63"
"1802","-63","-63","-63"
"1803","-63","-63","-63"
"1804","-63","-63","-63"
"1805","-63","-63","-63"
"1806","-64","-64","-64"
"1807","-64","-64","-64"
"1808","-64","-64","-64"
"1809","-64","-64","-64"
"1810","-64","-64","-64"
"1811","-63","-63","-63"
"1812","-63","-63","-63"
"1813","-63","-63","-63"
"1814","-64","-64","-64"
"1815","-64","-64","-64"
"1816","-63","-63","-63"
"1817","-63","-63","-63"
"1818","-62","-62","-62"
"1819","-63","-63","-63"
"1820","-64","-64","-64"
"1821","-63","-63","-63"
"1822","-64","-64","-64"
"1823","-64","-64","-64"
"1824","-63","-63","-63"
"1825","-64","-64","-64"
"1826","-63","-63","-63"
"1827","-64","-64","-64"
"1828","-64","-64","-64"
"1829","-63","-63","-63"
"1830","-65","-65","-65"
"1831","-63","-63","-63"
"1832","-64","-64","-64"
"1833","-62","-62","-62"
"1834","-63","-63","-63"
"1835","-64","-64","-64"
"1836","-64","-64","-64"
"1837","-64","-64","-64"
"1838","-64","-64","-64"
"1839","-64","-64","-64"
"1840","-63","-63","-63"
"1841","-63","-63","-63"
"1842","-63","-63","-63"
"1843","-65","-65","-65"
"1844","-64","-64","-64"
"1845","-64","-64","-64"
"1846","-63","-63","-63"
"1847","-63","-63","-63"
"1848","-64","-64","-64"
"1849","-63","-63","-63"
"1850","-63","-63","-63"
"1851","-64","-64","-64"
"1852","-63","-63","-63"
"1853","-63","-63","-63"
"1854","-63","-63","-63"
"1855","-63","-63","-63"
"1856","-64","-64","-64"
"1857","-63","-63","-63"
"1858","-64","-64","-64"
"1859","-63","-63","-63"
"1860","-63","-63","-63"
"1861","-63","-63","-63"
"1862","-65","-65","-65"
"1863","-63","-63","-63"
"1864","-63","-63","-63"
"1865","-63","-63","-63"
"1866","-64","-64","-64"
"1867","-64","-64","-64"
"1868","-63","-63","-63"
"1869","-64","-64","-64"
"1870","-65","-65","-65"
"1871","-63","-63","-63"
"1872","-63","-63","-63"
"1873","-63","-63","-63"
"1874","-63","-63","-63"
"1875","-63","-63","-63"
"1876","-63","-63","-63"
"1877","-63","-63","-63"
"1878","-63","-63","-63"
"1879","-63","-63","-63"
"1880","-65","-65","-65"
"1881","-63","-63","-63"
"1882","-63","-63","-63"
"1883","-63","-63","-63"
"1884","-63","-63","-63"
"1885","-63","-63","-63"
"1886","-62","-62","-62"
"1887","-63","-63","-63"
"1888","-64","-64","-64"
"1889","-62","-62","-62"
"1890","-63","-63","-63"
"1891","-63","-63","-63"
"1892","-63","-63","-63"
"1893","-62","-62","-62"
"1894","-63","-63","-63"
"1895","-64","-64","-64"
"1896","-63","-63","-63"
"1897","-63","-63","-63"
"1898","-64","-64","-64"
"1899","-64","-64","-64"
"1900","-63","-63","-63"
"1901","-64","-64","-64"
"1902","-63","-63","-63"
"1903","-64","-64","-64"
"1904","-64","-64","-64"
"1905","-63","-63","-63"
"1906","-63","-63","-63"
"1907","-64","-64","-64"
"1908","-64","-64","-64"
"1909","-64","-64","-64"
"1910","-63","-63","-63"
"1911","-63","-63","-63"
"1912","-63","-63","-63"
"1913","-63","-63","-63"
"1914","-63","-63","-63"
"1915","-62","-62","-62"
"1916","-62","-62","-62"
"1917","-64","-64","-64"
"1918","-63","-63","-63"
"1919","-64","-64","-64"
"1920","-64","-64","-64"
"1921","-63","-63","-63"
"1922","-63","-63","-63"
"1923","-62","-62","-62"
"1924","-63","-63","-63"
"1925","-63","-63","-63"
"1926","-63","-63","-63"
"1927","-64","-64","-64"
"1928","-62","-62","-62"
"1929","-63","-63","-63"
"1930","-64","-64","-64"
"1931","-63","-63","-63"
"1932","-63","-63","-63"
"1933","-63","-63","-63"
"1934","-63","-63","-63"
"1935","-64","-64","-64"
"1936","-63","-63","-63"
"1937","-63","-63","-63"
"1938","-63","-63","-63"
"1939","-64","-64","-64"
"1940","-63","-63","-63"
"1941","-63","-63","-63"
"1942","-63","-63","-63"
"1943","-62","-62","-62"
"1944","-63","-63","-63"
"1945","-62","-62","-62"
"1946","-63","-63","-63"
"1947","-63","-63","-63"
"1948","-63","-63","-63"
"1949","-62","-62","-62"
"1950","-63","-63","-63"
"1951","-63","-63","-63"
"1952","-63","-63","-63"
"1953","-64","-64","-64"
"1954","-63","-63","-63"
"1955","-63","-63","-63"
"1956","-62","-62","-62"
"1957","-62","-62","-62"
"1958","-62","-62","-62"
"1959","-64","-64","-64"
"1960","-63","-63","-63"
"1961","-63","-63","-63"
"1962","-62","-62","-62"
"1963","-62","-62","-62"
"1964","-63","-63","-63"
"1965","-62","-62","-62"
"1966","-63","-63","-63"
"1967","-64","-64","-64"
"1968","-62","-62","-62"
"1969","-63","-63","-63"
"1970","-63","-63","-63"
"1971","-62","-62","-62"
"1972","-63","-63","-63"
"1973","-63","-63","-63"
"1974","-63","-63","-63"
"1975","-62","-62","-62"
"1976","-63","-63","-63"
"1977","-65","-65","-65"
"1978","-62","-62","-62"
"1979","-62","-62","-62"
"1980","-63","-63","-63"
"1981","-62","-62","-62"
"1982","-62","-62","-62"
"1983","-62","-62","-62"
"1984","-63","-63","-63"
"1985","-63","-63","-63"
"1986","-62","-62","-62"
"1987","-63","-63","-63"
"1988","-63","-63","-63"
"1989","-62","-62","-62"
"1990","-63","-63","-63"
"1991","-63","-63","-63"
"1992","-62","-62","-62"
"1993","-63","-63","-63"
"1994","-62","-62","-62"
"1995","-63","-63","-63"
"1996","-63","-63","-63"
"1997","-62","-62","-62"
"1998","-63","-63","-63"
"1999","-62","-62","-62"