"Step","brax_ppo/num_timesteps_800000 - current_best_fitness","brax_ppo/num_timesteps_800000 - current_best_fitness__MIN","brax_ppo/num_timesteps_800000 - current_best_fitness__MAX"
"0","-200","-200","-200"
"1","-200","-200","-200"
"2","-200","-200","-200"
"3","-200","-200","-200"
"4","-200","-200","-200"
"5","-200","-200","-200"
"6","-200","-200","-200"
"7","-147.046875","-147.046875","-147.046875"
"8","-109.34375","-109.34375","-109.34375"
"9","-93.6953125","-93.6953125","-93.6953125"
"10","-85.3671875","-85.3671875","-85.3671875"
"11","-82.3671875","-82.3671875","-82.3671875"
"12","-81.796875","-81.796875","-81.796875"
"13","-86.34375","-86.34375","-86.34375"
"14","-85.8203125","-85.8203125","-85.8203125"
"15","-86.359375","-86.359375","-86.359375"
"16","-86.2578125","-86.2578125","-86.2578125"
"17","-82.8671875","-82.8671875","-82.8671875"
"18","-85.75","-85.75","-85.75"
"19","-83.8203125","-83.8203125","-83.8203125"
"20","-85.40625","-85.40625","-85.40625"
"21","-81.84375","-81.84375","-81.84375"
"22","-81.34375","-81.34375","-81.34375"
"23","-80.5625","-80.5625","-80.5625"
"24","-83.4375","-83.4375","-83.4375"
"25","-82","-82","-82"
"26","-82.3359375","-82.3359375","-82.3359375"
"27","-86.421875","-86.421875","-86.421875"
"28","-83.8046875","-83.8046875","-83.8046875"
"29","-82.0859375","-82.0859375","-82.0859375"
"30","-82.25","-82.25","-82.25"
"31","-81.734375","-81.734375","-81.734375"
"32","-82.03125","-82.03125","-82.03125"
"33","-81.953125","-81.953125","-81.953125"
"34","-86.5390625","-86.5390625","-86.5390625"
"35","-82.3515625","-82.3515625","-82.3515625"
"36","-84.046875","-84.046875","-84.046875"
"37","-83.046875","-83.046875","-83.046875"
"38","-80.5859375","-80.5859375","-80.5859375"
"39","-81.7109375","-81.7109375","-81.7109375"
"40","-81.484375","-81.484375","-81.484375"
"41","-84.4296875","-84.4296875","-84.4296875"
"42","-82.5390625","-82.5390625","-82.5390625"
"43","-82.59375","-82.59375","-82.59375"
"44","-85.75","-85.75","-85.75"
"45","-81.515625","-81.515625","-81.515625"
"46","-80.1171875","-80.1171875","-80.1171875"
"47","-80.1015625","-80.1015625","-80.1015625"
"48","-82.765625","-82.765625","-82.765625"
"49","-79.46875","-79.46875","-79.46875"
"50","-80.9609375","-80.9609375","-80.9609375"
"51","-78.5859375","-78.5859375","-78.5859375"
"52","-82.09375","-82.09375","-82.09375"
"53","-81.8828125","-81.8828125","-81.8828125"
"54","-80.7578125","-80.7578125","-80.7578125"
"55","-82.1796875","-82.1796875","-82.1796875"
"56","-82.2578125","-82.2578125","-82.2578125"
"57","-80.3203125","-80.3203125","-80.3203125"
"58","-79.3359375","-79.3359375","-79.3359375"
"59","-80.1796875","-80.1796875","-80.1796875"
"60","-80.8671875","-80.8671875","-80.8671875"
"61","-80.796875","-80.796875","-80.796875"
"62","-81.6484375","-81.6484375","-81.6484375"
"63","-81.1640625","-81.1640625","-81.1640625"
"64","-81.328125","-81.328125","-81.328125"
"65","-82.359375","-82.359375","-82.359375"
"66","-81.8671875","-81.8671875","-81.8671875"
"67","-79.3671875","-79.3671875","-79.3671875"
"68","-80.3671875","-80.3671875","-80.3671875"
"69","-78.9296875","-78.9296875","-78.9296875"
"70","-81.7890625","-81.7890625","-81.7890625"
"71","-82.5078125","-82.5078125","-82.5078125"
"72","-82.75","-82.75","-82.75"
"73","-81.109375","-81.109375","-81.109375"
"74","-83.140625","-83.140625","-83.140625"
"75","-81.3046875","-81.3046875","-81.3046875"
"76","-79.953125","-79.953125","-79.953125"
"77","-82.8515625","-82.8515625","-82.8515625"
"78","-80.0859375","-80.0859375","-80.0859375"
"79","-80.359375","-80.359375","-80.359375"
"80","-79.5234375","-79.5234375","-79.5234375"
"81","-79.953125","-79.953125","-79.953125"
"82","-80.140625","-80.140625","-80.140625"
"83","-80.7734375","-80.7734375","-80.7734375"
"84","-78.609375","-78.609375","-78.609375"
"85","-78.734375","-78.734375","-78.734375"
"86","-80.359375","-80.359375","-80.359375"
"87","-79.0078125","-79.0078125","-79.0078125"
"88","-80.78125","-80.78125","-80.78125"
"89","-80.4921875","-80.4921875","-80.4921875"
"90","-81.8515625","-81.8515625","-81.8515625"
"91","-81.875","-81.875","-81.875"
"92","-78.078125","-78.078125","-78.078125"
"93","-82.3671875","-82.3671875","-82.3671875"
"94","-81.875","-81.875","-81.875"
"95","-80.8984375","-80.8984375","-80.8984375"
"96","-78.0546875","-78.0546875","-78.0546875"
"97","-79.25","-79.25","-79.25"
"98","-82.125","-82.125","-82.125"
"99","-81.4140625","-81.4140625","-81.4140625"
"100","-79.828125","-79.828125","-79.828125"
"101","-80.1328125","-80.1328125","-80.1328125"
"102","-80.6015625","-80.6015625","-80.6015625"
"103","-82.53125","-82.53125","-82.53125"
"104","-81.265625","-81.265625","-81.265625"
"105","-80.0234375","-80.0234375","-80.0234375"
"106","-79.2890625","-79.2890625","-79.2890625"
"107","-80.0234375","-80.0234375","-80.0234375"
"108","-79.359375","-79.359375","-79.359375"
"109","-79.3515625","-79.3515625","-79.3515625"
"110","-79.5","-79.5","-79.5"
"111","-80.609375","-80.609375","-80.609375"
"112","-80.015625","-80.015625","-80.015625"
"113","-79.484375","-79.484375","-79.484375"
"114","-82.75","-82.75","-82.75"
"115","-80.1171875","-80.1171875","-80.1171875"
"116","-81.96875","-81.96875","-81.96875"
"117","-79.03125","-79.03125","-79.03125"
"118","-79.3203125","-79.3203125","-79.3203125"
"119","-80.09375","-80.09375","-80.09375"
"120","-80.8515625","-80.8515625","-80.8515625"
"121","-79.640625","-79.640625","-79.640625"
"122","-81.9453125","-81.9453125","-81.9453125"
"123","-79.828125","-79.828125","-79.828125"
"124","-79.3359375","-79.3359375","-79.3359375"
"125","-80.7734375","-80.7734375","-80.7734375"
"126","-79.171875","-79.171875","-79.171875"
"127","-79.3984375","-79.3984375","-79.3984375"
"128","-79.90625","-79.90625","-79.90625"
"129","-81.078125","-81.078125","-81.078125"
"130","-79.4140625","-79.4140625","-79.4140625"
"131","-80.015625","-80.015625","-80.015625"
"132","-81.484375","-81.484375","-81.484375"
"133","-79.8515625","-79.8515625","-79.8515625"
"134","-80.6015625","-80.6015625","-80.6015625"
"135","-80.71875","-80.71875","-80.71875"
"136","-80.5859375","-80.5859375","-80.5859375"
"137","-81.46875","-81.46875","-81.46875"
"138","-79.46875","-79.46875","-79.46875"
"139","-80.6953125","-80.6953125","-80.6953125"
"140","-80.8984375","-80.8984375","-80.8984375"
"141","-79.671875","-79.671875","-79.671875"
"142","-80.6328125","-80.6328125","-80.6328125"
"143","-79.484375","-79.484375","-79.484375"
"144","-80.0625","-80.0625","-80.0625"
"145","-78.71875","-78.71875","-78.71875"
"146","-80.5","-80.5","-80.5"
"147","-80.3984375","-80.3984375","-80.3984375"
"148","-79.421875","-79.421875","-79.421875"
"149","-81.46875","-81.46875","-81.46875"
"150","-78.625","-78.625","-78.625"
"151","-77.6171875","-77.6171875","-77.6171875"
"152","-81.375","-81.375","-81.375"
"153","-78.7578125","-78.7578125","-78.7578125"
"154","-78.2734375","-78.2734375","-78.2734375"
"155","-77.546875","-77.546875","-77.546875"
"156","-78.7265625","-78.7265625","-78.7265625"
"157","-80.765625","-80.765625","-80.765625"
"158","-80.4921875","-80.4921875","-80.4921875"
"159","-81.46875","-81.46875","-81.46875"
"160","-78.3828125","-78.3828125","-78.3828125"
"161","-79.6953125","-79.6953125","-79.6953125"
"162","-79.6953125","-79.6953125","-79.6953125"
"163","-79.65625","-79.65625","-79.65625"
"164","-78.6171875","-78.6171875","-78.6171875"
"165","-77.96875","-77.96875","-77.96875"
"166","-79.2109375","-79.2109375","-79.2109375"
"167","-78.015625","-78.015625","-78.015625"
"168","-79.6875","-79.6875","-79.6875"
"169","-79.140625","-79.140625","-79.140625"
"170","-81.09375","-81.09375","-81.09375"
"171","-81.03125","-81.03125","-81.03125"
"172","-80.3671875","-80.3671875","-80.3671875"
"173","-79.453125","-79.453125","-79.453125"
"174","-79.5390625","-79.5390625","-79.5390625"
"175","-80.5","-80.5","-80.5"
"176","-79.078125","-79.078125","-79.078125"
"177","-78.9921875","-78.9921875","-78.9921875"
"178","-79.453125","-79.453125","-79.453125"
"179","-79.6015625","-79.6015625","-79.6015625"
"180","-79.25","-79.25","-79.25"
"181","-78.359375","-78.359375","-78.359375"
"182","-80.0078125","-80.0078125","-80.0078125"
"183","-79.4453125","-79.4453125","-79.4453125"
"184","-79.8984375","-79.8984375","-79.8984375"
"185","-81.8515625","-81.8515625","-81.8515625"
"186","-79.3203125","-79.3203125","-79.3203125"
"187","-78.7109375","-78.7109375","-78.7109375"
"188","-77.953125","-77.953125","-77.953125"
"189","-81.84375","-81.84375","-81.84375"
"190","-82.09375","-82.09375","-82.09375"
"191","-79.9375","-79.9375","-79.9375"
"192","-80.21875","-80.21875","-80.21875"
"193","-79.2578125","-79.2578125","-79.2578125"
"194","-81.03125","-81.03125","-81.03125"
"195","-80.71875","-80.71875","-80.71875"
"196","-80.6015625","-80.6015625","-80.6015625"
"197","-77.5859375","-77.5859375","-77.5859375"
"198","-80.1796875","-80.1796875","-80.1796875"
"199","-79.4375","-79.4375","-79.4375"
"200","-78.4140625","-78.4140625","-78.4140625"
"201","-155.34375","-155.34375","-155.34375"
"202","-150.6484375","-150.6484375","-150.6484375"
"203","-126.9765625","-126.9765625","-126.9765625"
"204","-129.2265625","-129.2265625","-129.2265625"
"205","-128.6796875","-128.6796875","-128.6796875"
"206","-135.5703125","-135.5703125","-135.5703125"
"207","-145.265625","-145.265625","-145.265625"
"208","-152.8125","-152.8125","-152.8125"
"209","-162.03125","-162.03125","-162.03125"
"210","-154.1875","-154.1875","-154.1875"
"211","-142.0078125","-142.0078125","-142.0078125"
"212","-141.8125","-141.8125","-141.8125"
"213","-160.921875","-160.921875","-160.921875"
"214","-178.1484375","-178.1484375","-178.1484375"
"215","-175.171875","-175.171875","-175.171875"
"216","-175.90625","-175.90625","-175.90625"
"217","-170.296875","-170.296875","-170.296875"
"218","-181.390625","-181.390625","-181.390625"
"219","-174.875","-174.875","-174.875"
"220","-144.4296875","-144.4296875","-144.4296875"
"221","-111.453125","-111.453125","-111.453125"
"222","-102.234375","-102.234375","-102.234375"
"223","-94.609375","-94.609375","-94.609375"
"224","-85.0703125","-85.0703125","-85.0703125"
"225","-80.6015625","-80.6015625","-80.6015625"
"226","-88.9765625","-88.9765625","-88.9765625"
"227","-88.40625","-88.40625","-88.40625"
"228","-95.9765625","-95.9765625","-95.9765625"
"229","-98.6484375","-98.6484375","-98.6484375"
"230","-91.2734375","-91.2734375","-91.2734375"
"231","-87","-87","-87"
"232","-83.9140625","-83.9140625","-83.9140625"
"233","-90.34375","-90.34375","-90.34375"
"234","-96.5703125","-96.5703125","-96.5703125"
"235","-126.96875","-126.96875","-126.96875"
"236","-137.3125","-137.3125","-137.3125"
"237","-159.3046875","-159.3046875","-159.3046875"
"238","-154.109375","-154.109375","-154.109375"
"239","-137.78125","-137.78125","-137.78125"
"240","-150.5390625","-150.5390625","-150.5390625"
"241","-125.9921875","-125.9921875","-125.9921875"
"242","-127.28125","-127.28125","-127.28125"
"243","-127.7265625","-127.7265625","-127.7265625"
"244","-159.4140625","-159.4140625","-159.4140625"
"245","-144.3125","-144.3125","-144.3125"
"246","-127.9609375","-127.9609375","-127.9609375"
"247","-139.015625","-139.015625","-139.015625"
"248","-123.953125","-123.953125","-123.953125"
"249","-153.6328125","-153.6328125","-153.6328125"
"250","-104.953125","-104.953125","-104.953125"
"251","-108.0546875","-108.0546875","-108.0546875"
"252","-88.71875","-88.71875","-88.71875"
"253","-85.09375","-85.09375","-85.09375"
"254","-86.1015625","-86.1015625","-86.1015625"
"255","-87.5703125","-87.5703125","-87.5703125"
"256","-89.421875","-89.421875","-89.421875"
"257","-102.328125","-102.328125","-102.328125"
"258","-98.21875","-98.21875","-98.21875"
"259","-99.109375","-99.109375","-99.109375"
"260","-93.859375","-93.859375","-93.859375"
"261","-95.46875","-95.46875","-95.46875"
"262","-117.1015625","-117.1015625","-117.1015625"
"263","-125.296875","-125.296875","-125.296875"
"264","-121.3359375","-121.3359375","-121.3359375"
"265","-105.5234375","-105.5234375","-105.5234375"
"266","-93.484375","-93.484375","-93.484375"
"267","-84.8203125","-84.8203125","-84.8203125"
"268","-93.9609375","-93.9609375","-93.9609375"
"269","-105.2734375","-105.2734375","-105.2734375"
"270","-105.0078125","-105.0078125","-105.0078125"
"271","-95.34375","-95.34375","-95.34375"
"272","-85.015625","-85.015625","-85.015625"
"273","-86.15625","-86.15625","-86.15625"
"274","-92.75","-92.75","-92.75"
"275","-89.1796875","-89.1796875","-89.1796875"
"276","-85.453125","-85.453125","-85.453125"
"277","-88.9609375","-88.9609375","-88.9609375"
"278","-87.03125","-87.03125","-87.03125"
"279","-84.671875","-84.671875","-84.671875"
"280","-85.9921875","-85.9921875","-85.9921875"
"281","-92.3359375","-92.3359375","-92.3359375"
"282","-90.015625","-90.015625","-90.015625"
"283","-96.90625","-96.90625","-96.90625"
"284","-106.25","-106.25","-106.25"
"285","-107.9921875","-107.9921875","-107.9921875"
"286","-114.9921875","-114.9921875","-114.9921875"
"287","-100.9609375","-100.9609375","-100.9609375"
"288","-91.2265625","-91.2265625","-91.2265625"
"289","-88.765625","-88.765625","-88.765625"
"290","-85.1484375","-85.1484375","-85.1484375"
"291","-86.4765625","-86.4765625","-86.4765625"
"292","-84.578125","-84.578125","-84.578125"
"293","-83.9375","-83.9375","-83.9375"
"294","-83.1875","-83.1875","-83.1875"
"295","-83.3125","-83.3125","-83.3125"
"296","-77.390625","-77.390625","-77.390625"
"297","-84.3125","-84.3125","-84.3125"
"298","-82.15625","-82.15625","-82.15625"
"299","-82.7890625","-82.7890625","-82.7890625"
"300","-84.25","-84.25","-84.25"
"301","-80.8203125","-80.8203125","-80.8203125"
"302","-85.453125","-85.453125","-85.453125"
"303","-81.765625","-81.765625","-81.765625"
"304","-86.34375","-86.34375","-86.34375"
"305","-84.65625","-84.65625","-84.65625"
"306","-83.59375","-83.59375","-83.59375"
"307","-83.765625","-83.765625","-83.765625"
"308","-80.46875","-80.46875","-80.46875"
"309","-81.984375","-81.984375","-81.984375"
"310","-88.15625","-88.15625","-88.15625"
"311","-83.734375","-83.734375","-83.734375"
"312","-84.6640625","-84.6640625","-84.6640625"
"313","-83.203125","-83.203125","-83.203125"
"314","-80.15625","-80.15625","-80.15625"
"315","-85.4140625","-85.4140625","-85.4140625"
"316","-83.875","-83.875","-83.875"
"317","-82.734375","-82.734375","-82.734375"
"318","-84.171875","-84.171875","-84.171875"
"319","-82.296875","-82.296875","-82.296875"
"320","-83.046875","-83.046875","-83.046875"
"321","-86.75","-86.75","-86.75"
"322","-82.5859375","-82.5859375","-82.5859375"
"323","-81.3515625","-81.3515625","-81.3515625"
"324","-86.453125","-86.453125","-86.453125"
"325","-82.21875","-82.21875","-82.21875"
"326","-83.171875","-83.171875","-83.171875"
"327","-83.9765625","-83.9765625","-83.9765625"
"328","-82.71875","-82.71875","-82.71875"
"329","-82.546875","-82.546875","-82.546875"
"330","-82.5390625","-82.5390625","-82.5390625"
"331","-84.1953125","-84.1953125","-84.1953125"
"332","-84.7890625","-84.7890625","-84.7890625"
"333","-84.3828125","-84.3828125","-84.3828125"
"334","-83.2109375","-83.2109375","-83.2109375"
"335","-81.53125","-81.53125","-81.53125"
"336","-80.8203125","-80.8203125","-80.8203125"
"337","-83.6015625","-83.6015625","-83.6015625"
"338","-83.5","-83.5","-83.5"
"339","-82.421875","-82.421875","-82.421875"
"340","-82.7421875","-82.7421875","-82.7421875"
"341","-85.703125","-85.703125","-85.703125"
"342","-83.421875","-83.421875","-83.421875"
"343","-84.796875","-84.796875","-84.796875"
"344","-86.7265625","-86.7265625","-86.7265625"
"345","-85.9765625","-85.9765625","-85.9765625"
"346","-87.1640625","-87.1640625","-87.1640625"
"347","-88.359375","-88.359375","-88.359375"
"348","-90.34375","-90.34375","-90.34375"
"349","-108.8125","-108.8125","-108.8125"
"350","-118.5078125","-118.5078125","-118.5078125"
"351","-93.9375","-93.9375","-93.9375"
"352","-125.0859375","-125.0859375","-125.0859375"
"353","-92.328125","-92.328125","-92.328125"
"354","-98.9375","-98.9375","-98.9375"
"355","-94.0546875","-94.0546875","-94.0546875"
"356","-94.7265625","-94.7265625","-94.7265625"
"357","-87.7109375","-87.7109375","-87.7109375"
"358","-95.6953125","-95.6953125","-95.6953125"
"359","-92.875","-92.875","-92.875"
"360","-84.484375","-84.484375","-84.484375"
"361","-86.5703125","-86.5703125","-86.5703125"
"362","-83.4140625","-83.4140625","-83.4140625"
"363","-82.9609375","-82.9609375","-82.9609375"
"364","-84.8046875","-84.8046875","-84.8046875"
"365","-84.0703125","-84.0703125","-84.0703125"
"366","-81.359375","-81.359375","-81.359375"
"367","-86.6328125","-86.6328125","-86.6328125"
"368","-84.7578125","-84.7578125","-84.7578125"
"369","-87.265625","-87.265625","-87.265625"
"370","-85.296875","-85.296875","-85.296875"
"371","-85.2890625","-85.2890625","-85.2890625"
"372","-85.046875","-85.046875","-85.046875"
"373","-88.9296875","-88.9296875","-88.9296875"
"374","-84.078125","-84.078125","-84.078125"
"375","-85.234375","-85.234375","-85.234375"
"376","-86.1796875","-86.1796875","-86.1796875"
"377","-86.9140625","-86.9140625","-86.9140625"
"378","-83.890625","-83.890625","-83.890625"
"379","-83.6640625","-83.6640625","-83.6640625"
"380","-89","-89","-89"
"381","-86.625","-86.625","-86.625"
"382","-83.3671875","-83.3671875","-83.3671875"
"383","-83.109375","-83.109375","-83.109375"
"384","-81.90625","-81.90625","-81.90625"
"385","-84.828125","-84.828125","-84.828125"
"386","-81.3671875","-81.3671875","-81.3671875"
"387","-87.7578125","-87.7578125","-87.7578125"
"388","-81.0390625","-81.0390625","-81.0390625"
"389","-83.75","-83.75","-83.75"
"390","-83.0703125","-83.0703125","-83.0703125"
"391","-82.890625","-82.890625","-82.890625"
"392","-82.75","-82.75","-82.75"
"393","-83.4765625","-83.4765625","-83.4765625"
"394","-83.8125","-83.8125","-83.8125"
"395","-84.3515625","-84.3515625","-84.3515625"
"396","-82.96875","-82.96875","-82.96875"
"397","-84.171875","-84.171875","-84.171875"
"398","-83.28125","-83.28125","-83.28125"
"399","-83.390625","-83.390625","-83.390625"
"400","-85.4765625","-85.4765625","-85.4765625"
"401","-85.0859375","-85.0859375","-85.0859375"
"402","-87.875","-87.875","-87.875"
"403","-84.9921875","-84.9921875","-84.9921875"
"404","-82.4921875","-82.4921875","-82.4921875"
"405","-82.875","-82.875","-82.875"
"406","-82.15625","-82.15625","-82.15625"
"407","-84.7109375","-84.7109375","-84.7109375"
"408","-83.25","-83.25","-83.25"
"409","-84.65625","-84.65625","-84.65625"
"410","-80.3828125","-80.3828125","-80.3828125"
"411","-81.2421875","-81.2421875","-81.2421875"
"412","-81.8828125","-81.8828125","-81.8828125"
"413","-81.7265625","-81.7265625","-81.7265625"
"414","-81.78125","-81.78125","-81.78125"
"415","-84.4921875","-84.4921875","-84.4921875"
"416","-82.09375","-82.09375","-82.09375"
"417","-85.1796875","-85.1796875","-85.1796875"
"418","-84.171875","-84.171875","-84.171875"
"419","-80.109375","-80.109375","-80.109375"
"420","-90.921875","-90.921875","-90.921875"
"421","-84.8125","-84.8125","-84.8125"
"422","-86.5625","-86.5625","-86.5625"
"423","-84.8828125","-84.8828125","-84.8828125"
"424","-82.4140625","-82.4140625","-82.4140625"
"425","-84.8125","-84.8125","-84.8125"
"426","-85.1875","-85.1875","-85.1875"
"427","-85.6796875","-85.6796875","-85.6796875"
"428","-85.0625","-85.0625","-85.0625"
"429","-82.4921875","-82.4921875","-82.4921875"
"430","-86.046875","-86.046875","-86.046875"
"431","-87.46875","-87.46875","-87.46875"
"432","-84.15625","-84.15625","-84.15625"
"433","-83.328125","-83.328125","-83.328125"
"434","-83.5078125","-83.5078125","-83.5078125"
"435","-83.25","-83.25","-83.25"
"436","-85.2109375","-85.2109375","-85.2109375"
"437","-81.3515625","-81.3515625","-81.3515625"
"438","-85.96875","-85.96875","-85.96875"
"439","-81.78125","-81.78125","-81.78125"
"440","-84.640625","-84.640625","-84.640625"
"441","-82.5078125","-82.5078125","-82.5078125"
"442","-85.609375","-85.609375","-85.609375"
"443","-80.75","-80.75","-80.75"
"444","-81.1875","-81.1875","-81.1875"
"445","-81.328125","-81.328125","-81.328125"
"446","-83.6015625","-83.6015625","-83.6015625"
"447","-82.328125","-82.328125","-82.328125"
"448","-83.546875","-83.546875","-83.546875"
"449","-83.90625","-83.90625","-83.90625"
"450","-86.546875","-86.546875","-86.546875"
"451","-84.328125","-84.328125","-84.328125"
"452","-84.78125","-84.78125","-84.78125"
"453","-83.8671875","-83.8671875","-83.8671875"
"454","-84.296875","-84.296875","-84.296875"
"455","-82.3203125","-82.3203125","-82.3203125"
"456","-81.6953125","-81.6953125","-81.6953125"
"457","-85.4140625","-85.4140625","-85.4140625"
"458","-83.9609375","-83.9609375","-83.9609375"
"459","-88.1796875","-88.1796875","-88.1796875"
"460","-81.5703125","-81.5703125","-81.5703125"
"461","-86.5859375","-86.5859375","-86.5859375"
"462","-82.765625","-82.765625","-82.765625"
"463","-81.5859375","-81.5859375","-81.5859375"
"464","-83.25","-83.25","-83.25"
"465","-85.125","-85.125","-85.125"
"466","-87.484375","-87.484375","-87.484375"
"467","-82.625","-82.625","-82.625"
"468","-83.5859375","-83.5859375","-83.5859375"
"469","-83.0546875","-83.0546875","-83.0546875"
"470","-83","-83","-83"
"471","-84.03125","-84.03125","-84.03125"
"472","-83.1484375","-83.1484375","-83.1484375"
"473","-85.265625","-85.265625","-85.265625"
"474","-84.09375","-84.09375","-84.09375"
"475","-85.0703125","-85.0703125","-85.0703125"
"476","-82.5234375","-82.5234375","-82.5234375"
"477","-82.0078125","-82.0078125","-82.0078125"
"478","-86.1640625","-86.1640625","-86.1640625"
"479","-81.828125","-81.828125","-81.828125"
"480","-82.9453125","-82.9453125","-82.9453125"
"481","-83.765625","-83.765625","-83.765625"
"482","-82.59375","-82.59375","-82.59375"
"483","-84.1484375","-84.1484375","-84.1484375"
"484","-81.34375","-81.34375","-81.34375"
"485","-82.2578125","-82.2578125","-82.2578125"
"486","-86.453125","-86.453125","-86.453125"
"487","-81.1953125","-81.1953125","-81.1953125"
"488","-85.125","-85.125","-85.125"
"489","-84.5078125","-84.5078125","-84.5078125"
"490","-87.96875","-87.96875","-87.96875"
"491","-89.671875","-89.671875","-89.671875"
"492","-82.953125","-82.953125","-82.953125"
"493","-84.0234375","-84.0234375","-84.0234375"
"494","-83.40625","-83.40625","-83.40625"
"495","-84.890625","-84.890625","-84.890625"
"496","-83.21875","-83.21875","-83.21875"
"497","-82.453125","-82.453125","-82.453125"
"498","-84.96875","-84.96875","-84.96875"
"499","-85.390625","-85.390625","-85.390625"
"500","-83.8515625","-83.8515625","-83.8515625"
"501","-82.9765625","-82.9765625","-82.9765625"
"502","-86.0078125","-86.0078125","-86.0078125"
"503","-84.2578125","-84.2578125","-84.2578125"
"504","-83.6796875","-83.6796875","-83.6796875"
"505","-83.2578125","-83.2578125","-83.2578125"
"506","-82.7265625","-82.7265625","-82.7265625"
"507","-85.4609375","-85.4609375","-85.4609375"
"508","-84.9453125","-84.9453125","-84.9453125"
"509","-81.2421875","-81.2421875","-81.2421875"
"510","-83.21875","-83.21875","-83.21875"
"511","-87.2421875","-87.2421875","-87.2421875"
"512","-84.109375","-84.109375","-84.109375"
"513","-84.5390625","-84.5390625","-84.5390625"
"514","-88.8515625","-88.8515625","-88.8515625"
"515","-83.265625","-83.265625","-83.265625"
"516","-85.7578125","-85.7578125","-85.7578125"
"517","-85.1328125","-85.1328125","-85.1328125"
"518","-83.390625","-83.390625","-83.390625"
"519","-85.0859375","-85.0859375","-85.0859375"
"520","-83.5859375","-83.5859375","-83.5859375"
"521","-86.40625","-86.40625","-86.40625"
"522","-82.890625","-82.890625","-82.890625"
"523","-84.8515625","-84.8515625","-84.8515625"
"524","-81.4765625","-81.4765625","-81.4765625"
"525","-83.3515625","-83.3515625","-83.3515625"
"526","-87.875","-87.875","-87.875"
"527","-81.859375","-81.859375","-81.859375"
"528","-86.2109375","-86.2109375","-86.2109375"
"529","-85.578125","-85.578125","-85.578125"
"530","-83.9296875","-83.9296875","-83.9296875"
"531","-86.9296875","-86.9296875","-86.9296875"
"532","-85.1484375","-85.1484375","-85.1484375"
"533","-81.4453125","-81.4453125","-81.4453125"
"534","-84.40625","-84.40625","-84.40625"
"535","-85.46875","-85.46875","-85.46875"
"536","-84.4765625","-84.4765625","-84.4765625"
"537","-89.625","-89.625","-89.625"
"538","-88.0390625","-88.0390625","-88.0390625"
"539","-83.1484375","-83.1484375","-83.1484375"
"540","-86.1953125","-86.1953125","-86.1953125"
"541","-85.53125","-85.53125","-85.53125"
"542","-82.21875","-82.21875","-82.21875"
"543","-84.5625","-84.5625","-84.5625"
"544","-83.8046875","-83.8046875","-83.8046875"
"545","-83.0546875","-83.0546875","-83.0546875"
"546","-82.765625","-82.765625","-82.765625"
"547","-82.578125","-82.578125","-82.578125"
"548","-82.5859375","-82.5859375","-82.5859375"
"549","-82.828125","-82.828125","-82.828125"
"550","-86.28125","-86.28125","-86.28125"
"551","-85.1171875","-85.1171875","-85.1171875"
"552","-83.4296875","-83.4296875","-83.4296875"
"553","-84.6796875","-84.6796875","-84.6796875"
"554","-82.1171875","-82.1171875","-82.1171875"
"555","-85.78125","-85.78125","-85.78125"
"556","-81.7265625","-81.7265625","-81.7265625"
"557","-86.2265625","-86.2265625","-86.2265625"
"558","-83.8984375","-83.8984375","-83.8984375"
"559","-81.84375","-81.84375","-81.84375"
"560","-82.515625","-82.515625","-82.515625"
"561","-83.859375","-83.859375","-83.859375"
"562","-89.6796875","-89.6796875","-89.6796875"
"563","-84.75","-84.75","-84.75"
"564","-84.8125","-84.8125","-84.8125"
"565","-87.390625","-87.390625","-87.390625"
"566","-86.9453125","-86.9453125","-86.9453125"
"567","-85.703125","-85.703125","-85.703125"
"568","-84.546875","-84.546875","-84.546875"
"569","-84.65625","-84.65625","-84.65625"
"570","-82.78125","-82.78125","-82.78125"
"571","-78.921875","-78.921875","-78.921875"
"572","-84.4140625","-84.4140625","-84.4140625"
"573","-82.296875","-82.296875","-82.296875"
"574","-85.140625","-85.140625","-85.140625"
"575","-82.3203125","-82.3203125","-82.3203125"
"576","-82.984375","-82.984375","-82.984375"
"577","-85.1015625","-85.1015625","-85.1015625"
"578","-83.4453125","-83.4453125","-83.4453125"
"579","-84.140625","-84.140625","-84.140625"
"580","-84.53125","-84.53125","-84.53125"
"581","-84.7890625","-84.7890625","-84.7890625"
"582","-85","-85","-85"
"583","-85.3046875","-85.3046875","-85.3046875"
"584","-82.4375","-82.4375","-82.4375"
"585","-81.8125","-81.8125","-81.8125"
"586","-84.6171875","-84.6171875","-84.6171875"
"587","-80.140625","-80.140625","-80.140625"
"588","-85.125","-85.125","-85.125"
"589","-83.609375","-83.609375","-83.609375"
"590","-86.109375","-86.109375","-86.109375"
"591","-82.6796875","-82.6796875","-82.6796875"
"592","-83.78125","-83.78125","-83.78125"
"593","-84.65625","-84.65625","-84.65625"
"594","-88.578125","-88.578125","-88.578125"
"595","-83.7421875","-83.7421875","-83.7421875"
"596","-85.1015625","-85.1015625","-85.1015625"
"597","-80.625","-80.625","-80.625"
"598","-85.1640625","-85.1640625","-85.1640625"
"599","-82.4375","-82.4375","-82.4375"
"600","-84.9765625","-84.9765625","-84.9765625"
"601","-200","-200","-200"
"602","-200","-200","-200"
"603","-200","-200","-200"
"604","-200","-200","-200"
"605","-200","-200","-200"
"606","-200","-200","-200"
"607","-200","-200","-200"
"608","-200","-200","-200"
"609","-200","-200","-200"
"610","-200","-200","-200"
"611","-200","-200","-200"
"612","-200","-200","-200"
"613","-200","-200","-200"
"614","-200","-200","-200"
"615","-200","-200","-200"
"616","-200","-200","-200"
"617","-200","-200","-200"
"618","-200","-200","-200"
"619","-200","-200","-200"
"620","-200","-200","-200"
"621","-200","-200","-200"
"622","-200","-200","-200"
"623","-200","-200","-200"
"624","-200","-200","-200"
"625","-200","-200","-200"
"626","-200","-200","-200"
"627","-200","-200","-200"
"628","-200","-200","-200"
"629","-200","-200","-200"
"630","-200","-200","-200"
"631","-200","-200","-200"
"632","-200","-200","-200"
"633","-200","-200","-200"
"634","-200","-200","-200"
"635","-200","-200","-200"
"636","-200","-200","-200"
"637","-200","-200","-200"
"638","-200","-200","-200"
"639","-200","-200","-200"
"640","-200","-200","-200"
"641","-200","-200","-200"
"642","-200","-200","-200"
"643","-200","-200","-200"
"644","-200","-200","-200"
"645","-200","-200","-200"
"646","-200","-200","-200"
"647","-200","-200","-200"
"648","-200","-200","-200"
"649","-200","-200","-200"
"650","-200","-200","-200"
"651","-200","-200","-200"
"652","-200","-200","-200"
"653","-200","-200","-200"
"654","-200","-200","-200"
"655","-200","-200","-200"
"656","-200","-200","-200"
"657","-200","-200","-200"
"658","-200","-200","-200"
"659","-200","-200","-200"
"660","-200","-200","-200"
"661","-200","-200","-200"
"662","-200","-200","-200"
"663","-200","-200","-200"
"664","-200","-200","-200"
"665","-200","-200","-200"
"666","-200","-200","-200"
"667","-200","-200","-200"
"668","-200","-200","-200"
"669","-200","-200","-200"
"670","-200","-200","-200"
"671","-200","-200","-200"
"672","-200","-200","-200"
"673","-200","-200","-200"
"674","-200","-200","-200"
"675","-200","-200","-200"
"676","-200","-200","-200"
"677","-200","-200","-200"
"678","-200","-200","-200"
"679","-200","-200","-200"
"680","-200","-200","-200"
"681","-200","-200","-200"
"682","-200","-200","-200"
"683","-200","-200","-200"
"684","-200","-200","-200"
"685","-200","-200","-200"
"686","-200","-200","-200"
"687","-200","-200","-200"
"688","-200","-200","-200"
"689","-200","-200","-200"
"690","-200","-200","-200"
"691","-200","-200","-200"
"692","-200","-200","-200"
"693","-200","-200","-200"
"694","-200","-200","-200"
"695","-200","-200","-200"
"696","-200","-200","-200"
"697","-200","-200","-200"
"698","-200","-200","-200"
"699","-200","-200","-200"
"700","-200","-200","-200"
"701","-200","-200","-200"
"702","-200","-200","-200"
"703","-200","-200","-200"
"704","-200","-200","-200"
"705","-200","-200","-200"
"706","-200","-200","-200"
"707","-200","-200","-200"
"708","-200","-200","-200"
"709","-200","-200","-200"
"710","-200","-200","-200"
"711","-200","-200","-200"
"712","-200","-200","-200"
"713","-200","-200","-200"
"714","-200","-200","-200"
"715","-200","-200","-200"
"716","-200","-200","-200"
"717","-200","-200","-200"
"718","-200","-200","-200"
"719","-200","-200","-200"
"720","-200","-200","-200"
"721","-200","-200","-200"
"722","-200","-200","-200"
"723","-200","-200","-200"
"724","-200","-200","-200"
"725","-200","-200","-200"
"726","-200","-200","-200"
"727","-200","-200","-200"
"728","-200","-200","-200"
"729","-200","-200","-200"
"730","-200","-200","-200"
"731","-200","-200","-200"
"732","-200","-200","-200"
"733","-200","-200","-200"
"734","-200","-200","-200"
"735","-200","-200","-200"
"736","-200","-200","-200"
"737","-200","-200","-200"
"738","-200","-200","-200"
"739","-200","-200","-200"
"740","-200","-200","-200"
"741","-200","-200","-200"
"742","-200","-200","-200"
"743","-200","-200","-200"
"744","-200","-200","-200"
"745","-200","-200","-200"
"746","-200","-200","-200"
"747","-200","-200","-200"
"748","-200","-200","-200"
"749","-200","-200","-200"
"750","-200","-200","-200"
"751","-200","-200","-200"
"752","-200","-200","-200"
"753","-200","-200","-200"
"754","-200","-200","-200"
"755","-200","-200","-200"
"756","-200","-200","-200"
"757","-200","-200","-200"
"758","-200","-200","-200"
"759","-200","-200","-200"
"760","-200","-200","-200"
"761","-200","-200","-200"
"762","-200","-200","-200"
"763","-200","-200","-200"
"764","-200","-200","-200"
"765","-200","-200","-200"
"766","-200","-200","-200"
"767","-200","-200","-200"
"768","-200","-200","-200"
"769","-200","-200","-200"
"770","-200","-200","-200"
"771","-200","-200","-200"
"772","-200","-200","-200"
"773","-200","-200","-200"
"774","-200","-200","-200"
"775","-200","-200","-200"
"776","-200","-200","-200"
"777","-200","-200","-200"
"778","-200","-200","-200"
"779","-200","-200","-200"
"780","-200","-200","-200"
"781","-200","-200","-200"
"782","-200","-200","-200"
"783","-200","-200","-200"
"784","-200","-200","-200"
"785","-200","-200","-200"
"786","-200","-200","-200"
"787","-200","-200","-200"
"788","-200","-200","-200"
"789","-200","-200","-200"
"790","-200","-200","-200"
"791","-200","-200","-200"
"792","-200","-200","-200"
"793","-200","-200","-200"
"794","-200","-200","-200"
"795","-200","-200","-200"
"796","-200","-200","-200"
"797","-200","-200","-200"
"798","-200","-200","-200"
"799","-200","-200","-200"
"800","-200","-200","-200"
"801","-86.9453125","-86.9453125","-86.9453125"
"802","-84.609375","-84.609375","-84.609375"
"803","-87.171875","-87.171875","-87.171875"
"804","-88.09375","-88.09375","-88.09375"
"805","-88.203125","-88.203125","-88.203125"
"806","-87.5234375","-87.5234375","-87.5234375"
"807","-86.9140625","-86.9140625","-86.9140625"
"808","-86.671875","-86.671875","-86.671875"
"809","-87.875","-87.875","-87.875"
"810","-86.53125","-86.53125","-86.53125"
"811","-86.4375","-86.4375","-86.4375"
"812","-88.6796875","-88.6796875","-88.6796875"
"813","-86.796875","-86.796875","-86.796875"
"814","-87.5703125","-87.5703125","-87.5703125"
"815","-88.296875","-88.296875","-88.296875"
"816","-87.46875","-87.46875","-87.46875"
"817","-88.4453125","-88.4453125","-88.4453125"
"818","-89.953125","-89.953125","-89.953125"
"819","-86.515625","-86.515625","-86.515625"
"820","-87.8671875","-87.8671875","-87.8671875"
"821","-87.8359375","-87.8359375","-87.8359375"
"822","-87.8203125","-87.8203125","-87.8203125"
"823","-87.4375","-87.4375","-87.4375"
"824","-88.3671875","-88.3671875","-88.3671875"
"825","-85.6171875","-85.6171875","-85.6171875"
"826","-87.2578125","-87.2578125","-87.2578125"
"827","-84.7109375","-84.7109375","-84.7109375"
"828","-85.6015625","-85.6015625","-85.6015625"
"829","-86.6640625","-86.6640625","-86.6640625"
"830","-86.6640625","-86.6640625","-86.6640625"
"831","-86.890625","-86.890625","-86.890625"
"832","-88.5234375","-88.5234375","-88.5234375"
"833","-87.3984375","-87.3984375","-87.3984375"
"834","-86.6640625","-86.6640625","-86.6640625"
"835","-88.1015625","-88.1015625","-88.1015625"
"836","-84.8515625","-84.8515625","-84.8515625"
"837","-86.25","-86.25","-86.25"
"838","-90.4921875","-90.4921875","-90.4921875"
"839","-88.3125","-88.3125","-88.3125"
"840","-88.03125","-88.03125","-88.03125"
"841","-84.6171875","-84.6171875","-84.6171875"
"842","-86.5078125","-86.5078125","-86.5078125"
"843","-86.609375","-86.609375","-86.609375"
"844","-85.921875","-85.921875","-85.921875"
"845","-86.6015625","-86.6015625","-86.6015625"
"846","-88.296875","-88.296875","-88.296875"
"847","-85.9375","-85.9375","-85.9375"
"848","-86.09375","-86.09375","-86.09375"
"849","-85.53125","-85.53125","-85.53125"
"850","-83.5","-83.5","-83.5"
"851","-84.40625","-84.40625","-84.40625"
"852","-86.0078125","-86.0078125","-86.0078125"
"853","-85.765625","-85.765625","-85.765625"
"854","-86.4140625","-86.4140625","-86.4140625"
"855","-86.5390625","-86.5390625","-86.5390625"
"856","-83.8984375","-83.8984375","-83.8984375"
"857","-86.7578125","-86.7578125","-86.7578125"
"858","-87.8984375","-87.8984375","-87.8984375"
"859","-89.0703125","-89.0703125","-89.0703125"
"860","-87.8828125","-87.8828125","-87.8828125"
"861","-88.0234375","-88.0234375","-88.0234375"
"862","-84.3203125","-84.3203125","-84.3203125"
"863","-85.8359375","-85.8359375","-85.8359375"
"864","-84.6171875","-84.6171875","-84.6171875"
"865","-86","-86","-86"
"866","-85.640625","-85.640625","-85.640625"
"867","-86.640625","-86.640625","-86.640625"
"868","-84.953125","-84.953125","-84.953125"
"869","-89.875","-89.875","-89.875"
"870","-86.4453125","-86.4453125","-86.4453125"
"871","-88.9609375","-88.9609375","-88.9609375"
"872","-87.03125","-87.03125","-87.03125"
"873","-86.2265625","-86.2265625","-86.2265625"
"874","-88.1015625","-88.1015625","-88.1015625"
"875","-85.3515625","-85.3515625","-85.3515625"
"876","-86.46875","-86.46875","-86.46875"
"877","-86.34375","-86.34375","-86.34375"
"878","-87.65625","-87.65625","-87.65625"
"879","-84.046875","-84.046875","-84.046875"
"880","-89.40625","-89.40625","-89.40625"
"881","-84.578125","-84.578125","-84.578125"
"882","-85.3359375","-85.3359375","-85.3359375"
"883","-86.4921875","-86.4921875","-86.4921875"
"884","-86.0625","-86.0625","-86.0625"
"885","-85.8828125","-85.8828125","-85.8828125"
"886","-84.96875","-84.96875","-84.96875"
"887","-83.4375","-83.4375","-83.4375"
"888","-85.953125","-85.953125","-85.953125"
"889","-85.796875","-85.796875","-85.796875"
"890","-84.984375","-84.984375","-84.984375"
"891","-84.796875","-84.796875","-84.796875"
"892","-86.171875","-86.171875","-86.171875"
"893","-85.28125","-85.28125","-85.28125"
"894","-86.546875","-86.546875","-86.546875"
"895","-87.546875","-87.546875","-87.546875"
"896","-85.890625","-85.890625","-85.890625"
"897","-86.0703125","-86.0703125","-86.0703125"
"898","-87.75","-87.75","-87.75"
"899","-85.203125","-85.203125","-85.203125"
"900","-84.7421875","-84.7421875","-84.7421875"
"901","-85.8671875","-85.8671875","-85.8671875"
"902","-87.578125","-87.578125","-87.578125"
"903","-88.765625","-88.765625","-88.765625"
"904","-87.5390625","-87.5390625","-87.5390625"
"905","-88.1171875","-88.1171875","-88.1171875"
"906","-88.734375","-88.734375","-88.734375"
"907","-86.53125","-86.53125","-86.53125"
"908","-86.0859375","-86.0859375","-86.0859375"
"909","-87.46875","-87.46875","-87.46875"
"910","-84.1484375","-84.1484375","-84.1484375"
"911","-87","-87","-87"
"912","-87.75","-87.75","-87.75"
"913","-87.265625","-87.265625","-87.265625"
"914","-87.390625","-87.390625","-87.390625"
"915","-87.6484375","-87.6484375","-87.6484375"
"916","-87.2734375","-87.2734375","-87.2734375"
"917","-86.78125","-86.78125","-86.78125"
"918","-87.4296875","-87.4296875","-87.4296875"
"919","-85.328125","-85.328125","-85.328125"
"920","-85.7734375","-85.7734375","-85.7734375"
"921","-86.25","-86.25","-86.25"
"922","-84.6953125","-84.6953125","-84.6953125"
"923","-86.9453125","-86.9453125","-86.9453125"
"924","-85.90625","-85.90625","-85.90625"
"925","-85.640625","-85.640625","-85.640625"
"926","-84.75","-84.75","-84.75"
"927","-89.5625","-89.5625","-89.5625"
"928","-87.1015625","-87.1015625","-87.1015625"
"929","-87.1640625","-87.1640625","-87.1640625"
"930","-88.625","-88.625","-88.625"
"931","-87.984375","-87.984375","-87.984375"
"932","-90.2109375","-90.2109375","-90.2109375"
"933","-90.5390625","-90.5390625","-90.5390625"
"934","-87.2734375","-87.2734375","-87.2734375"
"935","-88.828125","-88.828125","-88.828125"
"936","-85.046875","-85.046875","-85.046875"
"937","-87.3359375","-87.3359375","-87.3359375"
"938","-85.96875","-85.96875","-85.96875"
"939","-88.4921875","-88.4921875","-88.4921875"
"940","-86.2265625","-86.2265625","-86.2265625"
"941","-90.5234375","-90.5234375","-90.5234375"
"942","-86.7734375","-86.7734375","-86.7734375"
"943","-86.53125","-86.53125","-86.53125"
"944","-86.0546875","-86.0546875","-86.0546875"
"945","-84.5546875","-84.5546875","-84.5546875"
"946","-86.875","-86.875","-86.875"
"947","-86.4453125","-86.4453125","-86.4453125"
"948","-86.921875","-86.921875","-86.921875"
"949","-87.3515625","-87.3515625","-87.3515625"
"950","-86.4765625","-86.4765625","-86.4765625"
"951","-84.7421875","-84.7421875","-84.7421875"
"952","-86.703125","-86.703125","-86.703125"
"953","-84.90625","-84.90625","-84.90625"
"954","-85.453125","-85.453125","-85.453125"
"955","-86.5859375","-86.5859375","-86.5859375"
"956","-87.125","-87.125","-87.125"
"957","-89.859375","-89.859375","-89.859375"
"958","-87.9921875","-87.9921875","-87.9921875"
"959","-82.8671875","-82.8671875","-82.8671875"
"960","-84.671875","-84.671875","-84.671875"
"961","-84.46875","-84.46875","-84.46875"
"962","-84.1484375","-84.1484375","-84.1484375"
"963","-86.9296875","-86.9296875","-86.9296875"
"964","-87.203125","-87.203125","-87.203125"
"965","-84.7578125","-84.7578125","-84.7578125"
"966","-86.671875","-86.671875","-86.671875"
"967","-85.0234375","-85.0234375","-85.0234375"
"968","-83.1953125","-83.1953125","-83.1953125"
"969","-83.890625","-83.890625","-83.890625"
"970","-84.1328125","-84.1328125","-84.1328125"
"971","-85.4296875","-85.4296875","-85.4296875"
"972","-84.1640625","-84.1640625","-84.1640625"
"973","-82.1640625","-82.1640625","-82.1640625"
"974","-84.7734375","-84.7734375","-84.7734375"
"975","-86.2734375","-86.2734375","-86.2734375"
"976","-83.515625","-83.515625","-83.515625"
"977","-83.140625","-83.140625","-83.140625"
"978","-85.71875","-85.71875","-85.71875"
"979","-82.8515625","-82.8515625","-82.8515625"
"980","-86.5390625","-86.5390625","-86.5390625"
"981","-85.21875","-85.21875","-85.21875"
"982","-86.6796875","-86.6796875","-86.6796875"
"983","-83.265625","-83.265625","-83.265625"
"984","-84.3203125","-84.3203125","-84.3203125"
"985","-86.9609375","-86.9609375","-86.9609375"
"986","-86.65625","-86.65625","-86.65625"
"987","-85.34375","-85.34375","-85.34375"
"988","-87.1015625","-87.1015625","-87.1015625"
"989","-84.828125","-84.828125","-84.828125"
"990","-85.53125","-85.53125","-85.53125"
"991","-85.3203125","-85.3203125","-85.3203125"
"992","-83.8671875","-83.8671875","-83.8671875"
"993","-85.953125","-85.953125","-85.953125"
"994","-84.953125","-84.953125","-84.953125"
"995","-83.4921875","-83.4921875","-83.4921875"
"996","-84.2109375","-84.2109375","-84.2109375"
"997","-84.0078125","-84.0078125","-84.0078125"
"998","-83.0625","-83.0625","-83.0625"
"999","-86.1015625","-86.1015625","-86.1015625"
"1000","-83.859375","-83.859375","-83.859375"
"1001","-90.375","-90.375","-90.375"
"1002","-91.015625","-91.015625","-91.015625"
"1003","-96.8984375","-96.8984375","-96.8984375"
"1004","-94.7734375","-94.7734375","-94.7734375"
"1005","-99.515625","-99.515625","-99.515625"
"1006","-96.109375","-96.109375","-96.109375"
"1007","-94.796875","-94.796875","-94.796875"
"1008","-91.7734375","-91.7734375","-91.7734375"
"1009","-92.7734375","-92.7734375","-92.7734375"
"1010","-95.1640625","-95.1640625","-95.1640625"
"1011","-95.078125","-95.078125","-95.078125"
"1012","-91.6640625","-91.6640625","-91.6640625"
"1013","-91.5078125","-91.5078125","-91.5078125"
"1014","-101.125","-101.125","-101.125"
"1015","-92.90625","-92.90625","-92.90625"
"1016","-94.140625","-94.140625","-94.140625"
"1017","-93.859375","-93.859375","-93.859375"
"1018","-95.4609375","-95.4609375","-95.4609375"
"1019","-93.3203125","-93.3203125","-93.3203125"
"1020","-97.7890625","-97.7890625","-97.7890625"
"1021","-90.9453125","-90.9453125","-90.9453125"
"1022","-95.5703125","-95.5703125","-95.5703125"
"1023","-88.71875","-88.71875","-88.71875"
"1024","-90.265625","-90.265625","-90.265625"
"1025","-97.578125","-97.578125","-97.578125"
"1026","-96.3515625","-96.3515625","-96.3515625"
"1027","-99.0703125","-99.0703125","-99.0703125"
"1028","-99.828125","-99.828125","-99.828125"
"1029","-101.0078125","-101.0078125","-101.0078125"
"1030","-95.5078125","-95.5078125","-95.5078125"
"1031","-91.921875","-91.921875","-91.921875"
"1032","-91.6796875","-91.6796875","-91.6796875"
"1033","-89.2109375","-89.2109375","-89.2109375"
"1034","-95","-95","-95"
"1035","-95.234375","-95.234375","-95.234375"
"1036","-92.7734375","-92.7734375","-92.7734375"
"1037","-96.15625","-96.15625","-96.15625"
"1038","-94.0390625","-94.0390625","-94.0390625"
"1039","-94.8046875","-94.8046875","-94.8046875"
"1040","-96.359375","-96.359375","-96.359375"
"1041","-96.046875","-96.046875","-96.046875"
"1042","-95.7265625","-95.7265625","-95.7265625"
"1043","-95.46875","-95.46875","-95.46875"
"1044","-87.015625","-87.015625","-87.015625"
"1045","-94.3203125","-94.3203125","-94.3203125"
"1046","-91.828125","-91.828125","-91.828125"
"1047","-94.75","-94.75","-94.75"
"1048","-93.28125","-93.28125","-93.28125"
"1049","-93.4296875","-93.4296875","-93.4296875"
"1050","-91.3515625","-91.3515625","-91.3515625"
"1051","-90.25","-90.25","-90.25"
"1052","-92.09375","-92.09375","-92.09375"
"1053","-90.5625","-90.5625","-90.5625"
"1054","-89.765625","-89.765625","-89.765625"
"1055","-92.5625","-92.5625","-92.5625"
"1056","-91.8046875","-91.8046875","-91.8046875"
"1057","-95.6796875","-95.6796875","-95.6796875"
"1058","-91.875","-91.875","-91.875"
"1059","-90.6875","-90.6875","-90.6875"
"1060","-92.140625","-92.140625","-92.140625"
"1061","-93.203125","-93.203125","-93.203125"
"1062","-94.8515625","-94.8515625","-94.8515625"
"1063","-92.453125","-92.453125","-92.453125"
"1064","-94.1796875","-94.1796875","-94.1796875"
"1065","-95.421875","-95.421875","-95.421875"
"1066","-88.953125","-88.953125","-88.953125"
"1067","-88.8828125","-88.8828125","-88.8828125"
"1068","-98.8828125","-98.8828125","-98.8828125"
"1069","-92.75","-92.75","-92.75"
"1070","-90.4765625","-90.4765625","-90.4765625"
"1071","-94.9921875","-94.9921875","-94.9921875"
"1072","-93.65625","-93.65625","-93.65625"
"1073","-94.0234375","-94.0234375","-94.0234375"
"1074","-95.796875","-95.796875","-95.796875"
"1075","-90.4609375","-90.4609375","-90.4609375"
"1076","-94.2734375","-94.2734375","-94.2734375"
"1077","-90.9609375","-90.9609375","-90.9609375"
"1078","-93.921875","-93.921875","-93.921875"
"1079","-93.8125","-93.8125","-93.8125"
"1080","-101.7890625","-101.7890625","-101.7890625"
"1081","-95.90625","-95.90625","-95.90625"
"1082","-89.9765625","-89.9765625","-89.9765625"
"1083","-92.078125","-92.078125","-92.078125"
"1084","-91.2734375","-91.2734375","-91.2734375"
"1085","-90.7265625","-90.7265625","-90.7265625"
"1086","-90.578125","-90.578125","-90.578125"
"1087","-90.5703125","-90.5703125","-90.5703125"
"1088","-89.3359375","-89.3359375","-89.3359375"
"1089","-89.015625","-89.015625","-89.015625"
"1090","-88.0546875","-88.0546875","-88.0546875"
"1091","-94.046875","-94.046875","-94.046875"
"1092","-90.0546875","-90.0546875","-90.0546875"
"1093","-89.9140625","-89.9140625","-89.9140625"
"1094","-93.34375","-93.34375","-93.34375"
"1095","-86.140625","-86.140625","-86.140625"
"1096","-89.8515625","-89.8515625","-89.8515625"
"1097","-94.9140625","-94.9140625","-94.9140625"
"1098","-94.3828125","-94.3828125","-94.3828125"
"1099","-91.015625","-91.015625","-91.015625"
"1100","-96.5703125","-96.5703125","-96.5703125"
"1101","-88.4140625","-88.4140625","-88.4140625"
"1102","-91.3984375","-91.3984375","-91.3984375"
"1103","-91.5703125","-91.5703125","-91.5703125"
"1104","-92.4140625","-92.4140625","-92.4140625"
"1105","-88.7890625","-88.7890625","-88.7890625"
"1106","-90.5390625","-90.5390625","-90.5390625"
"1107","-88.9765625","-88.9765625","-88.9765625"
"1108","-93.9453125","-93.9453125","-93.9453125"
"1109","-88.703125","-88.703125","-88.703125"
"1110","-91.375","-91.375","-91.375"
"1111","-94.125","-94.125","-94.125"
"1112","-92.453125","-92.453125","-92.453125"
"1113","-89.65625","-89.65625","-89.65625"
"1114","-86.84375","-86.84375","-86.84375"
"1115","-92.875","-92.875","-92.875"
"1116","-93","-93","-93"
"1117","-89.984375","-89.984375","-89.984375"
"1118","-89.09375","-89.09375","-89.09375"
"1119","-93.9765625","-93.9765625","-93.9765625"
"1120","-91.9921875","-91.9921875","-91.9921875"
"1121","-88.09375","-88.09375","-88.09375"
"1122","-89","-89","-89"
"1123","-95.3515625","-95.3515625","-95.3515625"
"1124","-90.6171875","-90.6171875","-90.6171875"
"1125","-89.65625","-89.65625","-89.65625"
"1126","-94.8359375","-94.8359375","-94.8359375"
"1127","-89.34375","-89.34375","-89.34375"
"1128","-90.40625","-90.40625","-90.40625"
"1129","-90.5234375","-90.5234375","-90.5234375"
"1130","-93.375","-93.375","-93.375"
"1131","-86.9765625","-86.9765625","-86.9765625"
"1132","-88.7734375","-88.7734375","-88.7734375"
"1133","-88.53125","-88.53125","-88.53125"
"1134","-85.6484375","-85.6484375","-85.6484375"
"1135","-87.703125","-87.703125","-87.703125"
"1136","-93.078125","-93.078125","-93.078125"
"1137","-86.9375","-86.9375","-86.9375"
"1138","-90.59375","-90.59375","-90.59375"
"1139","-92.421875","-92.421875","-92.421875"
"1140","-90.3046875","-90.3046875","-90.3046875"
"1141","-89.5625","-89.5625","-89.5625"
"1142","-90.0703125","-90.0703125","-90.0703125"
"1143","-89.0703125","-89.0703125","-89.0703125"
"1144","-90.296875","-90.296875","-90.296875"
"1145","-93.203125","-93.203125","-93.203125"
"1146","-90.484375","-90.484375","-90.484375"
"1147","-87.234375","-87.234375","-87.234375"
"1148","-86.9140625","-86.9140625","-86.9140625"
"1149","-88.484375","-88.484375","-88.484375"
"1150","-90.2890625","-90.2890625","-90.2890625"
"1151","-91.53125","-91.53125","-91.53125"
"1152","-89.2734375","-89.2734375","-89.2734375"
"1153","-91.671875","-91.671875","-91.671875"
"1154","-90.1796875","-90.1796875","-90.1796875"
"1155","-88.4609375","-88.4609375","-88.4609375"
"1156","-92.109375","-92.109375","-92.109375"
"1157","-89.5546875","-89.5546875","-89.5546875"
"1158","-91.390625","-91.390625","-91.390625"
"1159","-92.6640625","-92.6640625","-92.6640625"
"1160","-89.59375","-89.59375","-89.59375"
"1161","-92.2578125","-92.2578125","-92.2578125"
"1162","-93.984375","-93.984375","-93.984375"
"1163","-90.640625","-90.640625","-90.640625"
"1164","-93.015625","-93.015625","-93.015625"
"1165","-86.8828125","-86.8828125","-86.8828125"
"1166","-89.5625","-89.5625","-89.5625"
"1167","-92.28125","-92.28125","-92.28125"
"1168","-87.5078125","-87.5078125","-87.5078125"
"1169","-93.359375","-93.359375","-93.359375"
"1170","-96.484375","-96.484375","-96.484375"
"1171","-91.7578125","-91.7578125","-91.7578125"
"1172","-91.078125","-91.078125","-91.078125"
"1173","-89.2578125","-89.2578125","-89.2578125"
"1174","-90.7890625","-90.7890625","-90.7890625"
"1175","-91.4375","-91.4375","-91.4375"
"1176","-95.765625","-95.765625","-95.765625"
"1177","-91.4296875","-91.4296875","-91.4296875"
"1178","-89.46875","-89.46875","-89.46875"
"1179","-91.4296875","-91.4296875","-91.4296875"
"1180","-92.015625","-92.015625","-92.015625"
"1181","-86.46875","-86.46875","-86.46875"
"1182","-92.578125","-92.578125","-92.578125"
"1183","-92.1171875","-92.1171875","-92.1171875"
"1184","-87.3671875","-87.3671875","-87.3671875"
"1185","-88.9609375","-88.9609375","-88.9609375"
"1186","-90.296875","-90.296875","-90.296875"
"1187","-87.7734375","-87.7734375","-87.7734375"
"1188","-86.125","-86.125","-86.125"
"1189","-92.0546875","-92.0546875","-92.0546875"
"1190","-89.0234375","-89.0234375","-89.0234375"
"1191","-92.28125","-92.28125","-92.28125"
"1192","-86.828125","-86.828125","-86.828125"
"1193","-88.15625","-88.15625","-88.15625"
"1194","-90.15625","-90.15625","-90.15625"
"1195","-90.765625","-90.765625","-90.765625"
"1196","-92.6875","-92.6875","-92.6875"
"1197","-89.390625","-89.390625","-89.390625"
"1198","-92.6640625","-92.6640625","-92.6640625"
"1199","-86.6015625","-86.6015625","-86.6015625"
"1200","-93.25","-93.25","-93.25"
"1201","-200","-200","-200"
"1202","-200","-200","-200"
"1203","-200","-200","-200"
"1204","-200","-200","-200"
"1205","-200","-200","-200"
"1206","-200","-200","-200"
"1207","-200","-200","-200"
"1208","-200","-200","-200"
"1209","-200","-200","-200"
"1210","-200","-200","-200"
"1211","-200","-200","-200"
"1212","-200","-200","-200"
"1213","-200","-200","-200"
"1214","-200","-200","-200"
"1215","-200","-200","-200"
"1216","-200","-200","-200"
"1217","-200","-200","-200"
"1218","-200","-200","-200"
"1219","-200","-200","-200"
"1220","-200","-200","-200"
"1221","-200","-200","-200"
"1222","-200","-200","-200"
"1223","-200","-200","-200"
"1224","-200","-200","-200"
"1225","-200","-200","-200"
"1226","-200","-200","-200"
"1227","-200","-200","-200"
"1228","-200","-200","-200"
"1229","-200","-200","-200"
"1230","-200","-200","-200"
"1231","-200","-200","-200"
"1232","-200","-200","-200"
"1233","-200","-200","-200"
"1234","-200","-200","-200"
"1235","-200","-200","-200"
"1236","-200","-200","-200"
"1237","-200","-200","-200"
"1238","-200","-200","-200"
"1239","-200","-200","-200"
"1240","-200","-200","-200"
"1241","-200","-200","-200"
"1242","-200","-200","-200"
"1243","-200","-200","-200"
"1244","-200","-200","-200"
"1245","-200","-200","-200"
"1246","-200","-200","-200"
"1247","-200","-200","-200"
"1248","-200","-200","-200"
"1249","-200","-200","-200"
"1250","-200","-200","-200"
"1251","-200","-200","-200"
"1252","-200","-200","-200"
"1253","-200","-200","-200"
"1254","-200","-200","-200"
"1255","-200","-200","-200"
"1256","-200","-200","-200"
"1257","-200","-200","-200"
"1258","-200","-200","-200"
"1259","-200","-200","-200"
"1260","-200","-200","-200"
"1261","-200","-200","-200"
"1262","-200","-200","-200"
"1263","-200","-200","-200"
"1264","-200","-200","-200"
"1265","-200","-200","-200"
"1266","-200","-200","-200"
"1267","-200","-200","-200"
"1268","-200","-200","-200"
"1269","-200","-200","-200"
"1270","-200","-200","-200"
"1271","-200","-200","-200"
"1272","-200","-200","-200"
"1273","-200","-200","-200"
"1274","-200","-200","-200"
"1275","-200","-200","-200"
"1276","-200","-200","-200"
"1277","-200","-200","-200"
"1278","-200","-200","-200"
"1279","-200","-200","-200"
"1280","-200","-200","-200"
"1281","-200","-200","-200"
"1282","-200","-200","-200"
"1283","-200","-200","-200"
"1284","-200","-200","-200"
"1285","-200","-200","-200"
"1286","-200","-200","-200"
"1287","-200","-200","-200"
"1288","-200","-200","-200"
"1289","-200","-200","-200"
"1290","-200","-200","-200"
"1291","-200","-200","-200"
"1292","-200","-200","-200"
"1293","-200","-200","-200"
"1294","-200","-200","-200"
"1295","-200","-200","-200"
"1296","-200","-200","-200"
"1297","-200","-200","-200"
"1298","-200","-200","-200"
"1299","-200","-200","-200"
"1300","-200","-200","-200"
"1301","-200","-200","-200"
"1302","-200","-200","-200"
"1303","-200","-200","-200"
"1304","-200","-200","-200"
"1305","-200","-200","-200"
"1306","-200","-200","-200"
"1307","-200","-200","-200"
"1308","-200","-200","-200"
"1309","-200","-200","-200"
"1310","-200","-200","-200"
"1311","-200","-200","-200"
"1312","-200","-200","-200"
"1313","-200","-200","-200"
"1314","-200","-200","-200"
"1315","-200","-200","-200"
"1316","-200","-200","-200"
"1317","-200","-200","-200"
"1318","-200","-200","-200"
"1319","-200","-200","-200"
"1320","-200","-200","-200"
"1321","-200","-200","-200"
"1322","-200","-200","-200"
"1323","-200","-200","-200"
"1324","-200","-200","-200"
"1325","-200","-200","-200"
"1326","-200","-200","-200"
"1327","-200","-200","-200"
"1328","-200","-200","-200"
"1329","-200","-200","-200"
"1330","-200","-200","-200"
"1331","-200","-200","-200"
"1332","-200","-200","-200"
"1333","-200","-200","-200"
"1334","-200","-200","-200"
"1335","-200","-200","-200"
"1336","-200","-200","-200"
"1337","-200","-200","-200"
"1338","-200","-200","-200"
"1339","-200","-200","-200"
"1340","-200","-200","-200"
"1341","-200","-200","-200"
"1342","-200","-200","-200"
"1343","-200","-200","-200"
"1344","-200","-200","-200"
"1345","-200","-200","-200"
"1346","-200","-200","-200"
"1347","-200","-200","-200"
"1348","-200","-200","-200"
"1349","-200","-200","-200"
"1350","-200","-200","-200"
"1351","-200","-200","-200"
"1352","-200","-200","-200"
"1353","-200","-200","-200"
"1354","-200","-200","-200"
"1355","-200","-200","-200"
"1356","-200","-200","-200"
"1357","-200","-200","-200"
"1358","-200","-200","-200"
"1359","-200","-200","-200"
"1360","-200","-200","-200"
"1361","-200","-200","-200"
"1362","-200","-200","-200"
"1363","-200","-200","-200"
"1364","-200","-200","-200"
"1365","-200","-200","-200"
"1366","-200","-200","-200"
"1367","-200","-200","-200"
"1368","-200","-200","-200"
"1369","-200","-200","-200"
"1370","-200","-200","-200"
"1371","-200","-200","-200"
"1372","-200","-200","-200"
"1373","-200","-200","-200"
"1374","-200","-200","-200"
"1375","-200","-200","-200"
"1376","-200","-200","-200"
"1377","-200","-200","-200"
"1378","-200","-200","-200"
"1379","-200","-200","-200"
"1380","-200","-200","-200"
"1381","-200","-200","-200"
"1382","-200","-200","-200"
"1383","-200","-200","-200"
"1384","-200","-200","-200"
"1385","-200","-200","-200"
"1386","-200","-200","-200"
"1387","-200","-200","-200"
"1388","-200","-200","-200"
"1389","-200","-200","-200"
"1390","-200","-200","-200"
"1391","-200","-200","-200"
"1392","-200","-200","-200"
"1393","-200","-200","-200"
"1394","-200","-200","-200"
"1395","-200","-200","-200"
"1396","-200","-200","-200"
"1397","-200","-200","-200"
"1398","-200","-200","-200"
"1399","-200","-200","-200"
"1400","-200","-200","-200"
"1401","-200","-200","-200"
"1402","-200","-200","-200"
"1403","-200","-200","-200"
"1404","-200","-200","-200"
"1405","-200","-200","-200"
"1406","-199.21875","-199.21875","-199.21875"
"1407","-199.2890625","-199.2890625","-199.2890625"
"1408","-200","-200","-200"
"1409","-200","-200","-200"
"1410","-199.890625","-199.890625","-199.890625"
"1411","-200","-200","-200"
"1412","-200","-200","-200"
"1413","-199.765625","-199.765625","-199.765625"
"1414","-199.1875","-199.1875","-199.1875"
"1415","-200","-200","-200"
"1416","-198.7578125","-198.7578125","-198.7578125"
"1417","-200","-200","-200"
"1418","-200","-200","-200"
"1419","-200","-200","-200"
"1420","-200","-200","-200"
"1421","-200","-200","-200"
"1422","-200","-200","-200"
"1423","-200","-200","-200"
"1424","-200","-200","-200"
"1425","-200","-200","-200"
"1426","-200","-200","-200"
"1427","-200","-200","-200"
"1428","-200","-200","-200"
"1429","-200","-200","-200"
"1430","-200","-200","-200"
"1431","-200","-200","-200"
"1432","-200","-200","-200"
"1433","-200","-200","-200"
"1434","-200","-200","-200"
"1435","-200","-200","-200"
"1436","-200","-200","-200"
"1437","-200","-200","-200"
"1438","-200","-200","-200"
"1439","-200","-200","-200"
"1440","-200","-200","-200"
"1441","-200","-200","-200"
"1442","-200","-200","-200"
"1443","-200","-200","-200"
"1444","-200","-200","-200"
"1445","-200","-200","-200"
"1446","-200","-200","-200"
"1447","-200","-200","-200"
"1448","-200","-200","-200"
"1449","-200","-200","-200"
"1450","-200","-200","-200"
"1451","-200","-200","-200"
"1452","-200","-200","-200"
"1453","-200","-200","-200"
"1454","-200","-200","-200"
"1455","-200","-200","-200"
"1456","-200","-200","-200"
"1457","-200","-200","-200"
"1458","-200","-200","-200"
"1459","-200","-200","-200"
"1460","-200","-200","-200"
"1461","-200","-200","-200"
"1462","-200","-200","-200"
"1463","-200","-200","-200"
"1464","-200","-200","-200"
"1465","-200","-200","-200"
"1466","-200","-200","-200"
"1467","-200","-200","-200"
"1468","-200","-200","-200"
"1469","-200","-200","-200"
"1470","-200","-200","-200"
"1471","-200","-200","-200"
"1472","-200","-200","-200"
"1473","-200","-200","-200"
"1474","-200","-200","-200"
"1475","-200","-200","-200"
"1476","-200","-200","-200"
"1477","-200","-200","-200"
"1478","-200","-200","-200"
"1479","-200","-200","-200"
"1480","-200","-200","-200"
"1481","-200","-200","-200"
"1482","-200","-200","-200"
"1483","-200","-200","-200"
"1484","-200","-200","-200"
"1485","-200","-200","-200"
"1486","-200","-200","-200"
"1487","-200","-200","-200"
"1488","-200","-200","-200"
"1489","-200","-200","-200"
"1490","-200","-200","-200"
"1491","-200","-200","-200"
"1492","-200","-200","-200"
"1493","-200","-200","-200"
"1494","-200","-200","-200"
"1495","-200","-200","-200"
"1496","-200","-200","-200"
"1497","-200","-200","-200"
"1498","-200","-200","-200"
"1499","-200","-200","-200"
"1500","-200","-200","-200"
"1501","-200","-200","-200"
"1502","-200","-200","-200"
"1503","-200","-200","-200"
"1504","-200","-200","-200"
"1505","-200","-200","-200"
"1506","-200","-200","-200"
"1507","-200","-200","-200"
"1508","-200","-200","-200"
"1509","-200","-200","-200"
"1510","-200","-200","-200"
"1511","-200","-200","-200"
"1512","-200","-200","-200"
"1513","-200","-200","-200"
"1514","-200","-200","-200"
"1515","-200","-200","-200"
"1516","-200","-200","-200"
"1517","-200","-200","-200"
"1518","-200","-200","-200"
"1519","-200","-200","-200"
"1520","-200","-200","-200"
"1521","-200","-200","-200"
"1522","-200","-200","-200"
"1523","-200","-200","-200"
"1524","-200","-200","-200"
"1525","-200","-200","-200"
"1526","-200","-200","-200"
"1527","-200","-200","-200"
"1528","-200","-200","-200"
"1529","-200","-200","-200"
"1530","-200","-200","-200"
"1531","-200","-200","-200"
"1532","-200","-200","-200"
"1533","-200","-200","-200"
"1534","-200","-200","-200"
"1535","-200","-200","-200"
"1536","-200","-200","-200"
"1537","-200","-200","-200"
"1538","-200","-200","-200"
"1539","-200","-200","-200"
"1540","-200","-200","-200"
"1541","-200","-200","-200"
"1542","-200","-200","-200"
"1543","-200","-200","-200"
"1544","-200","-200","-200"
"1545","-200","-200","-200"
"1546","-200","-200","-200"
"1547","-200","-200","-200"
"1548","-200","-200","-200"
"1549","-200","-200","-200"
"1550","-200","-200","-200"
"1551","-200","-200","-200"
"1552","-200","-200","-200"
"1553","-200","-200","-200"
"1554","-200","-200","-200"
"1555","-200","-200","-200"
"1556","-200","-200","-200"
"1557","-200","-200","-200"
"1558","-200","-200","-200"
"1559","-200","-200","-200"
"1560","-200","-200","-200"
"1561","-200","-200","-200"
"1562","-200","-200","-200"
"1563","-200","-200","-200"
"1564","-200","-200","-200"
"1565","-200","-200","-200"
"1566","-200","-200","-200"
"1567","-200","-200","-200"
"1568","-200","-200","-200"
"1569","-200","-200","-200"
"1570","-200","-200","-200"
"1571","-200","-200","-200"
"1572","-200","-200","-200"
"1573","-200","-200","-200"
"1574","-200","-200","-200"
"1575","-200","-200","-200"
"1576","-200","-200","-200"
"1577","-200","-200","-200"
"1578","-200","-200","-200"
"1579","-200","-200","-200"
"1580","-200","-200","-200"
"1581","-200","-200","-200"
"1582","-200","-200","-200"
"1583","-200","-200","-200"
"1584","-200","-200","-200"
"1585","-200","-200","-200"
"1586","-200","-200","-200"
"1587","-200","-200","-200"
"1588","-200","-200","-200"
"1589","-200","-200","-200"
"1590","-200","-200","-200"
"1591","-200","-200","-200"
"1592","-200","-200","-200"
"1593","-200","-200","-200"
"1594","-200","-200","-200"
"1595","-200","-200","-200"
"1596","-200","-200","-200"
"1597","-200","-200","-200"
"1598","-200","-200","-200"
"1599","-200","-200","-200"
"1600","-200","-200","-200"
"1601","-200","-200","-200"
"1602","-200","-200","-200"
"1603","-200","-200","-200"
"1604","-200","-200","-200"
"1605","-200","-200","-200"
"1606","-200","-200","-200"
"1607","-200","-200","-200"
"1608","-200","-200","-200"
"1609","-200","-200","-200"
"1610","-200","-200","-200"
"1611","-200","-200","-200"
"1612","-200","-200","-200"
"1613","-200","-200","-200"
"1614","-200","-200","-200"
"1615","-200","-200","-200"
"1616","-200","-200","-200"
"1617","-200","-200","-200"
"1618","-200","-200","-200"
"1619","-200","-200","-200"
"1620","-200","-200","-200"
"1621","-200","-200","-200"
"1622","-200","-200","-200"
"1623","-200","-200","-200"
"1624","-200","-200","-200"
"1625","-200","-200","-200"
"1626","-200","-200","-200"
"1627","-200","-200","-200"
"1628","-200","-200","-200"
"1629","-200","-200","-200"
"1630","-200","-200","-200"
"1631","-200","-200","-200"
"1632","-200","-200","-200"
"1633","-200","-200","-200"
"1634","-200","-200","-200"
"1635","-200","-200","-200"
"1636","-200","-200","-200"
"1637","-200","-200","-200"
"1638","-200","-200","-200"
"1639","-200","-200","-200"
"1640","-200","-200","-200"
"1641","-200","-200","-200"
"1642","-200","-200","-200"
"1643","-200","-200","-200"
"1644","-200","-200","-200"
"1645","-200","-200","-200"
"1646","-200","-200","-200"
"1647","-200","-200","-200"
"1648","-200","-200","-200"
"1649","-200","-200","-200"
"1650","-200","-200","-200"
"1651","-200","-200","-200"
"1652","-200","-200","-200"
"1653","-200","-200","-200"
"1654","-200","-200","-200"
"1655","-200","-200","-200"
"1656","-200","-200","-200"
"1657","-200","-200","-200"
"1658","-200","-200","-200"
"1659","-200","-200","-200"
"1660","-200","-200","-200"
"1661","-200","-200","-200"
"1662","-200","-200","-200"
"1663","-200","-200","-200"
"1664","-200","-200","-200"
"1665","-200","-200","-200"
"1666","-200","-200","-200"
"1667","-200","-200","-200"
"1668","-200","-200","-200"
"1669","-200","-200","-200"
"1670","-200","-200","-200"
"1671","-200","-200","-200"
"1672","-200","-200","-200"
"1673","-200","-200","-200"
"1674","-200","-200","-200"
"1675","-200","-200","-200"
"1676","-200","-200","-200"
"1677","-200","-200","-200"
"1678","-200","-200","-200"
"1679","-200","-200","-200"
"1680","-200","-200","-200"
"1681","-200","-200","-200"
"1682","-200","-200","-200"
"1683","-200","-200","-200"
"1684","-200","-200","-200"
"1685","-200","-200","-200"
"1686","-200","-200","-200"
"1687","-200","-200","-200"
"1688","-200","-200","-200"
"1689","-200","-200","-200"
"1690","-200","-200","-200"
"1691","-200","-200","-200"
"1692","-200","-200","-200"
"1693","-200","-200","-200"
"1694","-200","-200","-200"
"1695","-200","-200","-200"
"1696","-200","-200","-200"
"1697","-200","-200","-200"
"1698","-200","-200","-200"
"1699","-200","-200","-200"
"1700","-200","-200","-200"
"1701","-200","-200","-200"
"1702","-200","-200","-200"
"1703","-200","-200","-200"
"1704","-200","-200","-200"
"1705","-200","-200","-200"
"1706","-200","-200","-200"
"1707","-200","-200","-200"
"1708","-200","-200","-200"
"1709","-200","-200","-200"
"1710","-200","-200","-200"
"1711","-200","-200","-200"
"1712","-200","-200","-200"
"1713","-200","-200","-200"
"1714","-200","-200","-200"
"1715","-200","-200","-200"
"1716","-200","-200","-200"
"1717","-200","-200","-200"
"1718","-200","-200","-200"
"1719","-200","-200","-200"
"1720","-200","-200","-200"
"1721","-200","-200","-200"
"1722","-200","-200","-200"
"1723","-200","-200","-200"
"1724","-200","-200","-200"
"1725","-200","-200","-200"
"1726","-200","-200","-200"
"1727","-200","-200","-200"
"1728","-200","-200","-200"
"1729","-200","-200","-200"
"1730","-200","-200","-200"
"1731","-200","-200","-200"
"1732","-200","-200","-200"
"1733","-200","-200","-200"
"1734","-200","-200","-200"
"1735","-200","-200","-200"
"1736","-200","-200","-200"
"1737","-200","-200","-200"
"1738","-200","-200","-200"
"1739","-200","-200","-200"
"1740","-200","-200","-200"
"1741","-200","-200","-200"
"1742","-200","-200","-200"
"1743","-200","-200","-200"
"1744","-200","-200","-200"
"1745","-200","-200","-200"
"1746","-200","-200","-200"
"1747","-200","-200","-200"
"1748","-200","-200","-200"
"1749","-200","-200","-200"
"1750","-200","-200","-200"
"1751","-200","-200","-200"
"1752","-200","-200","-200"
"1753","-200","-200","-200"
"1754","-200","-200","-200"
"1755","-200","-200","-200"
"1756","-200","-200","-200"
"1757","-200","-200","-200"
"1758","-200","-200","-200"
"1759","-200","-200","-200"
"1760","-200","-200","-200"
"1761","-200","-200","-200"
"1762","-200","-200","-200"
"1763","-200","-200","-200"
"1764","-200","-200","-200"
"1765","-200","-200","-200"
"1766","-200","-200","-200"
"1767","-200","-200","-200"
"1768","-200","-200","-200"
"1769","-200","-200","-200"
"1770","-200","-200","-200"
"1771","-200","-200","-200"
"1772","-200","-200","-200"
"1773","-200","-200","-200"
"1774","-200","-200","-200"
"1775","-200","-200","-200"
"1776","-200","-200","-200"
"1777","-200","-200","-200"
"1778","-200","-200","-200"
"1779","-200","-200","-200"
"1780","-200","-200","-200"
"1781","-200","-200","-200"
"1782","-200","-200","-200"
"1783","-200","-200","-200"
"1784","-200","-200","-200"
"1785","-200","-200","-200"
"1786","-200","-200","-200"
"1787","-200","-200","-200"
"1788","-200","-200","-200"
"1789","-200","-200","-200"
"1790","-200","-200","-200"
"1791","-200","-200","-200"
"1792","-200","-200","-200"
"1793","-200","-200","-200"
"1794","-200","-200","-200"
"1795","-200","-200","-200"
"1796","-200","-200","-200"
"1797","-200","-200","-200"
"1798","-200","-200","-200"
"1799","-200","-200","-200"
"1800","-200","-200","-200"
"1801","-88.6171875","-88.6171875","-88.6171875"
"1802","-90.1953125","-90.1953125","-90.1953125"
"1803","-87.09375","-87.09375","-87.09375"
"1804","-89.4296875","-89.4296875","-89.4296875"
"1805","-92.5078125","-92.5078125","-92.5078125"
"1806","-89.7421875","-89.7421875","-89.7421875"
"1807","-87.09375","-87.09375","-87.09375"
"1808","-89.390625","-89.390625","-89.390625"
"1809","-88.7578125","-88.7578125","-88.7578125"
"1810","-89.125","-89.125","-89.125"
"1811","-89.1640625","-89.1640625","-89.1640625"
"1812","-91.0703125","-91.0703125","-91.0703125"
"1813","-89.2734375","-89.2734375","-89.2734375"
"1814","-86.8671875","-86.8671875","-86.8671875"
"1815","-89.6640625","-89.6640625","-89.6640625"
"1816","-89.0234375","-89.0234375","-89.0234375"
"1817","-87.640625","-87.640625","-87.640625"
"1818","-87.8828125","-87.8828125","-87.8828125"
"1819","-88.7578125","-88.7578125","-88.7578125"
"1820","-88.2265625","-88.2265625","-88.2265625"
"1821","-90.1953125","-90.1953125","-90.1953125"
"1822","-89.6484375","-89.6484375","-89.6484375"
"1823","-88.796875","-88.796875","-88.796875"
"1824","-86.6640625","-86.6640625","-86.6640625"
"1825","-88.25","-88.25","-88.25"
"1826","-87.125","-87.125","-87.125"
"1827","-86.65625","-86.65625","-86.65625"
"1828","-88.0625","-88.0625","-88.0625"
"1829","-86.953125","-86.953125","-86.953125"
"1830","-86.25","-86.25","-86.25"
"1831","-87.8984375","-87.8984375","-87.8984375"
"1832","-88.1171875","-88.1171875","-88.1171875"
"1833","-89.765625","-89.765625","-89.765625"
"1834","-89.9921875","-89.9921875","-89.9921875"
"1835","-88.2734375","-88.2734375","-88.2734375"
"1836","-87.875","-87.875","-87.875"
"1837","-90.921875","-90.921875","-90.921875"
"1838","-91.9921875","-91.9921875","-91.9921875"
"1839","-87.59375","-87.59375","-87.59375"
"1840","-90.796875","-90.796875","-90.796875"
"1841","-91.59375","-91.59375","-91.59375"
"1842","-88.125","-88.125","-88.125"
"1843","-86.4296875","-86.4296875","-86.4296875"
"1844","-92.34375","-92.34375","-92.34375"
"1845","-89.34375","-89.34375","-89.34375"
"1846","-88.046875","-88.046875","-88.046875"
"1847","-87.6953125","-87.6953125","-87.6953125"
"1848","-89.84375","-89.84375","-89.84375"
"1849","-88.703125","-88.703125","-88.703125"
"1850","-89.4765625","-89.4765625","-89.4765625"
"1851","-86.1328125","-86.1328125","-86.1328125"
"1852","-92.5546875","-92.5546875","-92.5546875"
"1853","-90.6953125","-90.6953125","-90.6953125"
"1854","-88.296875","-88.296875","-88.296875"
"1855","-90.234375","-90.234375","-90.234375"
"1856","-90.8984375","-90.8984375","-90.8984375"
"1857","-91.3203125","-91.3203125","-91.3203125"
"1858","-88.1953125","-88.1953125","-88.1953125"
"1859","-89.0078125","-89.0078125","-89.0078125"
"1860","-87.015625","-87.015625","-87.015625"
"1861","-89.640625","-89.640625","-89.640625"
"1862","-87.6015625","-87.6015625","-87.6015625"
"1863","-91.28125","-91.28125","-91.28125"
"1864","-93.1640625","-93.1640625","-93.1640625"
"1865","-90.4375","-90.4375","-90.4375"
"1866","-90.296875","-90.296875","-90.296875"
"1867","-91.171875","-91.171875","-91.171875"
"1868","-87.1640625","-87.1640625","-87.1640625"
"1869","-89.1953125","-89.1953125","-89.1953125"
"1870","-88.40625","-88.40625","-88.40625"
"1871","-89.4921875","-89.4921875","-89.4921875"
"1872","-90.796875","-90.796875","-90.796875"
"1873","-89.1484375","-89.1484375","-89.1484375"
"1874","-88.7578125","-88.7578125","-88.7578125"
"1875","-94.125","-94.125","-94.125"
"1876","-90.953125","-90.953125","-90.953125"
"1877","-91.0546875","-91.0546875","-91.0546875"
"1878","-88.875","-88.875","-88.875"
"1879","-96","-96","-96"
"1880","-95.5859375","-95.5859375","-95.5859375"
"1881","-92.15625","-92.15625","-92.15625"
"1882","-94.421875","-94.421875","-94.421875"
"1883","-93.1328125","-93.1328125","-93.1328125"
"1884","-94.9921875","-94.9921875","-94.9921875"
"1885","-90.578125","-90.578125","-90.578125"
"1886","-92.4296875","-92.4296875","-92.4296875"
"1887","-90.5234375","-90.5234375","-90.5234375"
"1888","-88.7265625","-88.7265625","-88.7265625"
"1889","-90.3125","-90.3125","-90.3125"
"1890","-91.8984375","-91.8984375","-91.8984375"
"1891","-90.3515625","-90.3515625","-90.3515625"
"1892","-91.09375","-91.09375","-91.09375"
"1893","-86.9296875","-86.9296875","-86.9296875"
"1894","-93.96875","-93.96875","-93.96875"
"1895","-89.15625","-89.15625","-89.15625"
"1896","-90.5234375","-90.5234375","-90.5234375"
"1897","-88.5078125","-88.5078125","-88.5078125"
"1898","-92.7890625","-92.7890625","-92.7890625"
"1899","-88.0703125","-88.0703125","-88.0703125"
"1900","-87.515625","-87.515625","-87.515625"
"1901","-90.5078125","-90.5078125","-90.5078125"
"1902","-89.9921875","-89.9921875","-89.9921875"
"1903","-91.484375","-91.484375","-91.484375"
"1904","-91.2734375","-91.2734375","-91.2734375"
"1905","-90.0390625","-90.0390625","-90.0390625"
"1906","-90.078125","-90.078125","-90.078125"
"1907","-89.90625","-89.90625","-89.90625"
"1908","-88.2890625","-88.2890625","-88.2890625"
"1909","-88.125","-88.125","-88.125"
"1910","-89.8203125","-89.8203125","-89.8203125"
"1911","-87.8828125","-87.8828125","-87.8828125"
"1912","-93.625","-93.625","-93.625"
"1913","-88.859375","-88.859375","-88.859375"
"1914","-90.15625","-90.15625","-90.15625"
"1915","-89.4453125","-89.4453125","-89.4453125"
"1916","-89.109375","-89.109375","-89.109375"
"1917","-92.4765625","-92.4765625","-92.4765625"
"1918","-89.515625","-89.515625","-89.515625"
"1919","-90.1953125","-90.1953125","-90.1953125"
"1920","-90.046875","-90.046875","-90.046875"
"1921","-91.328125","-91.328125","-91.328125"
"1922","-93.6953125","-93.6953125","-93.6953125"
"1923","-87.6484375","-87.6484375","-87.6484375"
"1924","-87.390625","-87.390625","-87.390625"
"1925","-90.3671875","-90.3671875","-90.3671875"
"1926","-88.1484375","-88.1484375","-88.1484375"
"1927","-86.8984375","-86.8984375","-86.8984375"
"1928","-92.3828125","-92.3828125","-92.3828125"
"1929","-86.6953125","-86.6953125","-86.6953125"
"1930","-94.796875","-94.796875","-94.796875"
"1931","-89.125","-89.125","-89.125"
"1932","-83.9296875","-83.9296875","-83.9296875"
"1933","-87.7890625","-87.7890625","-87.7890625"
"1934","-89.59375","-89.59375","-89.59375"
"1935","-89.265625","-89.265625","-89.265625"
"1936","-87.671875","-87.671875","-87.671875"
"1937","-89.8125","-89.8125","-89.8125"
"1938","-89.671875","-89.671875","-89.671875"
"1939","-89.4296875","-89.4296875","-89.4296875"
"1940","-92.2421875","-92.2421875","-92.2421875"
"1941","-87.515625","-87.515625","-87.515625"
"1942","-90.9375","-90.9375","-90.9375"
"1943","-88.4140625","-88.4140625","-88.4140625"
"1944","-92.40625","-92.40625","-92.40625"
"1945","-89.9609375","-89.9609375","-89.9609375"
"1946","-89.8203125","-89.8203125","-89.8203125"
"1947","-89.96875","-89.96875","-89.96875"
"1948","-89.1953125","-89.1953125","-89.1953125"
"1949","-90.5859375","-90.5859375","-90.5859375"
"1950","-90.1953125","-90.1953125","-90.1953125"
"1951","-86.015625","-86.015625","-86.015625"
"1952","-90.6171875","-90.6171875","-90.6171875"
"1953","-90.890625","-90.890625","-90.890625"
"1954","-91.5625","-91.5625","-91.5625"
"1955","-90.84375","-90.84375","-90.84375"
"1956","-89.4921875","-89.4921875","-89.4921875"
"1957","-90.6875","-90.6875","-90.6875"
"1958","-90.2734375","-90.2734375","-90.2734375"
"1959","-88.0703125","-88.0703125","-88.0703125"
"1960","-89.140625","-89.140625","-89.140625"
"1961","-87.609375","-87.609375","-87.609375"
"1962","-87.6953125","-87.6953125","-87.6953125"
"1963","-94.7109375","-94.7109375","-94.7109375"
"1964","-89.046875","-89.046875","-89.046875"
"1965","-90.2578125","-90.2578125","-90.2578125"
"1966","-92.8359375","-92.8359375","-92.8359375"
"1967","-88.2421875","-88.2421875","-88.2421875"
"1968","-89.96875","-89.96875","-89.96875"
"1969","-90.640625","-90.640625","-90.640625"
"1970","-89.8515625","-89.8515625","-89.8515625"
"1971","-88.7890625","-88.7890625","-88.7890625"
"1972","-90.1171875","-90.1171875","-90.1171875"
"1973","-90.6328125","-90.6328125","-90.6328125"
"1974","-91.25","-91.25","-91.25"
"1975","-89.4921875","-89.4921875","-89.4921875"
"1976","-93.3515625","-93.3515625","-93.3515625"
"1977","-90.7890625","-90.7890625","-90.7890625"
"1978","-91.4296875","-91.4296875","-91.4296875"
"1979","-87.2890625","-87.2890625","-87.2890625"
"1980","-91.7421875","-91.7421875","-91.7421875"
"1981","-91.09375","-91.09375","-91.09375"
"1982","-89.109375","-89.109375","-89.109375"
"1983","-88.4140625","-88.4140625","-88.4140625"
"1984","-88.6875","-88.6875","-88.6875"
"1985","-94.328125","-94.328125","-94.328125"
"1986","-88.5390625","-88.5390625","-88.5390625"
"1987","-89.34375","-89.34375","-89.34375"
"1988","-86.65625","-86.65625","-86.65625"
"1989","-92.234375","-92.234375","-92.234375"
"1990","-89.3359375","-89.3359375","-89.3359375"
"1991","-92.140625","-92.140625","-92.140625"
"1992","-90.96875","-90.96875","-90.96875"
"1993","-89.53125","-89.53125","-89.53125"
"1994","-86.5625","-86.5625","-86.5625"
"1995","-89.4296875","-89.4296875","-89.4296875"
"1996","-96.3671875","-96.3671875","-96.3671875"
"1997","-92.828125","-92.828125","-92.828125"
"1998","-91.609375","-91.609375","-91.609375"
"1999","-90.0078125","-90.0078125","-90.0078125"