"Step","brax_ppo/num_timesteps_204480000 - current_best_fitness","brax_ppo/num_timesteps_204480000 - current_best_fitness__MIN","brax_ppo/num_timesteps_204480000 - current_best_fitness__MAX"
"0","-200","-200","-200"
"1","-200","-200","-200"
"2","-200","-200","-200"
"3","-200","-200","-200"
"4","-200","-200","-200"
"5","-200","-200","-200"
"6","-200","-200","-200"
"7","-200","-200","-200"
"8","-195.171875","-195.171875","-195.171875"
"9","-183.4609375","-183.4609375","-183.4609375"
"10","-194.8046875","-194.8046875","-194.8046875"
"11","-190.140625","-190.140625","-190.140625"
"12","-188.28125","-188.28125","-188.28125"
"13","-157.125","-157.125","-157.125"
"14","-129.8828125","-129.8828125","-129.8828125"
"15","-102.7265625","-102.7265625","-102.7265625"
"16","-89.4296875","-89.4296875","-89.4296875"
"17","-91.5078125","-91.5078125","-91.5078125"
"18","-85.8828125","-85.8828125","-85.8828125"
"19","-90.7265625","-90.7265625","-90.7265625"
"20","-89.9296875","-89.9296875","-89.9296875"
"21","-89.3828125","-89.3828125","-89.3828125"
"22","-85.03125","-85.03125","-85.03125"
"23","-85.9375","-85.9375","-85.9375"
"24","-82.578125","-82.578125","-82.578125"
"25","-81.125","-81.125","-81.125"
"26","-81.9765625","-81.9765625","-81.9765625"
"27","-84.3984375","-84.3984375","-84.3984375"
"28","-84.7578125","-84.7578125","-84.7578125"
"29","-83.6640625","-83.6640625","-83.6640625"
"30","-82.6484375","-82.6484375","-82.6484375"
"31","-84.328125","-84.328125","-84.328125"
"32","-83.8359375","-83.8359375","-83.8359375"
"33","-83.390625","-83.390625","-83.390625"
"34","-83.859375","-83.859375","-83.859375"
"35","-83.7734375","-83.7734375","-83.7734375"
"36","-83.046875","-83.046875","-83.046875"
"37","-82.953125","-82.953125","-82.953125"
"38","-83.75","-83.75","-83.75"
"39","-82.0703125","-82.0703125","-82.0703125"
"40","-82.4921875","-82.4921875","-82.4921875"
"41","-83.96875","-83.96875","-83.96875"
"42","-85.0078125","-85.0078125","-85.0078125"
"43","-83.3046875","-83.3046875","-83.3046875"
"44","-86.1875","-86.1875","-86.1875"
"45","-85.3359375","-85.3359375","-85.3359375"
"46","-89.9296875","-89.9296875","-89.9296875"
"47","-84.859375","-84.859375","-84.859375"
"48","-84.28125","-84.28125","-84.28125"
"49","-80.828125","-80.828125","-80.828125"
"50","-81.2578125","-81.2578125","-81.2578125"
"51","-84.828125","-84.828125","-84.828125"
"52","-83.578125","-83.578125","-83.578125"
"53","-81.7890625","-81.7890625","-81.7890625"
"54","-79.9765625","-79.9765625","-79.9765625"
"55","-87.015625","-87.015625","-87.015625"
"56","-85.5234375","-85.5234375","-85.5234375"
"57","-84.9375","-84.9375","-84.9375"
"58","-84.2265625","-84.2265625","-84.2265625"
"59","-81.2578125","-81.2578125","-81.2578125"
"60","-81.5859375","-81.5859375","-81.5859375"
"61","-85.390625","-85.390625","-85.390625"
"62","-83.890625","-83.890625","-83.890625"
"63","-82.7421875","-82.7421875","-82.7421875"
"64","-83.2890625","-83.2890625","-83.2890625"
"65","-82.34375","-82.34375","-82.34375"
"66","-84.3359375","-84.3359375","-84.3359375"
"67","-82.234375","-82.234375","-82.234375"
"68","-81.4609375","-81.4609375","-81.4609375"
"69","-79.9140625","-79.9140625","-79.9140625"
"70","-84.171875","-84.171875","-84.171875"
"71","-87.1015625","-87.1015625","-87.1015625"
"72","-81.8046875","-81.8046875","-81.8046875"
"73","-83.21875","-83.21875","-83.21875"
"74","-83.6953125","-83.6953125","-83.6953125"
"75","-82.9453125","-82.9453125","-82.9453125"
"76","-81.9453125","-81.9453125","-81.9453125"
"77","-83.171875","-83.171875","-83.171875"
"78","-83.3671875","-83.3671875","-83.3671875"
"79","-80.6953125","-80.6953125","-80.6953125"
"80","-83.7578125","-83.7578125","-83.7578125"
"81","-85.640625","-85.640625","-85.640625"
"82","-82.0390625","-82.0390625","-82.0390625"
"83","-82.296875","-82.296875","-82.296875"
"84","-88.2421875","-88.2421875","-88.2421875"
"85","-84.1171875","-84.1171875","-84.1171875"
"86","-82.890625","-82.890625","-82.890625"
"87","-80.734375","-80.734375","-80.734375"
"88","-82.9921875","-82.9921875","-82.9921875"
"89","-84.9140625","-84.9140625","-84.9140625"
"90","-84.0234375","-84.0234375","-84.0234375"
"91","-84.7890625","-84.7890625","-84.7890625"
"92","-84.3984375","-84.3984375","-84.3984375"
"93","-83.9921875","-83.9921875","-83.9921875"
"94","-86.859375","-86.859375","-86.859375"
"95","-83.5","-83.5","-83.5"
"96","-81.4296875","-81.4296875","-81.4296875"
"97","-81.3203125","-81.3203125","-81.3203125"
"98","-81.65625","-81.65625","-81.65625"
"99","-85.1171875","-85.1171875","-85.1171875"
"100","-81.3515625","-81.3515625","-81.3515625"
"101","-84.9453125","-84.9453125","-84.9453125"
"102","-84.15625","-84.15625","-84.15625"
"103","-82.8359375","-82.8359375","-82.8359375"
"104","-81.859375","-81.859375","-81.859375"
"105","-83.03125","-83.03125","-83.03125"
"106","-80.765625","-80.765625","-80.765625"
"107","-82.5625","-82.5625","-82.5625"
"108","-83.3671875","-83.3671875","-83.3671875"
"109","-83.75","-83.75","-83.75"
"110","-83.3671875","-83.3671875","-83.3671875"
"111","-82.3828125","-82.3828125","-82.3828125"
"112","-81.71875","-81.71875","-81.71875"
"113","-81.671875","-81.671875","-81.671875"
"114","-81.5390625","-81.5390625","-81.5390625"
"115","-83.3671875","-83.3671875","-83.3671875"
"116","-82.5","-82.5","-82.5"
"117","-81.828125","-81.828125","-81.828125"
"118","-80.2265625","-80.2265625","-80.2265625"
"119","-79.921875","-79.921875","-79.921875"
"120","-83.65625","-83.65625","-83.65625"
"121","-80.53125","-80.53125","-80.53125"
"122","-81.9765625","-81.9765625","-81.9765625"
"123","-82.0625","-82.0625","-82.0625"
"124","-81.03125","-81.03125","-81.03125"
"125","-82.5234375","-82.5234375","-82.5234375"
"126","-81.046875","-81.046875","-81.046875"
"127","-80.15625","-80.15625","-80.15625"
"128","-80.21875","-80.21875","-80.21875"
"129","-81.90625","-81.90625","-81.90625"
"130","-80.1015625","-80.1015625","-80.1015625"
"131","-80.0390625","-80.0390625","-80.0390625"
"132","-80.40625","-80.40625","-80.40625"
"133","-81.7890625","-81.7890625","-81.7890625"
"134","-83.28125","-83.28125","-83.28125"
"135","-78.765625","-78.765625","-78.765625"
"136","-79.3671875","-79.3671875","-79.3671875"
"137","-79.0546875","-79.0546875","-79.0546875"
"138","-81.421875","-81.421875","-81.421875"
"139","-80.9140625","-80.9140625","-80.9140625"
"140","-78.84375","-78.84375","-78.84375"
"141","-81.453125","-81.453125","-81.453125"
"142","-80.9375","-80.9375","-80.9375"
"143","-79.5703125","-79.5703125","-79.5703125"
"144","-80.0546875","-80.0546875","-80.0546875"
"145","-81.65625","-81.65625","-81.65625"
"146","-81.1171875","-81.1171875","-81.1171875"
"147","-80.7421875","-80.7421875","-80.7421875"
"148","-82.421875","-82.421875","-82.421875"
"149","-81.109375","-81.109375","-81.109375"
"150","-80.3125","-80.3125","-80.3125"
"151","-80.96875","-80.96875","-80.96875"
"152","-80.828125","-80.828125","-80.828125"
"153","-81.65625","-81.65625","-81.65625"
"154","-82.1328125","-82.1328125","-82.1328125"
"155","-79.859375","-79.859375","-79.859375"
"156","-78.65625","-78.65625","-78.65625"
"157","-79.4921875","-79.4921875","-79.4921875"
"158","-82.5390625","-82.5390625","-82.5390625"
"159","-80.6015625","-80.6015625","-80.6015625"
"160","-78.421875","-78.421875","-78.421875"
"161","-80.265625","-80.265625","-80.265625"
"162","-82.5703125","-82.5703125","-82.5703125"
"163","-79.6484375","-79.6484375","-79.6484375"
"164","-80.2890625","-80.2890625","-80.2890625"
"165","-81.3828125","-81.3828125","-81.3828125"
"166","-80.15625","-80.15625","-80.15625"
"167","-81.8984375","-81.8984375","-81.8984375"
"168","-80.1796875","-80.1796875","-80.1796875"
"169","-81.6015625","-81.6015625","-81.6015625"
"170","-79.1953125","-79.1953125","-79.1953125"
"171","-80.7265625","-80.7265625","-80.7265625"
"172","-80.453125","-80.453125","-80.453125"
"173","-79.3984375","-79.3984375","-79.3984375"
"174","-80.71875","-80.71875","-80.71875"
"175","-78.8515625","-78.8515625","-78.8515625"
"176","-78.9453125","-78.9453125","-78.9453125"
"177","-80.9765625","-80.9765625","-80.9765625"
"178","-79.5234375","-79.5234375","-79.5234375"
"179","-80.421875","-80.421875","-80.421875"
"180","-80.7265625","-80.7265625","-80.7265625"
"181","-79.3203125","-79.3203125","-79.3203125"
"182","-78.3984375","-78.3984375","-78.3984375"
"183","-79.9296875","-79.9296875","-79.9296875"
"184","-80.6875","-80.6875","-80.6875"
"185","-78.3515625","-78.3515625","-78.3515625"
"186","-81.375","-81.375","-81.375"
"187","-79.6328125","-79.6328125","-79.6328125"
"188","-80.4375","-80.4375","-80.4375"
"189","-80.8203125","-80.8203125","-80.8203125"
"190","-80.234375","-80.234375","-80.234375"
"191","-80.5","-80.5","-80.5"
"192","-78.9921875","-78.9921875","-78.9921875"
"193","-79.8515625","-79.8515625","-79.8515625"
"194","-78.4921875","-78.4921875","-78.4921875"
"195","-78.4375","-78.4375","-78.4375"
"196","-80.5625","-80.5625","-80.5625"
"197","-78.828125","-78.828125","-78.828125"
"198","-78.8828125","-78.8828125","-78.8828125"
"199","-79.7421875","-79.7421875","-79.7421875"
"200","-77.65625","-77.65625","-77.65625"
"201","-200","-200","-200"
"202","-200","-200","-200"
"203","-200","-200","-200"
"204","-200","-200","-200"
"205","-200","-200","-200"
"206","-200","-200","-200"
"207","-200","-200","-200"
"208","-200","-200","-200"
"209","-200","-200","-200"
"210","-200","-200","-200"
"211","-200","-200","-200"
"212","-200","-200","-200"
"213","-200","-200","-200"
"214","-200","-200","-200"
"215","-200","-200","-200"
"216","-200","-200","-200"
"217","-200","-200","-200"
"218","-200","-200","-200"
"219","-200","-200","-200"
"220","-200","-200","-200"
"221","-200","-200","-200"
"222","-200","-200","-200"
"223","-200","-200","-200"
"224","-200","-200","-200"
"225","-200","-200","-200"
"226","-200","-200","-200"
"227","-200","-200","-200"
"228","-200","-200","-200"
"229","-200","-200","-200"
"230","-200","-200","-200"
"231","-200","-200","-200"
"232","-200","-200","-200"
"233","-200","-200","-200"
"234","-200","-200","-200"
"235","-200","-200","-200"
"236","-200","-200","-200"
"237","-200","-200","-200"
"238","-200","-200","-200"
"239","-200","-200","-200"
"240","-200","-200","-200"
"241","-200","-200","-200"
"242","-200","-200","-200"
"243","-200","-200","-200"
"244","-200","-200","-200"
"245","-200","-200","-200"
"246","-200","-200","-200"
"247","-200","-200","-200"
"248","-200","-200","-200"
"249","-200","-200","-200"
"250","-200","-200","-200"
"251","-200","-200","-200"
"252","-200","-200","-200"
"253","-200","-200","-200"
"254","-200","-200","-200"
"255","-200","-200","-200"
"256","-200","-200","-200"
"257","-200","-200","-200"
"258","-200","-200","-200"
"259","-200","-200","-200"
"260","-200","-200","-200"
"261","-200","-200","-200"
"262","-200","-200","-200"
"263","-200","-200","-200"
"264","-200","-200","-200"
"265","-200","-200","-200"
"266","-200","-200","-200"
"267","-200","-200","-200"
"268","-200","-200","-200"
"269","-200","-200","-200"
"270","-200","-200","-200"
"271","-200","-200","-200"
"272","-200","-200","-200"
"273","-200","-200","-200"
"274","-200","-200","-200"
"275","-200","-200","-200"
"276","-200","-200","-200"
"277","-200","-200","-200"
"278","-200","-200","-200"
"279","-200","-200","-200"
"280","-200","-200","-200"
"281","-200","-200","-200"
"282","-200","-200","-200"
"283","-200","-200","-200"
"284","-200","-200","-200"
"285","-200","-200","-200"
"286","-200","-200","-200"
"287","-200","-200","-200"
"288","-200","-200","-200"
"289","-200","-200","-200"
"290","-200","-200","-200"
"291","-200","-200","-200"
"292","-200","-200","-200"
"293","-200","-200","-200"
"294","-200","-200","-200"
"295","-200","-200","-200"
"296","-200","-200","-200"
"297","-200","-200","-200"
"298","-200","-200","-200"
"299","-200","-200","-200"
"300","-200","-200","-200"
"301","-200","-200","-200"
"302","-200","-200","-200"
"303","-200","-200","-200"
"304","-200","-200","-200"
"305","-200","-200","-200"
"306","-200","-200","-200"
"307","-200","-200","-200"
"308","-200","-200","-200"
"309","-200","-200","-200"
"310","-200","-200","-200"
"311","-200","-200","-200"
"312","-200","-200","-200"
"313","-200","-200","-200"
"314","-200","-200","-200"
"315","-200","-200","-200"
"316","-200","-200","-200"
"317","-200","-200","-200"
"318","-200","-200","-200"
"319","-200","-200","-200"
"320","-200","-200","-200"
"321","-200","-200","-200"
"322","-200","-200","-200"
"323","-200","-200","-200"
"324","-200","-200","-200"
"325","-200","-200","-200"
"326","-200","-200","-200"
"327","-200","-200","-200"
"328","-200","-200","-200"
"329","-200","-200","-200"
"330","-200","-200","-200"
"331","-200","-200","-200"
"332","-200","-200","-200"
"333","-200","-200","-200"
"334","-200","-200","-200"
"335","-200","-200","-200"
"336","-200","-200","-200"
"337","-200","-200","-200"
"338","-200","-200","-200"
"339","-200","-200","-200"
"340","-200","-200","-200"
"341","-200","-200","-200"
"342","-200","-200","-200"
"343","-200","-200","-200"
"344","-200","-200","-200"
"345","-200","-200","-200"
"346","-200","-200","-200"
"347","-200","-200","-200"
"348","-200","-200","-200"
"349","-200","-200","-200"
"350","-200","-200","-200"
"351","-200","-200","-200"
"352","-200","-200","-200"
"353","-200","-200","-200"
"354","-200","-200","-200"
"355","-200","-200","-200"
"356","-200","-200","-200"
"357","-200","-200","-200"
"358","-200","-200","-200"
"359","-200","-200","-200"
"360","-200","-200","-200"
"361","-200","-200","-200"
"362","-200","-200","-200"
"363","-200","-200","-200"
"364","-200","-200","-200"
"365","-200","-200","-200"
"366","-200","-200","-200"
"367","-200","-200","-200"
"368","-200","-200","-200"
"369","-200","-200","-200"
"370","-200","-200","-200"
"371","-200","-200","-200"
"372","-200","-200","-200"
"373","-200","-200","-200"
"374","-200","-200","-200"
"375","-200","-200","-200"
"376","-200","-200","-200"
"377","-200","-200","-200"
"378","-200","-200","-200"
"379","-200","-200","-200"
"380","-200","-200","-200"
"381","-200","-200","-200"
"382","-200","-200","-200"
"383","-200","-200","-200"
"384","-200","-200","-200"
"385","-200","-200","-200"
"386","-200","-200","-200"
"387","-200","-200","-200"
"388","-200","-200","-200"
"389","-200","-200","-200"
"390","-200","-200","-200"
"391","-200","-200","-200"
"392","-200","-200","-200"
"393","-200","-200","-200"
"394","-200","-200","-200"
"395","-200","-200","-200"
"396","-200","-200","-200"
"397","-200","-200","-200"
"398","-200","-200","-200"
"399","-200","-200","-200"
"400","-200","-200","-200"
"401","-94.796875","-94.796875","-94.796875"
"402","-94.1015625","-94.1015625","-94.1015625"
"403","-97.1015625","-97.1015625","-97.1015625"
"404","-96.0078125","-96.0078125","-96.0078125"
"405","-96.59375","-96.59375","-96.59375"
"406","-97.1171875","-97.1171875","-97.1171875"
"407","-98.7734375","-98.7734375","-98.7734375"
"408","-101","-101","-101"
"409","-99.703125","-99.703125","-99.703125"
"410","-98.7109375","-98.7109375","-98.7109375"
"411","-96.96875","-96.96875","-96.96875"
"412","-98.59375","-98.59375","-98.59375"
"413","-95.171875","-95.171875","-95.171875"
"414","-92.8046875","-92.8046875","-92.8046875"
"415","-97.1328125","-97.1328125","-97.1328125"
"416","-93.4609375","-93.4609375","-93.4609375"
"417","-90.5078125","-90.5078125","-90.5078125"
"418","-91.1953125","-91.1953125","-91.1953125"
"419","-96.2421875","-96.2421875","-96.2421875"
"420","-91.1015625","-91.1015625","-91.1015625"
"421","-94.3203125","-94.3203125","-94.3203125"
"422","-96.5625","-96.5625","-96.5625"
"423","-94.296875","-94.296875","-94.296875"
"424","-95.78125","-95.78125","-95.78125"
"425","-96.78125","-96.78125","-96.78125"
"426","-96.4375","-96.4375","-96.4375"
"427","-96.5390625","-96.5390625","-96.5390625"
"428","-98.3359375","-98.3359375","-98.3359375"
"429","-94.828125","-94.828125","-94.828125"
"430","-95.78125","-95.78125","-95.78125"
"431","-97.296875","-97.296875","-97.296875"
"432","-95.59375","-95.59375","-95.59375"
"433","-92.6953125","-92.6953125","-92.6953125"
"434","-90.6171875","-90.6171875","-90.6171875"
"435","-99.2578125","-99.2578125","-99.2578125"
"436","-98.84375","-98.84375","-98.84375"
"437","-99.5546875","-99.5546875","-99.5546875"
"438","-102.7421875","-102.7421875","-102.7421875"
"439","-106.171875","-106.171875","-106.171875"
"440","-101.8671875","-101.8671875","-101.8671875"
"441","-101.140625","-101.140625","-101.140625"
"442","-99.6171875","-99.6171875","-99.6171875"
"443","-98.7421875","-98.7421875","-98.7421875"
"444","-100.1015625","-100.1015625","-100.1015625"
"445","-103.265625","-103.265625","-103.265625"
"446","-99.3046875","-99.3046875","-99.3046875"
"447","-103.09375","-103.09375","-103.09375"
"448","-99.734375","-99.734375","-99.734375"
"449","-98.7421875","-98.7421875","-98.7421875"
"450","-102.2421875","-102.2421875","-102.2421875"
"451","-107.9609375","-107.9609375","-107.9609375"
"452","-101.1953125","-101.1953125","-101.1953125"
"453","-104.7109375","-104.7109375","-104.7109375"
"454","-96.9296875","-96.9296875","-96.9296875"
"455","-89.875","-89.875","-89.875"
"456","-93.0703125","-93.0703125","-93.0703125"
"457","-96.328125","-96.328125","-96.328125"
"458","-98.265625","-98.265625","-98.265625"
"459","-96.3125","-96.3125","-96.3125"
"460","-97.03125","-97.03125","-97.03125"
"461","-99.3984375","-99.3984375","-99.3984375"
"462","-100.2421875","-100.2421875","-100.2421875"
"463","-96.546875","-96.546875","-96.546875"
"464","-98.515625","-98.515625","-98.515625"
"465","-95.3671875","-95.3671875","-95.3671875"
"466","-95.3046875","-95.3046875","-95.3046875"
"467","-97.8203125","-97.8203125","-97.8203125"
"468","-101.5390625","-101.5390625","-101.5390625"
"469","-99.359375","-99.359375","-99.359375"
"470","-99.546875","-99.546875","-99.546875"
"471","-96.1484375","-96.1484375","-96.1484375"
"472","-97.7890625","-97.7890625","-97.7890625"
"473","-102.578125","-102.578125","-102.578125"
"474","-101.7890625","-101.7890625","-101.7890625"
"475","-100.5859375","-100.5859375","-100.5859375"
"476","-106.890625","-106.890625","-106.890625"
"477","-104.8046875","-104.8046875","-104.8046875"
"478","-106.1484375","-106.1484375","-106.1484375"
"479","-108.203125","-108.203125","-108.203125"
"480","-111.125","-111.125","-111.125"
"481","-111.34375","-111.34375","-111.34375"
"482","-108.515625","-108.515625","-108.515625"
"483","-110.5859375","-110.5859375","-110.5859375"
"484","-112.7109375","-112.7109375","-112.7109375"
"485","-105.765625","-105.765625","-105.765625"
"486","-104.953125","-104.953125","-104.953125"
"487","-102.75","-102.75","-102.75"
"488","-103.1875","-103.1875","-103.1875"
"489","-108.5","-108.5","-108.5"
"490","-111.6484375","-111.6484375","-111.6484375"
"491","-106.75","-106.75","-106.75"
"492","-103.984375","-103.984375","-103.984375"
"493","-100.6171875","-100.6171875","-100.6171875"
"494","-105.1640625","-105.1640625","-105.1640625"
"495","-105","-105","-105"
"496","-107.15625","-107.15625","-107.15625"
"497","-100.5078125","-100.5078125","-100.5078125"
"498","-100.828125","-100.828125","-100.828125"
"499","-104.9453125","-104.9453125","-104.9453125"
"500","-104.03125","-104.03125","-104.03125"
"501","-104.2421875","-104.2421875","-104.2421875"
"502","-106","-106","-106"
"503","-114.3203125","-114.3203125","-114.3203125"
"504","-117.3046875","-117.3046875","-117.3046875"
"505","-110.640625","-110.640625","-110.640625"
"506","-110.8671875","-110.8671875","-110.8671875"
"507","-110.59375","-110.59375","-110.59375"
"508","-112.9921875","-112.9921875","-112.9921875"
"509","-111.25","-111.25","-111.25"
"510","-112.953125","-112.953125","-112.953125"
"511","-113.6328125","-113.6328125","-113.6328125"
"512","-117.7578125","-117.7578125","-117.7578125"
"513","-121.0625","-121.0625","-121.0625"
"514","-125.5546875","-125.5546875","-125.5546875"
"515","-125.8046875","-125.8046875","-125.8046875"
"516","-121.7734375","-121.7734375","-121.7734375"
"517","-125.734375","-125.734375","-125.734375"
"518","-127.6796875","-127.6796875","-127.6796875"
"519","-121.484375","-121.484375","-121.484375"
"520","-121.6328125","-121.6328125","-121.6328125"
"521","-124.453125","-124.453125","-124.453125"
"522","-124.1875","-124.1875","-124.1875"
"523","-118.0625","-118.0625","-118.0625"
"524","-116.4453125","-116.4453125","-116.4453125"
"525","-124.40625","-124.40625","-124.40625"
"526","-120.8125","-120.8125","-120.8125"
"527","-115.453125","-115.453125","-115.453125"
"528","-117.21875","-117.21875","-117.21875"
"529","-115.6484375","-115.6484375","-115.6484375"
"530","-121.0859375","-121.0859375","-121.0859375"
"531","-126.890625","-126.890625","-126.890625"
"532","-125.109375","-125.109375","-125.109375"
"533","-126.5859375","-126.5859375","-126.5859375"
"534","-124.6328125","-124.6328125","-124.6328125"
"535","-128.1640625","-128.1640625","-128.1640625"
"536","-128.84375","-128.84375","-128.84375"
"537","-132.2421875","-132.2421875","-132.2421875"
"538","-135.9765625","-135.9765625","-135.9765625"
"539","-136.78125","-136.78125","-136.78125"
"540","-136.515625","-136.515625","-136.515625"
"541","-131.0234375","-131.0234375","-131.0234375"
"542","-139.8828125","-139.8828125","-139.8828125"
"543","-141.1953125","-141.1953125","-141.1953125"
"544","-147.078125","-147.078125","-147.078125"
"545","-161.625","-161.625","-161.625"
"546","-170.921875","-170.921875","-170.921875"
"547","-170.09375","-170.09375","-170.09375"
"548","-171.8515625","-171.8515625","-171.8515625"
"549","-180.8203125","-180.8203125","-180.8203125"
"550","-165.703125","-165.703125","-165.703125"
"551","-158.5","-158.5","-158.5"
"552","-164.59375","-164.59375","-164.59375"
"553","-172.796875","-172.796875","-172.796875"
"554","-174.890625","-174.890625","-174.890625"
"555","-173.203125","-173.203125","-173.203125"
"556","-191.4296875","-191.4296875","-191.4296875"
"557","-194.6328125","-194.6328125","-194.6328125"
"558","-192.1796875","-192.1796875","-192.1796875"
"559","-194.328125","-194.328125","-194.328125"
"560","-189.7109375","-189.7109375","-189.7109375"
"561","-185.5859375","-185.5859375","-185.5859375"
"562","-176.34375","-176.34375","-176.34375"
"563","-174.96875","-174.96875","-174.96875"
"564","-181.7421875","-181.7421875","-181.7421875"
"565","-181.9375","-181.9375","-181.9375"
"566","-185.53125","-185.53125","-185.53125"
"567","-194.4453125","-194.4453125","-194.4453125"
"568","-195.90625","-195.90625","-195.90625"
"569","-193.3203125","-193.3203125","-193.3203125"
"570","-183.90625","-183.90625","-183.90625"
"571","-184.84375","-184.84375","-184.84375"
"572","-180.6484375","-180.6484375","-180.6484375"
"573","-188.6171875","-188.6171875","-188.6171875"
"574","-193.59375","-193.59375","-193.59375"
"575","-191.1171875","-191.1171875","-191.1171875"
"576","-188.359375","-188.359375","-188.359375"
"577","-183.921875","-183.921875","-183.921875"
"578","-181.09375","-181.09375","-181.09375"
"579","-189.171875","-189.171875","-189.171875"
"580","-185.8046875","-185.8046875","-185.8046875"
"581","-175.9765625","-175.9765625","-175.9765625"
"582","-179.2890625","-179.2890625","-179.2890625"
"583","-177.4765625","-177.4765625","-177.4765625"
"584","-180.734375","-180.734375","-180.734375"
"585","-188.609375","-188.609375","-188.609375"
"586","-178.09375","-178.09375","-178.09375"
"587","-185.8828125","-185.8828125","-185.8828125"
"588","-187.375","-187.375","-187.375"
"589","-184.5234375","-184.5234375","-184.5234375"
"590","-183.296875","-183.296875","-183.296875"
"591","-185.328125","-185.328125","-185.328125"
"592","-193.5390625","-193.5390625","-193.5390625"
"593","-191.171875","-191.171875","-191.171875"
"594","-198.5234375","-198.5234375","-198.5234375"
"595","-197.03125","-197.03125","-197.03125"
"596","-194.8359375","-194.8359375","-194.8359375"
"597","-194.3046875","-194.3046875","-194.3046875"
"598","-191.359375","-191.359375","-191.359375"
"599","-196.515625","-196.515625","-196.515625"
"600","-197.3203125","-197.3203125","-197.3203125"
"601","-200","-200","-200"
"602","-199.984375","-199.984375","-199.984375"
"603","-199.7421875","-199.7421875","-199.7421875"
"604","-199.828125","-199.828125","-199.828125"
"605","-199.8671875","-199.8671875","-199.8671875"
"606","-199.21875","-199.21875","-199.21875"
"607","-199.0625","-199.0625","-199.0625"
"608","-198.8359375","-198.8359375","-198.8359375"
"609","-199.53125","-199.53125","-199.53125"
"610","-199.3828125","-199.3828125","-199.3828125"
"611","-198.90625","-198.90625","-198.90625"
"612","-198.9765625","-198.9765625","-198.9765625"
"613","-199.53125","-199.53125","-199.53125"
"614","-199.671875","-199.671875","-199.671875"
"615","-199.40625","-199.40625","-199.40625"
"616","-199.2578125","-199.2578125","-199.2578125"
"617","-199.8203125","-199.8203125","-199.8203125"
"618","-199.5078125","-199.5078125","-199.5078125"
"619","-199.859375","-199.859375","-199.859375"
"620","-199.0625","-199.0625","-199.0625"
"621","-199.640625","-199.640625","-199.640625"
"622","-199.6171875","-199.6171875","-199.6171875"
"623","-199.5703125","-199.5703125","-199.5703125"
"624","-200","-200","-200"
"625","-199.890625","-199.890625","-199.890625"
"626","-199.859375","-199.859375","-199.859375"
"627","-199.890625","-199.890625","-199.890625"
"628","-199.8125","-199.8125","-199.8125"
"629","-200","-200","-200"
"630","-199.875","-199.875","-199.875"
"631","-199.2109375","-199.2109375","-199.2109375"
"632","-199.796875","-199.796875","-199.796875"
"633","-199.09375","-199.09375","-199.09375"
"634","-198.9609375","-198.9609375","-198.9609375"
"635","-198.6953125","-198.6953125","-198.6953125"
"636","-199.3515625","-199.3515625","-199.3515625"
"637","-199.625","-199.625","-199.625"
"638","-198.734375","-198.734375","-198.734375"
"639","-199.3125","-199.3125","-199.3125"
"640","-199.453125","-199.453125","-199.453125"
"641","-199.6015625","-199.6015625","-199.6015625"
"642","-199.875","-199.875","-199.875"
"643","-199.5546875","-199.5546875","-199.5546875"
"644","-199.6328125","-199.6328125","-199.6328125"
"645","-199.46875","-199.46875","-199.46875"
"646","-199.1875","-199.1875","-199.1875"
"647","-199.71875","-199.71875","-199.71875"
"648","-199.96875","-199.96875","-199.96875"
"649","-199.8984375","-199.8984375","-199.8984375"
"650","-199.75","-199.75","-199.75"
"651","-199.6953125","-199.6953125","-199.6953125"
"652","-198.9765625","-198.9765625","-198.9765625"
"653","-199.7890625","-199.7890625","-199.7890625"
"654","-199.375","-199.375","-199.375"
"655","-199.7578125","-199.7578125","-199.7578125"
"656","-199.96875","-199.96875","-199.96875"
"657","-199.828125","-199.828125","-199.828125"
"658","-199.4609375","-199.4609375","-199.4609375"
"659","-199.7421875","-199.7421875","-199.7421875"
"660","-199.84375","-199.84375","-199.84375"
"661","-199.9609375","-199.9609375","-199.9609375"
"662","-200","-200","-200"
"663","-200","-200","-200"
"664","-200","-200","-200"
"665","-200","-200","-200"
"666","-200","-200","-200"
"667","-200","-200","-200"
"668","-200","-200","-200"
"669","-200","-200","-200"
"670","-200","-200","-200"
"671","-200","-200","-200"
"672","-200","-200","-200"
"673","-199.921875","-199.921875","-199.921875"
"674","-200","-200","-200"
"675","-200","-200","-200"
"676","-200","-200","-200"
"677","-200","-200","-200"
"678","-199.96875","-199.96875","-199.96875"
"679","-200","-200","-200"
"680","-200","-200","-200"
"681","-200","-200","-200"
"682","-200","-200","-200"
"683","-200","-200","-200"
"684","-200","-200","-200"
"685","-200","-200","-200"
"686","-200","-200","-200"
"687","-200","-200","-200"
"688","-200","-200","-200"
"689","-200","-200","-200"
"690","-200","-200","-200"
"691","-200","-200","-200"
"692","-200","-200","-200"
"693","-200","-200","-200"
"694","-200","-200","-200"
"695","-200","-200","-200"
"696","-200","-200","-200"
"697","-200","-200","-200"
"698","-200","-200","-200"
"699","-200","-200","-200"
"700","-200","-200","-200"
"701","-200","-200","-200"
"702","-200","-200","-200"
"703","-200","-200","-200"
"704","-200","-200","-200"
"705","-200","-200","-200"
"706","-200","-200","-200"
"707","-200","-200","-200"
"708","-200","-200","-200"
"709","-199.9921875","-199.9921875","-199.9921875"
"710","-199.8359375","-199.8359375","-199.8359375"
"711","-200","-200","-200"
"712","-199.8359375","-199.8359375","-199.8359375"
"713","-200","-200","-200"
"714","-199.671875","-199.671875","-199.671875"
"715","-200","-200","-200"
"716","-199.8671875","-199.8671875","-199.8671875"
"717","-200","-200","-200"
"718","-199.9765625","-199.9765625","-199.9765625"
"719","-200","-200","-200"
"720","-200","-200","-200"
"721","-200","-200","-200"
"722","-199.9296875","-199.9296875","-199.9296875"
"723","-199.765625","-199.765625","-199.765625"
"724","-199.96875","-199.96875","-199.96875"
"725","-199.609375","-199.609375","-199.609375"
"726","-199.96875","-199.96875","-199.96875"
"727","-199.796875","-199.796875","-199.796875"
"728","-199.7109375","-199.7109375","-199.7109375"
"729","-199.78125","-199.78125","-199.78125"
"730","-199.6640625","-199.6640625","-199.6640625"
"731","-199.84375","-199.84375","-199.84375"
"732","-199.96875","-199.96875","-199.96875"
"733","-199.7109375","-199.7109375","-199.7109375"
"734","-199.5234375","-199.5234375","-199.5234375"
"735","-199.953125","-199.953125","-199.953125"
"736","-199.9609375","-199.9609375","-199.9609375"
"737","-199.9453125","-199.9453125","-199.9453125"
"738","-199.359375","-199.359375","-199.359375"
"739","-199.7421875","-199.7421875","-199.7421875"
"740","-199.875","-199.875","-199.875"
"741","-199.78125","-199.78125","-199.78125"
"742","-199.9765625","-199.9765625","-199.9765625"
"743","-199.9296875","-199.9296875","-199.9296875"
"744","-199.9609375","-199.9609375","-199.9609375"
"745","-200","-200","-200"
"746","-200","-200","-200"
"747","-199.8984375","-199.8984375","-199.8984375"
"748","-199.9296875","-199.9296875","-199.9296875"
"749","-199.9453125","-199.9453125","-199.9453125"
"750","-199.90625","-199.90625","-199.90625"
"751","-199.609375","-199.609375","-199.609375"
"752","-199.953125","-199.953125","-199.953125"
"753","-200","-200","-200"
"754","-200","-200","-200"
"755","-200","-200","-200"
"756","-199.984375","-199.984375","-199.984375"
"757","-200","-200","-200"
"758","-200","-200","-200"
"759","-200","-200","-200"
"760","-199.9140625","-199.9140625","-199.9140625"
"761","-199.84375","-199.84375","-199.84375"
"762","-200","-200","-200"
"763","-200","-200","-200"
"764","-200","-200","-200"
"765","-200","-200","-200"
"766","-200","-200","-200"
"767","-200","-200","-200"
"768","-200","-200","-200"
"769","-199.859375","-199.859375","-199.859375"
"770","-200","-200","-200"
"771","-199.8515625","-199.8515625","-199.8515625"
"772","-200","-200","-200"
"773","-199.8515625","-199.8515625","-199.8515625"
"774","-199.8359375","-199.8359375","-199.8359375"
"775","-200","-200","-200"
"776","-200","-200","-200"
"777","-200","-200","-200"
"778","-200","-200","-200"
"779","-200","-200","-200"
"780","-199.8671875","-199.8671875","-199.8671875"
"781","-200","-200","-200"
"782","-199.8203125","-199.8203125","-199.8203125"
"783","-200","-200","-200"
"784","-200","-200","-200"
"785","-200","-200","-200"
"786","-200","-200","-200"
"787","-200","-200","-200"
"788","-199.9921875","-199.9921875","-199.9921875"
"789","-200","-200","-200"
"790","-200","-200","-200"
"791","-200","-200","-200"
"792","-200","-200","-200"
"793","-200","-200","-200"
"794","-200","-200","-200"
"795","-200","-200","-200"
"796","-199.8671875","-199.8671875","-199.8671875"
"797","-200","-200","-200"
"798","-200","-200","-200"
"799","-200","-200","-200"
"800","-199.9140625","-199.9140625","-199.9140625"
"801","-200","-200","-200"
"802","-200","-200","-200"
"803","-200","-200","-200"
"804","-200","-200","-200"
"805","-200","-200","-200"
"806","-200","-200","-200"
"807","-200","-200","-200"
"808","-200","-200","-200"
"809","-200","-200","-200"
"810","-200","-200","-200"
"811","-200","-200","-200"
"812","-200","-200","-200"
"813","-200","-200","-200"
"814","-200","-200","-200"
"815","-200","-200","-200"
"816","-200","-200","-200"
"817","-200","-200","-200"
"818","-200","-200","-200"
"819","-200","-200","-200"
"820","-200","-200","-200"
"821","-200","-200","-200"
"822","-200","-200","-200"
"823","-200","-200","-200"
"824","-200","-200","-200"
"825","-200","-200","-200"
"826","-200","-200","-200"
"827","-200","-200","-200"
"828","-200","-200","-200"
"829","-200","-200","-200"
"830","-200","-200","-200"
"831","-200","-200","-200"
"832","-200","-200","-200"
"833","-200","-200","-200"
"834","-200","-200","-200"
"835","-200","-200","-200"
"836","-200","-200","-200"
"837","-200","-200","-200"
"838","-200","-200","-200"
"839","-200","-200","-200"
"840","-200","-200","-200"
"841","-200","-200","-200"
"842","-200","-200","-200"
"843","-200","-200","-200"
"844","-200","-200","-200"
"845","-200","-200","-200"
"846","-200","-200","-200"
"847","-200","-200","-200"
"848","-200","-200","-200"
"849","-200","-200","-200"
"850","-200","-200","-200"
"851","-200","-200","-200"
"852","-200","-200","-200"
"853","-200","-200","-200"
"854","-200","-200","-200"
"855","-200","-200","-200"
"856","-200","-200","-200"
"857","-200","-200","-200"
"858","-200","-200","-200"
"859","-200","-200","-200"
"860","-200","-200","-200"
"861","-200","-200","-200"
"862","-200","-200","-200"
"863","-200","-200","-200"
"864","-200","-200","-200"
"865","-200","-200","-200"
"866","-200","-200","-200"
"867","-200","-200","-200"
"868","-200","-200","-200"
"869","-200","-200","-200"
"870","-200","-200","-200"
"871","-200","-200","-200"
"872","-200","-200","-200"
"873","-200","-200","-200"
"874","-200","-200","-200"
"875","-200","-200","-200"
"876","-200","-200","-200"
"877","-200","-200","-200"
"878","-200","-200","-200"
"879","-200","-200","-200"
"880","-200","-200","-200"
"881","-200","-200","-200"
"882","-200","-200","-200"
"883","-200","-200","-200"
"884","-200","-200","-200"
"885","-200","-200","-200"
"886","-200","-200","-200"
"887","-200","-200","-200"
"888","-200","-200","-200"
"889","-200","-200","-200"
"890","-200","-200","-200"
"891","-200","-200","-200"
"892","-200","-200","-200"
"893","-200","-200","-200"
"894","-200","-200","-200"
"895","-200","-200","-200"
"896","-200","-200","-200"
"897","-200","-200","-200"
"898","-200","-200","-200"
"899","-200","-200","-200"
"900","-200","-200","-200"
"901","-200","-200","-200"
"902","-200","-200","-200"
"903","-200","-200","-200"
"904","-200","-200","-200"
"905","-200","-200","-200"
"906","-200","-200","-200"
"907","-200","-200","-200"
"908","-200","-200","-200"
"909","-200","-200","-200"
"910","-200","-200","-200"
"911","-200","-200","-200"
"912","-200","-200","-200"
"913","-200","-200","-200"
"914","-200","-200","-200"
"915","-200","-200","-200"
"916","-200","-200","-200"
"917","-200","-200","-200"
"918","-200","-200","-200"
"919","-200","-200","-200"
"920","-200","-200","-200"
"921","-200","-200","-200"
"922","-200","-200","-200"
"923","-200","-200","-200"
"924","-200","-200","-200"
"925","-200","-200","-200"
"926","-200","-200","-200"
"927","-200","-200","-200"
"928","-200","-200","-200"
"929","-200","-200","-200"
"930","-200","-200","-200"
"931","-200","-200","-200"
"932","-200","-200","-200"
"933","-200","-200","-200"
"934","-200","-200","-200"
"935","-200","-200","-200"
"936","-199.6328125","-199.6328125","-199.6328125"
"937","-197.8203125","-197.8203125","-197.8203125"
"938","-199.09375","-199.09375","-199.09375"
"939","-200","-200","-200"
"940","-200","-200","-200"
"941","-200","-200","-200"
"942","-200","-200","-200"
"943","-199.6875","-199.6875","-199.6875"
"944","-199.5859375","-199.5859375","-199.5859375"
"945","-192.5703125","-192.5703125","-192.5703125"
"946","-197.15625","-197.15625","-197.15625"
"947","-199.09375","-199.09375","-199.09375"
"948","-199.0625","-199.0625","-199.0625"
"949","-200","-200","-200"
"950","-198","-198","-198"
"951","-197.7890625","-197.7890625","-197.7890625"
"952","-194.25","-194.25","-194.25"
"953","-198.3046875","-198.3046875","-198.3046875"
"954","-199.2421875","-199.2421875","-199.2421875"
"955","-200","-200","-200"
"956","-200","-200","-200"
"957","-199.6015625","-199.6015625","-199.6015625"
"958","-200","-200","-200"
"959","-200","-200","-200"
"960","-200","-200","-200"
"961","-200","-200","-200"
"962","-200","-200","-200"
"963","-200","-200","-200"
"964","-200","-200","-200"
"965","-200","-200","-200"
"966","-200","-200","-200"
"967","-200","-200","-200"
"968","-200","-200","-200"
"969","-200","-200","-200"
"970","-200","-200","-200"
"971","-200","-200","-200"
"972","-200","-200","-200"
"973","-200","-200","-200"
"974","-200","-200","-200"
"975","-200","-200","-200"
"976","-200","-200","-200"
"977","-200","-200","-200"
"978","-200","-200","-200"
"979","-200","-200","-200"
"980","-200","-200","-200"
"981","-200","-200","-200"
"982","-200","-200","-200"
"983","-200","-200","-200"
"984","-200","-200","-200"
"985","-200","-200","-200"
"986","-200","-200","-200"
"987","-200","-200","-200"
"988","-200","-200","-200"
"989","-200","-200","-200"
"990","-200","-200","-200"
"991","-200","-200","-200"
"992","-200","-200","-200"
"993","-200","-200","-200"
"994","-200","-200","-200"
"995","-200","-200","-200"
"996","-200","-200","-200"
"997","-200","-200","-200"
"998","-200","-200","-200"
"999","-200","-200","-200"
"1000","-200","-200","-200"
"1001","-182.3984375","-182.3984375","-182.3984375"
"1002","-179.9765625","-179.9765625","-179.9765625"
"1003","-180.7890625","-180.7890625","-180.7890625"
"1004","-182.8828125","-182.8828125","-182.8828125"
"1005","-181.125","-181.125","-181.125"
"1006","-179.5","-179.5","-179.5"
"1007","-178.5625","-178.5625","-178.5625"
"1008","-179.609375","-179.609375","-179.609375"
"1009","-169.6953125","-169.6953125","-169.6953125"
"1010","-171.1875","-171.1875","-171.1875"
"1011","-177.171875","-177.171875","-177.171875"
"1012","-181.421875","-181.421875","-181.421875"
"1013","-173.34375","-173.34375","-173.34375"
"1014","-173.0625","-173.0625","-173.0625"
"1015","-170.359375","-170.359375","-170.359375"
"1016","-176.171875","-176.171875","-176.171875"
"1017","-175.078125","-175.078125","-175.078125"
"1018","-175.640625","-175.640625","-175.640625"
"1019","-168.609375","-168.609375","-168.609375"
"1020","-179.609375","-179.609375","-179.609375"
"1021","-176.859375","-176.859375","-176.859375"
"1022","-177.71875","-177.71875","-177.71875"
"1023","-177.8515625","-177.8515625","-177.8515625"
"1024","-177.6484375","-177.6484375","-177.6484375"
"1025","-169.796875","-169.796875","-169.796875"
"1026","-172.765625","-172.765625","-172.765625"
"1027","-173.6796875","-173.6796875","-173.6796875"
"1028","-171.84375","-171.84375","-171.84375"
"1029","-171.5390625","-171.5390625","-171.5390625"
"1030","-167.7109375","-167.7109375","-167.7109375"
"1031","-169.6015625","-169.6015625","-169.6015625"
"1032","-173.3515625","-173.3515625","-173.3515625"
"1033","-166.546875","-166.546875","-166.546875"
"1034","-166.078125","-166.078125","-166.078125"
"1035","-166.875","-166.875","-166.875"
"1036","-174.40625","-174.40625","-174.40625"
"1037","-179.9453125","-179.9453125","-179.9453125"
"1038","-177.71875","-177.71875","-177.71875"
"1039","-177.7890625","-177.7890625","-177.7890625"
"1040","-177.8203125","-177.8203125","-177.8203125"
"1041","-181.265625","-181.265625","-181.265625"
"1042","-185.6640625","-185.6640625","-185.6640625"
"1043","-178.65625","-178.65625","-178.65625"
"1044","-176.7109375","-176.7109375","-176.7109375"
"1045","-186.3125","-186.3125","-186.3125"
"1046","-179.9609375","-179.9609375","-179.9609375"
"1047","-186.3046875","-186.3046875","-186.3046875"
"1048","-187.3671875","-187.3671875","-187.3671875"
"1049","-185.9765625","-185.9765625","-185.9765625"
"1050","-187.078125","-187.078125","-187.078125"
"1051","-190.8984375","-190.8984375","-190.8984375"
"1052","-186.7578125","-186.7578125","-186.7578125"
"1053","-181.3984375","-181.3984375","-181.3984375"
"1054","-181.484375","-181.484375","-181.484375"
"1055","-186.671875","-186.671875","-186.671875"
"1056","-184.7734375","-184.7734375","-184.7734375"
"1057","-185.7578125","-185.7578125","-185.7578125"
"1058","-178.3359375","-178.3359375","-178.3359375"
"1059","-181.7734375","-181.7734375","-181.7734375"
"1060","-179.2421875","-179.2421875","-179.2421875"
"1061","-173.296875","-173.296875","-173.296875"
"1062","-177.8359375","-177.8359375","-177.8359375"
"1063","-178.921875","-178.921875","-178.921875"
"1064","-179.1875","-179.1875","-179.1875"
"1065","-173.6953125","-173.6953125","-173.6953125"
"1066","-182.3515625","-182.3515625","-182.3515625"
"1067","-169.6875","-169.6875","-169.6875"
"1068","-168.46875","-168.46875","-168.46875"
"1069","-165.71875","-165.71875","-165.71875"
"1070","-176.875","-176.875","-176.875"
"1071","-174.328125","-174.328125","-174.328125"
"1072","-178.6640625","-178.6640625","-178.6640625"
"1073","-184.75","-184.75","-184.75"
"1074","-185.3515625","-185.3515625","-185.3515625"
"1075","-181.6328125","-181.6328125","-181.6328125"
"1076","-181.734375","-181.734375","-181.734375"
"1077","-180.65625","-180.65625","-180.65625"
"1078","-183.078125","-183.078125","-183.078125"
"1079","-175.4453125","-175.4453125","-175.4453125"
"1080","-181.4609375","-181.4609375","-181.4609375"
"1081","-185.71875","-185.71875","-185.71875"
"1082","-182.921875","-182.921875","-182.921875"
"1083","-187.5546875","-187.5546875","-187.5546875"
"1084","-191","-191","-191"
"1085","-191.125","-191.125","-191.125"
"1086","-192.21875","-192.21875","-192.21875"
"1087","-191.359375","-191.359375","-191.359375"
"1088","-185.2265625","-185.2265625","-185.2265625"
"1089","-181.078125","-181.078125","-181.078125"
"1090","-187.046875","-187.046875","-187.046875"
"1091","-187.703125","-187.703125","-187.703125"
"1092","-182.234375","-182.234375","-182.234375"
"1093","-180.296875","-180.296875","-180.296875"
"1094","-184.03125","-184.03125","-184.03125"
"1095","-187.171875","-187.171875","-187.171875"
"1096","-187.5","-187.5","-187.5"
"1097","-182.3359375","-182.3359375","-182.3359375"
"1098","-180.3984375","-180.3984375","-180.3984375"
"1099","-178.328125","-178.328125","-178.328125"
"1100","-179.875","-179.875","-179.875"
"1101","-179.046875","-179.046875","-179.046875"
"1102","-177.34375","-177.34375","-177.34375"
"1103","-178.9296875","-178.9296875","-178.9296875"
"1104","-183.75","-183.75","-183.75"
"1105","-191.0546875","-191.0546875","-191.0546875"
"1106","-188.5078125","-188.5078125","-188.5078125"
"1107","-190.8515625","-190.8515625","-190.8515625"
"1108","-185.421875","-185.421875","-185.421875"
"1109","-183.1015625","-183.1015625","-183.1015625"
"1110","-181.1328125","-181.1328125","-181.1328125"
"1111","-177.3828125","-177.3828125","-177.3828125"
"1112","-173.7421875","-173.7421875","-173.7421875"
"1113","-186.34375","-186.34375","-186.34375"
"1114","-188.0703125","-188.0703125","-188.0703125"
"1115","-196.296875","-196.296875","-196.296875"
"1116","-186.5234375","-186.5234375","-186.5234375"
"1117","-194.4765625","-194.4765625","-194.4765625"
"1118","-196.515625","-196.515625","-196.515625"
"1119","-185.65625","-185.65625","-185.65625"
"1120","-189.2734375","-189.2734375","-189.2734375"
"1121","-186.84375","-186.84375","-186.84375"
"1122","-189.4296875","-189.4296875","-189.4296875"
"1123","-184.6171875","-184.6171875","-184.6171875"
"1124","-184.1640625","-184.1640625","-184.1640625"
"1125","-182.7734375","-182.7734375","-182.7734375"
"1126","-184.5","-184.5","-184.5"
"1127","-184.84375","-184.84375","-184.84375"
"1128","-185.4453125","-185.4453125","-185.4453125"
"1129","-191.625","-191.625","-191.625"
"1130","-194.703125","-194.703125","-194.703125"
"1131","-194.0546875","-194.0546875","-194.0546875"
"1132","-191.3984375","-191.3984375","-191.3984375"
"1133","-193.5625","-193.5625","-193.5625"
"1134","-186.859375","-186.859375","-186.859375"
"1135","-185.3515625","-185.3515625","-185.3515625"
"1136","-185.453125","-185.453125","-185.453125"
"1137","-181.4765625","-181.4765625","-181.4765625"
"1138","-185.2578125","-185.2578125","-185.2578125"
"1139","-184.765625","-184.765625","-184.765625"
"1140","-181.5859375","-181.5859375","-181.5859375"
"1141","-178.9140625","-178.9140625","-178.9140625"
"1142","-188.6640625","-188.6640625","-188.6640625"
"1143","-185.8515625","-185.8515625","-185.8515625"
"1144","-185.953125","-185.953125","-185.953125"
"1145","-187.7421875","-187.7421875","-187.7421875"
"1146","-190.6875","-190.6875","-190.6875"
"1147","-193.484375","-193.484375","-193.484375"
"1148","-187.625","-187.625","-187.625"
"1149","-194.5390625","-194.5390625","-194.5390625"
"1150","-191.6796875","-191.6796875","-191.6796875"
"1151","-191.6484375","-191.6484375","-191.6484375"
"1152","-187.703125","-187.703125","-187.703125"
"1153","-187.9453125","-187.9453125","-187.9453125"
"1154","-189.8203125","-189.8203125","-189.8203125"
"1155","-190.84375","-190.84375","-190.84375"
"1156","-190.3125","-190.3125","-190.3125"
"1157","-185.0859375","-185.0859375","-185.0859375"
"1158","-182.5546875","-182.5546875","-182.5546875"
"1159","-181.625","-181.625","-181.625"
"1160","-185.2734375","-185.2734375","-185.2734375"
"1161","-180.5625","-180.5625","-180.5625"
"1162","-184.1015625","-184.1015625","-184.1015625"
"1163","-186.6015625","-186.6015625","-186.6015625"
"1164","-186.7578125","-186.7578125","-186.7578125"
"1165","-191.53125","-191.53125","-191.53125"
"1166","-195.1953125","-195.1953125","-195.1953125"
"1167","-190.5859375","-190.5859375","-190.5859375"
"1168","-188.390625","-188.390625","-188.390625"
"1169","-188.7578125","-188.7578125","-188.7578125"
"1170","-189.078125","-189.078125","-189.078125"
"1171","-193.1953125","-193.1953125","-193.1953125"
"1172","-196","-196","-196"
"1173","-187.140625","-187.140625","-187.140625"
"1174","-189.5625","-189.5625","-189.5625"
"1175","-191.8984375","-191.8984375","-191.8984375"
"1176","-187.2265625","-187.2265625","-187.2265625"
"1177","-191.2734375","-191.2734375","-191.2734375"
"1178","-188.7578125","-188.7578125","-188.7578125"
"1179","-191.5703125","-191.5703125","-191.5703125"
"1180","-189.703125","-189.703125","-189.703125"
"1181","-192.3046875","-192.3046875","-192.3046875"
"1182","-194.8046875","-194.8046875","-194.8046875"
"1183","-197.015625","-197.015625","-197.015625"
"1184","-196.4375","-196.4375","-196.4375"
"1185","-193.625","-193.625","-193.625"
"1186","-197.109375","-197.109375","-197.109375"
"1187","-191.421875","-191.421875","-191.421875"
"1188","-195.3828125","-195.3828125","-195.3828125"
"1189","-192.0703125","-192.0703125","-192.0703125"
"1190","-188.7421875","-188.7421875","-188.7421875"
"1191","-181.03125","-181.03125","-181.03125"
"1192","-187.078125","-187.078125","-187.078125"
"1193","-180.703125","-180.703125","-180.703125"
"1194","-188.8671875","-188.8671875","-188.8671875"
"1195","-191.34375","-191.34375","-191.34375"
"1196","-195.4609375","-195.4609375","-195.4609375"
"1197","-192.9609375","-192.9609375","-192.9609375"
"1198","-191.625","-191.625","-191.625"
"1199","-192.984375","-192.984375","-192.984375"
"1200","-193.7109375","-193.7109375","-193.7109375"
"1201","-200","-200","-200"
"1202","-200","-200","-200"
"1203","-200","-200","-200"
"1204","-200","-200","-200"
"1205","-200","-200","-200"
"1206","-200","-200","-200"
"1207","-200","-200","-200"
"1208","-200","-200","-200"
"1209","-200","-200","-200"
"1210","-200","-200","-200"
"1211","-200","-200","-200"
"1212","-200","-200","-200"
"1213","-200","-200","-200"
"1214","-200","-200","-200"
"1215","-200","-200","-200"
"1216","-200","-200","-200"
"1217","-200","-200","-200"
"1218","-200","-200","-200"
"1219","-200","-200","-200"
"1220","-200","-200","-200"
"1221","-200","-200","-200"
"1222","-200","-200","-200"
"1223","-200","-200","-200"
"1224","-200","-200","-200"
"1225","-200","-200","-200"
"1226","-200","-200","-200"
"1227","-200","-200","-200"
"1228","-200","-200","-200"
"1229","-200","-200","-200"
"1230","-200","-200","-200"
"1231","-200","-200","-200"
"1232","-200","-200","-200"
"1233","-200","-200","-200"
"1234","-200","-200","-200"
"1235","-200","-200","-200"
"1236","-200","-200","-200"
"1237","-200","-200","-200"
"1238","-200","-200","-200"
"1239","-200","-200","-200"
"1240","-200","-200","-200"
"1241","-200","-200","-200"
"1242","-200","-200","-200"
"1243","-200","-200","-200"
"1244","-200","-200","-200"
"1245","-200","-200","-200"
"1246","-200","-200","-200"
"1247","-200","-200","-200"
"1248","-200","-200","-200"
"1249","-200","-200","-200"
"1250","-200","-200","-200"
"1251","-200","-200","-200"
"1252","-200","-200","-200"
"1253","-200","-200","-200"
"1254","-200","-200","-200"
"1255","-200","-200","-200"
"1256","-200","-200","-200"
"1257","-200","-200","-200"
"1258","-200","-200","-200"
"1259","-200","-200","-200"
"1260","-200","-200","-200"
"1261","-200","-200","-200"
"1262","-200","-200","-200"
"1263","-200","-200","-200"
"1264","-200","-200","-200"
"1265","-200","-200","-200"
"1266","-200","-200","-200"
"1267","-200","-200","-200"
"1268","-200","-200","-200"
"1269","-200","-200","-200"
"1270","-200","-200","-200"
"1271","-200","-200","-200"
"1272","-200","-200","-200"
"1273","-200","-200","-200"
"1274","-200","-200","-200"
"1275","-200","-200","-200"
"1276","-200","-200","-200"
"1277","-200","-200","-200"
"1278","-200","-200","-200"
"1279","-200","-200","-200"
"1280","-200","-200","-200"
"1281","-200","-200","-200"
"1282","-200","-200","-200"
"1283","-200","-200","-200"
"1284","-200","-200","-200"
"1285","-200","-200","-200"
"1286","-200","-200","-200"
"1287","-200","-200","-200"
"1288","-200","-200","-200"
"1289","-200","-200","-200"
"1290","-200","-200","-200"
"1291","-200","-200","-200"
"1292","-200","-200","-200"
"1293","-200","-200","-200"
"1294","-200","-200","-200"
"1295","-200","-200","-200"
"1296","-200","-200","-200"
"1297","-200","-200","-200"
"1298","-200","-200","-200"
"1299","-200","-200","-200"
"1300","-200","-200","-200"
"1301","-200","-200","-200"
"1302","-200","-200","-200"
"1303","-200","-200","-200"
"1304","-200","-200","-200"
"1305","-200","-200","-200"
"1306","-200","-200","-200"
"1307","-200","-200","-200"
"1308","-200","-200","-200"
"1309","-200","-200","-200"
"1310","-200","-200","-200"
"1311","-200","-200","-200"
"1312","-200","-200","-200"
"1313","-200","-200","-200"
"1314","-200","-200","-200"
"1315","-200","-200","-200"
"1316","-200","-200","-200"
"1317","-200","-200","-200"
"1318","-200","-200","-200"
"1319","-200","-200","-200"
"1320","-200","-200","-200"
"1321","-200","-200","-200"
"1322","-200","-200","-200"
"1323","-200","-200","-200"
"1324","-200","-200","-200"
"1325","-200","-200","-200"
"1326","-200","-200","-200"
"1327","-200","-200","-200"
"1328","-200","-200","-200"
"1329","-200","-200","-200"
"1330","-200","-200","-200"
"1331","-200","-200","-200"
"1332","-200","-200","-200"
"1333","-200","-200","-200"
"1334","-200","-200","-200"
"1335","-200","-200","-200"
"1336","-200","-200","-200"
"1337","-200","-200","-200"
"1338","-200","-200","-200"
"1339","-200","-200","-200"
"1340","-200","-200","-200"
"1341","-200","-200","-200"
"1342","-200","-200","-200"
"1343","-200","-200","-200"
"1344","-200","-200","-200"
"1345","-200","-200","-200"
"1346","-200","-200","-200"
"1347","-200","-200","-200"
"1348","-200","-200","-200"
"1349","-200","-200","-200"
"1350","-200","-200","-200"
"1351","-200","-200","-200"
"1352","-200","-200","-200"
"1353","-200","-200","-200"
"1354","-200","-200","-200"
"1355","-200","-200","-200"
"1356","-200","-200","-200"
"1357","-200","-200","-200"
"1358","-200","-200","-200"
"1359","-200","-200","-200"
"1360","-200","-200","-200"
"1361","-200","-200","-200"
"1362","-200","-200","-200"
"1363","-200","-200","-200"
"1364","-200","-200","-200"
"1365","-200","-200","-200"
"1366","-200","-200","-200"
"1367","-200","-200","-200"
"1368","-200","-200","-200"
"1369","-200","-200","-200"
"1370","-200","-200","-200"
"1371","-200","-200","-200"
"1372","-200","-200","-200"
"1373","-200","-200","-200"
"1374","-200","-200","-200"
"1375","-200","-200","-200"
"1376","-200","-200","-200"
"1377","-200","-200","-200"
"1378","-200","-200","-200"
"1379","-200","-200","-200"
"1380","-200","-200","-200"
"1381","-200","-200","-200"
"1382","-200","-200","-200"
"1383","-200","-200","-200"
"1384","-200","-200","-200"
"1385","-200","-200","-200"
"1386","-200","-200","-200"
"1387","-200","-200","-200"
"1388","-200","-200","-200"
"1389","-200","-200","-200"
"1390","-200","-200","-200"
"1391","-200","-200","-200"
"1392","-200","-200","-200"
"1393","-200","-200","-200"
"1394","-200","-200","-200"
"1395","-200","-200","-200"
"1396","-200","-200","-200"
"1397","-200","-200","-200"
"1398","-200","-200","-200"
"1399","-200","-200","-200"
"1400","-200","-200","-200"
"1401","-200","-200","-200"
"1402","-200","-200","-200"
"1403","-200","-200","-200"
"1404","-200","-200","-200"
"1405","-200","-200","-200"
"1406","-200","-200","-200"
"1407","-200","-200","-200"
"1408","-200","-200","-200"
"1409","-200","-200","-200"
"1410","-200","-200","-200"
"1411","-200","-200","-200"
"1412","-200","-200","-200"
"1413","-200","-200","-200"
"1414","-200","-200","-200"
"1415","-200","-200","-200"
"1416","-200","-200","-200"
"1417","-200","-200","-200"
"1418","-200","-200","-200"
"1419","-200","-200","-200"
"1420","-200","-200","-200"
"1421","-200","-200","-200"
"1422","-200","-200","-200"
"1423","-200","-200","-200"
"1424","-200","-200","-200"
"1425","-200","-200","-200"
"1426","-200","-200","-200"
"1427","-200","-200","-200"
"1428","-200","-200","-200"
"1429","-200","-200","-200"
"1430","-200","-200","-200"
"1431","-200","-200","-200"
"1432","-200","-200","-200"
"1433","-200","-200","-200"
"1434","-200","-200","-200"
"1435","-200","-200","-200"
"1436","-200","-200","-200"
"1437","-200","-200","-200"
"1438","-200","-200","-200"
"1439","-200","-200","-200"
"1440","-200","-200","-200"
"1441","-200","-200","-200"
"1442","-200","-200","-200"
"1443","-200","-200","-200"
"1444","-200","-200","-200"
"1445","-200","-200","-200"
"1446","-200","-200","-200"
"1447","-200","-200","-200"
"1448","-200","-200","-200"
"1449","-200","-200","-200"
"1450","-200","-200","-200"
"1451","-200","-200","-200"
"1452","-200","-200","-200"
"1453","-200","-200","-200"
"1454","-200","-200","-200"
"1455","-200","-200","-200"
"1456","-200","-200","-200"
"1457","-200","-200","-200"
"1458","-200","-200","-200"
"1459","-200","-200","-200"
"1460","-200","-200","-200"
"1461","-200","-200","-200"
"1462","-200","-200","-200"
"1463","-200","-200","-200"
"1464","-200","-200","-200"
"1465","-200","-200","-200"
"1466","-200","-200","-200"
"1467","-200","-200","-200"
"1468","-200","-200","-200"
"1469","-200","-200","-200"
"1470","-200","-200","-200"
"1471","-200","-200","-200"
"1472","-200","-200","-200"
"1473","-200","-200","-200"
"1474","-200","-200","-200"
"1475","-200","-200","-200"
"1476","-200","-200","-200"
"1477","-200","-200","-200"
"1478","-200","-200","-200"
"1479","-200","-200","-200"
"1480","-200","-200","-200"
"1481","-200","-200","-200"
"1482","-200","-200","-200"
"1483","-200","-200","-200"
"1484","-200","-200","-200"
"1485","-200","-200","-200"
"1486","-200","-200","-200"
"1487","-200","-200","-200"
"1488","-200","-200","-200"
"1489","-200","-200","-200"
"1490","-200","-200","-200"
"1491","-200","-200","-200"
"1492","-200","-200","-200"
"1493","-200","-200","-200"
"1494","-200","-200","-200"
"1495","-200","-200","-200"
"1496","-200","-200","-200"
"1497","-200","-200","-200"
"1498","-200","-200","-200"
"1499","-200","-200","-200"
"1500","-200","-200","-200"
"1501","-200","-200","-200"
"1502","-200","-200","-200"
"1503","-200","-200","-200"
"1504","-200","-200","-200"
"1505","-200","-200","-200"
"1506","-200","-200","-200"
"1507","-200","-200","-200"
"1508","-200","-200","-200"
"1509","-200","-200","-200"
"1510","-200","-200","-200"
"1511","-200","-200","-200"
"1512","-200","-200","-200"
"1513","-200","-200","-200"
"1514","-200","-200","-200"
"1515","-200","-200","-200"
"1516","-200","-200","-200"
"1517","-200","-200","-200"
"1518","-200","-200","-200"
"1519","-200","-200","-200"
"1520","-200","-200","-200"
"1521","-200","-200","-200"
"1522","-200","-200","-200"
"1523","-200","-200","-200"
"1524","-200","-200","-200"
"1525","-200","-200","-200"
"1526","-200","-200","-200"
"1527","-200","-200","-200"
"1528","-200","-200","-200"
"1529","-200","-200","-200"
"1530","-200","-200","-200"
"1531","-200","-200","-200"
"1532","-200","-200","-200"
"1533","-200","-200","-200"
"1534","-200","-200","-200"
"1535","-200","-200","-200"
"1536","-200","-200","-200"
"1537","-200","-200","-200"
"1538","-200","-200","-200"
"1539","-200","-200","-200"
"1540","-200","-200","-200"
"1541","-200","-200","-200"
"1542","-200","-200","-200"
"1543","-200","-200","-200"
"1544","-200","-200","-200"
"1545","-200","-200","-200"
"1546","-200","-200","-200"
"1547","-200","-200","-200"
"1548","-200","-200","-200"
"1549","-200","-200","-200"
"1550","-200","-200","-200"
"1551","-200","-200","-200"
"1552","-200","-200","-200"
"1553","-200","-200","-200"
"1554","-200","-200","-200"
"1555","-200","-200","-200"
"1556","-200","-200","-200"
"1557","-200","-200","-200"
"1558","-200","-200","-200"
"1559","-200","-200","-200"
"1560","-200","-200","-200"
"1561","-200","-200","-200"
"1562","-200","-200","-200"
"1563","-200","-200","-200"
"1564","-200","-200","-200"
"1565","-200","-200","-200"
"1566","-200","-200","-200"
"1567","-200","-200","-200"
"1568","-200","-200","-200"
"1569","-200","-200","-200"
"1570","-200","-200","-200"
"1571","-200","-200","-200"
"1572","-200","-200","-200"
"1573","-200","-200","-200"
"1574","-200","-200","-200"
"1575","-200","-200","-200"
"1576","-200","-200","-200"
"1577","-200","-200","-200"
"1578","-200","-200","-200"
"1579","-200","-200","-200"
"1580","-200","-200","-200"
"1581","-200","-200","-200"
"1582","-200","-200","-200"
"1583","-200","-200","-200"
"1584","-200","-200","-200"
"1585","-200","-200","-200"
"1586","-200","-200","-200"
"1587","-200","-200","-200"
"1588","-200","-200","-200"
"1589","-200","-200","-200"
"1590","-200","-200","-200"
"1591","-200","-200","-200"
"1592","-200","-200","-200"
"1593","-200","-200","-200"
"1594","-200","-200","-200"
"1595","-200","-200","-200"
"1596","-200","-200","-200"
"1597","-200","-200","-200"
"1598","-200","-200","-200"
"1599","-200","-200","-200"
"1600","-200","-200","-200"
"1601","-93.328125","-93.328125","-93.328125"
"1602","-92.671875","-92.671875","-92.671875"
"1603","-93.234375","-93.234375","-93.234375"
"1604","-92.6875","-92.6875","-92.6875"
"1605","-91.9296875","-91.9296875","-91.9296875"
"1606","-94.390625","-94.390625","-94.390625"
"1607","-93.84375","-93.84375","-93.84375"
"1608","-94.703125","-94.703125","-94.703125"
"1609","-94.4375","-94.4375","-94.4375"
"1610","-96.2421875","-96.2421875","-96.2421875"
"1611","-95.1953125","-95.1953125","-95.1953125"
"1612","-94.3984375","-94.3984375","-94.3984375"
"1613","-94.7734375","-94.7734375","-94.7734375"
"1614","-95.3515625","-95.3515625","-95.3515625"
"1615","-92.9765625","-92.9765625","-92.9765625"
"1616","-96.3359375","-96.3359375","-96.3359375"
"1617","-93.46875","-93.46875","-93.46875"
"1618","-91.2265625","-91.2265625","-91.2265625"
"1619","-95.09375","-95.09375","-95.09375"
"1620","-94.9296875","-94.9296875","-94.9296875"
"1621","-92.625","-92.625","-92.625"
"1622","-93.96875","-93.96875","-93.96875"
"1623","-93.40625","-93.40625","-93.40625"
"1624","-94.21875","-94.21875","-94.21875"
"1625","-90.6875","-90.6875","-90.6875"
"1626","-91.8125","-91.8125","-91.8125"
"1627","-91.9375","-91.9375","-91.9375"
"1628","-92.9765625","-92.9765625","-92.9765625"
"1629","-92.15625","-92.15625","-92.15625"
"1630","-94.875","-94.875","-94.875"
"1631","-92.2578125","-92.2578125","-92.2578125"
"1632","-92.296875","-92.296875","-92.296875"
"1633","-91.8046875","-91.8046875","-91.8046875"
"1634","-92.328125","-92.328125","-92.328125"
"1635","-92.40625","-92.40625","-92.40625"
"1636","-96.953125","-96.953125","-96.953125"
"1637","-91.484375","-91.484375","-91.484375"
"1638","-91.765625","-91.765625","-91.765625"
"1639","-93.0703125","-93.0703125","-93.0703125"
"1640","-93.40625","-93.40625","-93.40625"
"1641","-92.140625","-92.140625","-92.140625"
"1642","-92.2265625","-92.2265625","-92.2265625"
"1643","-94.65625","-94.65625","-94.65625"
"1644","-95.7421875","-95.7421875","-95.7421875"
"1645","-91.015625","-91.015625","-91.015625"
"1646","-94.28125","-94.28125","-94.28125"
"1647","-93.421875","-93.421875","-93.421875"
"1648","-90.515625","-90.515625","-90.515625"
"1649","-91.7734375","-91.7734375","-91.7734375"
"1650","-91.1328125","-91.1328125","-91.1328125"
"1651","-89.2109375","-89.2109375","-89.2109375"
"1652","-91.34375","-91.34375","-91.34375"
"1653","-89.984375","-89.984375","-89.984375"
"1654","-89.265625","-89.265625","-89.265625"
"1655","-92","-92","-92"
"1656","-91.265625","-91.265625","-91.265625"
"1657","-95.640625","-95.640625","-95.640625"
"1658","-92.5390625","-92.5390625","-92.5390625"
"1659","-90.46875","-90.46875","-90.46875"
"1660","-90.453125","-90.453125","-90.453125"
"1661","-88.765625","-88.765625","-88.765625"
"1662","-89.8828125","-89.8828125","-89.8828125"
"1663","-89","-89","-89"
"1664","-97.0078125","-97.0078125","-97.0078125"
"1665","-88.359375","-88.359375","-88.359375"
"1666","-91.4453125","-91.4453125","-91.4453125"
"1667","-89.0859375","-89.0859375","-89.0859375"
"1668","-88.5234375","-88.5234375","-88.5234375"
"1669","-87.2890625","-87.2890625","-87.2890625"
"1670","-90.546875","-90.546875","-90.546875"
"1671","-91.890625","-91.890625","-91.890625"
"1672","-89.9375","-89.9375","-89.9375"
"1673","-87.5703125","-87.5703125","-87.5703125"
"1674","-91.0234375","-91.0234375","-91.0234375"
"1675","-89.90625","-89.90625","-89.90625"
"1676","-89.109375","-89.109375","-89.109375"
"1677","-94.34375","-94.34375","-94.34375"
"1678","-91.609375","-91.609375","-91.609375"
"1679","-89.5234375","-89.5234375","-89.5234375"
"1680","-91.4765625","-91.4765625","-91.4765625"
"1681","-88.984375","-88.984375","-88.984375"
"1682","-92.4296875","-92.4296875","-92.4296875"
"1683","-92.1484375","-92.1484375","-92.1484375"
"1684","-88.6171875","-88.6171875","-88.6171875"
"1685","-89.90625","-89.90625","-89.90625"
"1686","-92.59375","-92.59375","-92.59375"
"1687","-91.46875","-91.46875","-91.46875"
"1688","-90.6171875","-90.6171875","-90.6171875"
"1689","-89.1640625","-89.1640625","-89.1640625"
"1690","-88.84375","-88.84375","-88.84375"
"1691","-92.578125","-92.578125","-92.578125"
"1692","-90.65625","-90.65625","-90.65625"
"1693","-87.8125","-87.8125","-87.8125"
"1694","-91.7734375","-91.7734375","-91.7734375"
"1695","-90.53125","-90.53125","-90.53125"
"1696","-90.078125","-90.078125","-90.078125"
"1697","-90.6875","-90.6875","-90.6875"
"1698","-92.5859375","-92.5859375","-92.5859375"
"1699","-87.8359375","-87.8359375","-87.8359375"
"1700","-89.1875","-89.1875","-89.1875"
"1701","-94.0390625","-94.0390625","-94.0390625"
"1702","-93.484375","-93.484375","-93.484375"
"1703","-87.484375","-87.484375","-87.484375"
"1704","-86.8359375","-86.8359375","-86.8359375"
"1705","-87.171875","-87.171875","-87.171875"
"1706","-92.625","-92.625","-92.625"
"1707","-88.9765625","-88.9765625","-88.9765625"
"1708","-90.84375","-90.84375","-90.84375"
"1709","-87.5234375","-87.5234375","-87.5234375"
"1710","-90.65625","-90.65625","-90.65625"
"1711","-92.234375","-92.234375","-92.234375"
"1712","-93.8828125","-93.8828125","-93.8828125"
"1713","-91.765625","-91.765625","-91.765625"
"1714","-91.3125","-91.3125","-91.3125"
"1715","-93.09375","-93.09375","-93.09375"
"1716","-92.1484375","-92.1484375","-92.1484375"
"1717","-90.921875","-90.921875","-90.921875"
"1718","-91.0625","-91.0625","-91.0625"
"1719","-91.8046875","-91.8046875","-91.8046875"
"1720","-93.609375","-93.609375","-93.609375"
"1721","-94.1953125","-94.1953125","-94.1953125"
"1722","-92.4453125","-92.4453125","-92.4453125"
"1723","-88.734375","-88.734375","-88.734375"
"1724","-90.734375","-90.734375","-90.734375"
"1725","-93.8984375","-93.8984375","-93.8984375"
"1726","-90.2734375","-90.2734375","-90.2734375"
"1727","-93.875","-93.875","-93.875"
"1728","-93.0625","-93.0625","-93.0625"
"1729","-94.4609375","-94.4609375","-94.4609375"
"1730","-94.1640625","-94.1640625","-94.1640625"
"1731","-88.8203125","-88.8203125","-88.8203125"
"1732","-91.3046875","-91.3046875","-91.3046875"
"1733","-93.4609375","-93.4609375","-93.4609375"
"1734","-92.921875","-92.921875","-92.921875"
"1735","-92.078125","-92.078125","-92.078125"
"1736","-94","-94","-94"
"1737","-90.546875","-90.546875","-90.546875"
"1738","-90.0234375","-90.0234375","-90.0234375"
"1739","-90.734375","-90.734375","-90.734375"
"1740","-93.921875","-93.921875","-93.921875"
"1741","-92.7578125","-92.7578125","-92.7578125"
"1742","-92.8203125","-92.8203125","-92.8203125"
"1743","-94.703125","-94.703125","-94.703125"
"1744","-90.7265625","-90.7265625","-90.7265625"
"1745","-91.296875","-91.296875","-91.296875"
"1746","-92.0625","-92.0625","-92.0625"
"1747","-91.5546875","-91.5546875","-91.5546875"
"1748","-93.90625","-93.90625","-93.90625"
"1749","-92.3359375","-92.3359375","-92.3359375"
"1750","-93.546875","-93.546875","-93.546875"
"1751","-89.765625","-89.765625","-89.765625"
"1752","-92.96875","-92.96875","-92.96875"
"1753","-91.1640625","-91.1640625","-91.1640625"
"1754","-88.6171875","-88.6171875","-88.6171875"
"1755","-90.1875","-90.1875","-90.1875"
"1756","-89.7890625","-89.7890625","-89.7890625"
"1757","-88.875","-88.875","-88.875"
"1758","-90.5234375","-90.5234375","-90.5234375"
"1759","-93.1640625","-93.1640625","-93.1640625"
"1760","-88.09375","-88.09375","-88.09375"
"1761","-93.578125","-93.578125","-93.578125"
"1762","-92.0390625","-92.0390625","-92.0390625"
"1763","-92.171875","-92.171875","-92.171875"
"1764","-91.828125","-91.828125","-91.828125"
"1765","-91.765625","-91.765625","-91.765625"
"1766","-88.78125","-88.78125","-88.78125"
"1767","-92.65625","-92.65625","-92.65625"
"1768","-90.078125","-90.078125","-90.078125"
"1769","-91.828125","-91.828125","-91.828125"
"1770","-90.84375","-90.84375","-90.84375"
"1771","-90.40625","-90.40625","-90.40625"
"1772","-89.046875","-89.046875","-89.046875"
"1773","-90.046875","-90.046875","-90.046875"
"1774","-91.0859375","-91.0859375","-91.0859375"
"1775","-93.0390625","-93.0390625","-93.0390625"
"1776","-93.8203125","-93.8203125","-93.8203125"
"1777","-92.0390625","-92.0390625","-92.0390625"
"1778","-91.734375","-91.734375","-91.734375"
"1779","-89.6875","-89.6875","-89.6875"
"1780","-93.3203125","-93.3203125","-93.3203125"
"1781","-91.59375","-91.59375","-91.59375"
"1782","-92.7734375","-92.7734375","-92.7734375"
"1783","-92.453125","-92.453125","-92.453125"
"1784","-91.2578125","-91.2578125","-91.2578125"
"1785","-90.5859375","-90.5859375","-90.5859375"
"1786","-93.9296875","-93.9296875","-93.9296875"
"1787","-92.4765625","-92.4765625","-92.4765625"
"1788","-89.328125","-89.328125","-89.328125"
"1789","-92.71875","-92.71875","-92.71875"
"1790","-89.4375","-89.4375","-89.4375"
"1791","-93.7890625","-93.7890625","-93.7890625"
"1792","-94.6015625","-94.6015625","-94.6015625"
"1793","-87.34375","-87.34375","-87.34375"
"1794","-88.2421875","-88.2421875","-88.2421875"
"1795","-88.984375","-88.984375","-88.984375"
"1796","-88","-88","-88"
"1797","-90.1953125","-90.1953125","-90.1953125"
"1798","-89.1953125","-89.1953125","-89.1953125"
"1799","-88.1171875","-88.1171875","-88.1171875"
"1800","-88.59375","-88.59375","-88.59375"
"1801","-136.640625","-136.640625","-136.640625"
"1802","-133.15625","-133.15625","-133.15625"
"1803","-135.234375","-135.234375","-135.234375"
"1804","-134.3203125","-134.3203125","-134.3203125"
"1805","-133.59375","-133.59375","-133.59375"
"1806","-132.5234375","-132.5234375","-132.5234375"
"1807","-135.375","-135.375","-135.375"
"1808","-139.4296875","-139.4296875","-139.4296875"
"1809","-137.15625","-137.15625","-137.15625"
"1810","-135.25","-135.25","-135.25"
"1811","-136.5234375","-136.5234375","-136.5234375"
"1812","-135.828125","-135.828125","-135.828125"
"1813","-134.40625","-134.40625","-134.40625"
"1814","-135.8359375","-135.8359375","-135.8359375"
"1815","-133.234375","-133.234375","-133.234375"
"1816","-132.4375","-132.4375","-132.4375"
"1817","-130.8046875","-130.8046875","-130.8046875"
"1818","-133.0546875","-133.0546875","-133.0546875"
"1819","-132.4140625","-132.4140625","-132.4140625"
"1820","-133.5","-133.5","-133.5"
"1821","-133.796875","-133.796875","-133.796875"
"1822","-133.2265625","-133.2265625","-133.2265625"
"1823","-131.71875","-131.71875","-131.71875"
"1824","-129.734375","-129.734375","-129.734375"
"1825","-130.1171875","-130.1171875","-130.1171875"
"1826","-129.7265625","-129.7265625","-129.7265625"
"1827","-127.734375","-127.734375","-127.734375"
"1828","-132.4140625","-132.4140625","-132.4140625"
"1829","-128.1640625","-128.1640625","-128.1640625"
"1830","-131.6015625","-131.6015625","-131.6015625"
"1831","-133.578125","-133.578125","-133.578125"
"1832","-131.5390625","-131.5390625","-131.5390625"
"1833","-133.6171875","-133.6171875","-133.6171875"
"1834","-128.25","-128.25","-128.25"
"1835","-131.5234375","-131.5234375","-131.5234375"
"1836","-128.2421875","-128.2421875","-128.2421875"
"1837","-135.0234375","-135.0234375","-135.0234375"
"1838","-132.4765625","-132.4765625","-132.4765625"
"1839","-136.03125","-136.03125","-136.03125"
"1840","-128.2578125","-128.2578125","-128.2578125"
"1841","-130.9921875","-130.9921875","-130.9921875"
"1842","-133.75","-133.75","-133.75"
"1843","-139.7421875","-139.7421875","-139.7421875"
"1844","-130.3203125","-130.3203125","-130.3203125"
"1845","-126.234375","-126.234375","-126.234375"
"1846","-130.6484375","-130.6484375","-130.6484375"
"1847","-139.40625","-139.40625","-139.40625"
"1848","-130.609375","-130.609375","-130.609375"
"1849","-140.5625","-140.5625","-140.5625"
"1850","-133.703125","-133.703125","-133.703125"
"1851","-136.2734375","-136.2734375","-136.2734375"
"1852","-135.203125","-135.203125","-135.203125"
"1853","-135.0546875","-135.0546875","-135.0546875"
"1854","-136.75","-136.75","-136.75"
"1855","-135.1640625","-135.1640625","-135.1640625"
"1856","-134.890625","-134.890625","-134.890625"
"1857","-137.3046875","-137.3046875","-137.3046875"
"1858","-133.609375","-133.609375","-133.609375"
"1859","-131.4296875","-131.4296875","-131.4296875"
"1860","-135.5078125","-135.5078125","-135.5078125"
"1861","-131.0546875","-131.0546875","-131.0546875"
"1862","-130.5625","-130.5625","-130.5625"
"1863","-131.5546875","-131.5546875","-131.5546875"
"1864","-133.3125","-133.3125","-133.3125"
"1865","-138.1015625","-138.1015625","-138.1015625"
"1866","-137.1640625","-137.1640625","-137.1640625"
"1867","-133.84375","-133.84375","-133.84375"
"1868","-134.484375","-134.484375","-134.484375"
"1869","-134.8671875","-134.8671875","-134.8671875"
"1870","-133.5703125","-133.5703125","-133.5703125"
"1871","-132.1875","-132.1875","-132.1875"
"1872","-134.8984375","-134.8984375","-134.8984375"
"1873","-136.0234375","-136.0234375","-136.0234375"
"1874","-133.6796875","-133.6796875","-133.6796875"
"1875","-133","-133","-133"
"1876","-131.34375","-131.34375","-131.34375"
"1877","-132.2578125","-132.2578125","-132.2578125"
"1878","-134.453125","-134.453125","-134.453125"
"1879","-134.6640625","-134.6640625","-134.6640625"
"1880","-137.96875","-137.96875","-137.96875"
"1881","-132.734375","-132.734375","-132.734375"
"1882","-136.8984375","-136.8984375","-136.8984375"
"1883","-136.2109375","-136.2109375","-136.2109375"
"1884","-134.53125","-134.53125","-134.53125"
"1885","-133.234375","-133.234375","-133.234375"
"1886","-136","-136","-136"
"1887","-134.7578125","-134.7578125","-134.7578125"
"1888","-136.421875","-136.421875","-136.421875"
"1889","-131.1171875","-131.1171875","-131.1171875"
"1890","-135.9140625","-135.9140625","-135.9140625"
"1891","-134.890625","-134.890625","-134.890625"
"1892","-130.9609375","-130.9609375","-130.9609375"
"1893","-132.90625","-132.90625","-132.90625"
"1894","-133.3046875","-133.3046875","-133.3046875"
"1895","-127.671875","-127.671875","-127.671875"
"1896","-128.5546875","-128.5546875","-128.5546875"
"1897","-131.2109375","-131.2109375","-131.2109375"
"1898","-131.8046875","-131.8046875","-131.8046875"
"1899","-127.453125","-127.453125","-127.453125"
"1900","-131.9140625","-131.9140625","-131.9140625"
"1901","-133.3671875","-133.3671875","-133.3671875"
"1902","-133.6171875","-133.6171875","-133.6171875"
"1903","-131.015625","-131.015625","-131.015625"
"1904","-134.4453125","-134.4453125","-134.4453125"
"1905","-132.9765625","-132.9765625","-132.9765625"
"1906","-130.7578125","-130.7578125","-130.7578125"
"1907","-127.1484375","-127.1484375","-127.1484375"
"1908","-130.703125","-130.703125","-130.703125"
"1909","-131.7890625","-131.7890625","-131.7890625"
"1910","-135.4921875","-135.4921875","-135.4921875"
"1911","-130.328125","-130.328125","-130.328125"
"1912","-134.7578125","-134.7578125","-134.7578125"
"1913","-132.7109375","-132.7109375","-132.7109375"
"1914","-133.46875","-133.46875","-133.46875"
"1915","-129.640625","-129.640625","-129.640625"
"1916","-127.7265625","-127.7265625","-127.7265625"
"1917","-132.1796875","-132.1796875","-132.1796875"
"1918","-129.734375","-129.734375","-129.734375"
"1919","-129.3125","-129.3125","-129.3125"
"1920","-126.8984375","-126.8984375","-126.8984375"
"1921","-133.25","-133.25","-133.25"
"1922","-131.4609375","-131.4609375","-131.4609375"
"1923","-139.8125","-139.8125","-139.8125"
"1924","-136.1328125","-136.1328125","-136.1328125"
"1925","-128.75","-128.75","-128.75"
"1926","-134.3125","-134.3125","-134.3125"
"1927","-137.4609375","-137.4609375","-137.4609375"
"1928","-137.8828125","-137.8828125","-137.8828125"
"1929","-135.65625","-135.65625","-135.65625"
"1930","-138.078125","-138.078125","-138.078125"
"1931","-132.015625","-132.015625","-132.015625"
"1932","-138.7421875","-138.7421875","-138.7421875"
"1933","-141.1484375","-141.1484375","-141.1484375"
"1934","-138.34375","-138.34375","-138.34375"
"1935","-134.9453125","-134.9453125","-134.9453125"
"1936","-134.1171875","-134.1171875","-134.1171875"
"1937","-130.9765625","-130.9765625","-130.9765625"
"1938","-138.625","-138.625","-138.625"
"1939","-134.0390625","-134.0390625","-134.0390625"
"1940","-132.4375","-132.4375","-132.4375"
"1941","-134.9921875","-134.9921875","-134.9921875"
"1942","-136.8046875","-136.8046875","-136.8046875"
"1943","-134.8671875","-134.8671875","-134.8671875"
"1944","-133.0703125","-133.0703125","-133.0703125"
"1945","-128.546875","-128.546875","-128.546875"
"1946","-131.125","-131.125","-131.125"
"1947","-135.6328125","-135.6328125","-135.6328125"
"1948","-137.578125","-137.578125","-137.578125"
"1949","-135.4375","-135.4375","-135.4375"
"1950","-134.8671875","-134.8671875","-134.8671875"
"1951","-140.5390625","-140.5390625","-140.5390625"
"1952","-133.34375","-133.34375","-133.34375"
"1953","-135.4140625","-135.4140625","-135.4140625"
"1954","-135.171875","-135.171875","-135.171875"
"1955","-139.2265625","-139.2265625","-139.2265625"
"1956","-133.65625","-133.65625","-133.65625"
"1957","-133.96875","-133.96875","-133.96875"
"1958","-136.59375","-136.59375","-136.59375"
"1959","-139.625","-139.625","-139.625"
"1960","-137.578125","-137.578125","-137.578125"
"1961","-135.4921875","-135.4921875","-135.4921875"
"1962","-136.0859375","-136.0859375","-136.0859375"
"1963","-137.6796875","-137.6796875","-137.6796875"
"1964","-133.21875","-133.21875","-133.21875"
"1965","-132.46875","-132.46875","-132.46875"
"1966","-136.1953125","-136.1953125","-136.1953125"
"1967","-137.1015625","-137.1015625","-137.1015625"
"1968","-134.4609375","-134.4609375","-134.4609375"
"1969","-129.90625","-129.90625","-129.90625"
"1970","-139.984375","-139.984375","-139.984375"
"1971","-129.5","-129.5","-129.5"
"1972","-130.359375","-130.359375","-130.359375"
"1973","-134.953125","-134.953125","-134.953125"
"1974","-136.4140625","-136.4140625","-136.4140625"
"1975","-129.2890625","-129.2890625","-129.2890625"
"1976","-133.46875","-133.46875","-133.46875"
"1977","-131.0390625","-131.0390625","-131.0390625"
"1978","-137.546875","-137.546875","-137.546875"
"1979","-134.2109375","-134.2109375","-134.2109375"
"1980","-130.3203125","-130.3203125","-130.3203125"
"1981","-127.875","-127.875","-127.875"
"1982","-130.2578125","-130.2578125","-130.2578125"
"1983","-134.171875","-134.171875","-134.171875"
"1984","-137.6796875","-137.6796875","-137.6796875"
"1985","-130.0703125","-130.0703125","-130.0703125"
"1986","-129","-129","-129"
"1987","-125.9609375","-125.9609375","-125.9609375"
"1988","-131.8671875","-131.8671875","-131.8671875"
"1989","-129.8515625","-129.8515625","-129.8515625"
"1990","-130.8515625","-130.8515625","-130.8515625"
"1991","-130.2109375","-130.2109375","-130.2109375"
"1992","-131.5390625","-131.5390625","-131.5390625"
"1993","-130.125","-130.125","-130.125"
"1994","-133.546875","-133.546875","-133.546875"
"1995","-128.8671875","-128.8671875","-128.8671875"
"1996","-130.796875","-130.796875","-130.796875"
"1997","-128.7421875","-128.7421875","-128.7421875"
"1998","-134.7109375","-134.7109375","-134.7109375"
"1999","-130.5","-130.5","-130.5"