"Step","evosax_OpenES/generations_2000_strategy_OpenES_popsize_512_es_kws_{'sigma_init': 0.3} - current_best_fitness","evosax_OpenES/generations_2000_strategy_OpenES_popsize_512_es_kws_{'sigma_init': 0.3} - current_best_fitness__MIN","evosax_OpenES/generations_2000_strategy_OpenES_popsize_512_es_kws_{'sigma_init': 0.3} - current_best_fitness__MAX"
"0","-200","-200","-200"
"1","-200","-200","-200"
"2","-200","-200","-200"
"3","-200","-200","-200"
"4","-200","-200","-200"
"5","-200","-200","-200"
"6","-200","-200","-200"
"7","-200","-200","-200"
"8","-200","-200","-200"
"9","-200","-200","-200"
"10","-200","-200","-200"
"11","-200","-200","-200"
"12","-200","-200","-200"
"13","-200","-200","-200"
"14","-200","-200","-200"
"15","-200","-200","-200"
"16","-200","-200","-200"
"17","-200","-200","-200"
"18","-200","-200","-200"
"19","-200","-200","-200"
"20","-200","-200","-200"
"21","-200","-200","-200"
"22","-200","-200","-200"
"23","-200","-200","-200"
"24","-200","-200","-200"
"25","-200","-200","-200"
"26","-200","-200","-200"
"27","-200","-200","-200"
"28","-200","-200","-200"
"29","-200","-200","-200"
"30","-200","-200","-200"
"31","-200","-200","-200"
"32","-200","-200","-200"
"33","-200","-200","-200"
"34","-200","-200","-200"
"35","-200","-200","-200"
"36","-200","-200","-200"
"37","-200","-200","-200"
"38","-200","-200","-200"
"39","-200","-200","-200"
"40","-200","-200","-200"
"41","-121","-121","-121"
"42","-200","-200","-200"
"43","-200","-200","-200"
"44","-200","-200","-200"
"45","-200","-200","-200"
"46","-200","-200","-200"
"47","-200","-200","-200"
"48","-200","-200","-200"
"49","-200","-200","-200"
"50","-200","-200","-200"
"51","-200","-200","-200"
"52","-200","-200","-200"
"53","-200","-200","-200"
"54","-200","-200","-200"
"55","-200","-200","-200"
"56","-200","-200","-200"
"57","-200","-200","-200"
"58","-200","-200","-200"
"59","-200","-200","-200"
"60","-200","-200","-200"
"61","-200","-200","-200"
"62","-200","-200","-200"
"63","-200","-200","-200"
"64","-200","-200","-200"
"65","-200","-200","-200"
"66","-200","-200","-200"
"67","-200","-200","-200"
"68","-200","-200","-200"
"69","-200","-200","-200"
"70","-200","-200","-200"
"71","-200","-200","-200"
"72","-200","-200","-200"
"73","-200","-200","-200"
"74","-200","-200","-200"
"75","-200","-200","-200"
"76","-200","-200","-200"
"77","-200","-200","-200"
"78","-200","-200","-200"
"79","-200","-200","-200"
"80","-200","-200","-200"
"81","-200","-200","-200"
"82","-200","-200","-200"
"83","-200","-200","-200"
"84","-200","-200","-200"
"85","-200","-200","-200"
"86","-200","-200","-200"
"87","-200","-200","-200"
"88","-200","-200","-200"
"89","-163","-163","-163"
"90","-200","-200","-200"
"91","-200","-200","-200"
"92","-184","-184","-184"
"93","-200","-200","-200"
"94","-200","-200","-200"
"95","-200","-200","-200"
"96","-200","-200","-200"
"97","-200","-200","-200"
"98","-200","-200","-200"
"99","-138","-138","-138"
"100","-200","-200","-200"
"101","-200","-200","-200"
"102","-200","-200","-200"
"103","-200","-200","-200"
"104","-200","-200","-200"
"105","-200","-200","-200"
"106","-200","-200","-200"
"107","-200","-200","-200"
"108","-200","-200","-200"
"109","-200","-200","-200"
"110","-200","-200","-200"
"111","-200","-200","-200"
"112","-200","-200","-200"
"113","-200","-200","-200"
"114","-200","-200","-200"
"115","-200","-200","-200"
"116","-200","-200","-200"
"117","-200","-200","-200"
"118","-200","-200","-200"
"119","-200","-200","-200"
"120","-200","-200","-200"
"121","-200","-200","-200"
"122","-200","-200","-200"
"123","-200","-200","-200"
"124","-200","-200","-200"
"125","-200","-200","-200"
"126","-200","-200","-200"
"127","-200","-200","-200"
"128","-200","-200","-200"
"129","-118","-118","-118"
"130","-200","-200","-200"
"131","-200","-200","-200"
"132","-200","-200","-200"
"133","-200","-200","-200"
"134","-200","-200","-200"
"135","-200","-200","-200"
"136","-200","-200","-200"
"137","-200","-200","-200"
"138","-200","-200","-200"
"139","-200","-200","-200"
"140","-200","-200","-200"
"141","-200","-200","-200"
"142","-200","-200","-200"
"143","-200","-200","-200"
"144","-200","-200","-200"
"145","-200","-200","-200"
"146","-200","-200","-200"
"147","-200","-200","-200"
"148","-200","-200","-200"
"149","-200","-200","-200"
"150","-200","-200","-200"
"151","-200","-200","-200"
"152","-200","-200","-200"
"153","-200","-200","-200"
"154","-200","-200","-200"
"155","-200","-200","-200"
"156","-200","-200","-200"
"157","-200","-200","-200"
"158","-200","-200","-200"
"159","-200","-200","-200"
"160","-198","-198","-198"
"161","-200","-200","-200"
"162","-200","-200","-200"
"163","-200","-200","-200"
"164","-200","-200","-200"
"165","-200","-200","-200"
"166","-200","-200","-200"
"167","-200","-200","-200"
"168","-200","-200","-200"
"169","-200","-200","-200"
"170","-200","-200","-200"
"171","-200","-200","-200"
"172","-200","-200","-200"
"173","-200","-200","-200"
"174","-200","-200","-200"
"175","-200","-200","-200"
"176","-200","-200","-200"
"177","-200","-200","-200"
"178","-200","-200","-200"
"179","-200","-200","-200"
"180","-200","-200","-200"
"181","-200","-200","-200"
"182","-200","-200","-200"
"183","-200","-200","-200"
"184","-200","-200","-200"
"185","-200","-200","-200"
"186","-200","-200","-200"
"187","-200","-200","-200"
"188","-200","-200","-200"
"189","-200","-200","-200"
"190","-200","-200","-200"
"191","-200","-200","-200"
"192","-200","-200","-200"
"193","-200","-200","-200"
"194","-200","-200","-200"
"195","-200","-200","-200"
"196","-200","-200","-200"
"197","-200","-200","-200"
"198","-200","-200","-200"
"199","-135","-135","-135"
"200","-182","-182","-182"
"201","-200","-200","-200"
"202","-200","-200","-200"
"203","-200","-200","-200"
"204","-200","-200","-200"
"205","-183","-183","-183"
"206","-200","-200","-200"
"207","-200","-200","-200"
"208","-200","-200","-200"
"209","-200","-200","-200"
"210","-200","-200","-200"
"211","-200","-200","-200"
"212","-200","-200","-200"
"213","-200","-200","-200"
"214","-200","-200","-200"
"215","-200","-200","-200"
"216","-200","-200","-200"
"217","-200","-200","-200"
"218","-200","-200","-200"
"219","-200","-200","-200"
"220","-200","-200","-200"
"221","-200","-200","-200"
"222","-200","-200","-200"
"223","-200","-200","-200"
"224","-200","-200","-200"
"225","-200","-200","-200"
"226","-200","-200","-200"
"227","-200","-200","-200"
"228","-200","-200","-200"
"229","-200","-200","-200"
"230","-200","-200","-200"
"231","-200","-200","-200"
"232","-200","-200","-200"
"233","-200","-200","-200"
"234","-200","-200","-200"
"235","-200","-200","-200"
"236","-200","-200","-200"
"237","-200","-200","-200"
"238","-200","-200","-200"
"239","-200","-200","-200"
"240","-200","-200","-200"
"241","-200","-200","-200"
"242","-200","-200","-200"
"243","-200","-200","-200"
"244","-200","-200","-200"
"245","-200","-200","-200"
"246","-200","-200","-200"
"247","-200","-200","-200"
"248","-200","-200","-200"
"249","-200","-200","-200"
"250","-200","-200","-200"
"251","-198","-198","-198"
"252","-200","-200","-200"
"253","-200","-200","-200"
"254","-200","-200","-200"
"255","-200","-200","-200"
"256","-200","-200","-200"
"257","-200","-200","-200"
"258","-200","-200","-200"
"259","-177","-177","-177"
"260","-200","-200","-200"
"261","-200","-200","-200"
"262","-200","-200","-200"
"263","-200","-200","-200"
"264","-200","-200","-200"
"265","-192","-192","-192"
"266","-174","-174","-174"
"267","-200","-200","-200"
"268","-133","-133","-133"
"269","-200","-200","-200"
"270","-200","-200","-200"
"271","-200","-200","-200"
"272","-200","-200","-200"
"273","-200","-200","-200"
"274","-200","-200","-200"
"275","-200","-200","-200"
"276","-200","-200","-200"
"277","-200","-200","-200"
"278","-200","-200","-200"
"279","-200","-200","-200"
"280","-170","-170","-170"
"281","-200","-200","-200"
"282","-200","-200","-200"
"283","-194","-194","-194"
"284","-200","-200","-200"
"285","-200","-200","-200"
"286","-200","-200","-200"
"287","-200","-200","-200"
"288","-200","-200","-200"
"289","-200","-200","-200"
"290","-200","-200","-200"
"291","-200","-200","-200"
"292","-200","-200","-200"
"293","-200","-200","-200"
"294","-200","-200","-200"
"295","-200","-200","-200"
"296","-200","-200","-200"
"297","-200","-200","-200"
"298","-200","-200","-200"
"299","-200","-200","-200"
"300","-200","-200","-200"
"301","-200","-200","-200"
"302","-200","-200","-200"
"303","-200","-200","-200"
"304","-200","-200","-200"
"305","-200","-200","-200"
"306","-134","-134","-134"
"307","-167","-167","-167"
"308","-200","-200","-200"
"309","-200","-200","-200"
"310","-146","-146","-146"
"311","-200","-200","-200"
"312","-200","-200","-200"
"313","-200","-200","-200"
"314","-159","-159","-159"
"315","-200","-200","-200"
"316","-200","-200","-200"
"317","-200","-200","-200"
"318","-200","-200","-200"
"319","-200","-200","-200"
"320","-200","-200","-200"
"321","-110","-110","-110"
"322","-200","-200","-200"
"323","-200","-200","-200"
"324","-200","-200","-200"
"325","-200","-200","-200"
"326","-200","-200","-200"
"327","-200","-200","-200"
"328","-200","-200","-200"
"329","-200","-200","-200"
"330","-200","-200","-200"
"331","-200","-200","-200"
"332","-175","-175","-175"
"333","-200","-200","-200"
"334","-200","-200","-200"
"335","-197","-197","-197"
"336","-173","-173","-173"
"337","-151","-151","-151"
"338","-200","-200","-200"
"339","-200","-200","-200"
"340","-200","-200","-200"
"341","-200","-200","-200"
"342","-189","-189","-189"
"343","-180","-180","-180"
"344","-200","-200","-200"
"345","-200","-200","-200"
"346","-133","-133","-133"
"347","-200","-200","-200"
"348","-197","-197","-197"
"349","-200","-200","-200"
"350","-200","-200","-200"
"351","-134","-134","-134"
"352","-133","-133","-133"
"353","-200","-200","-200"
"354","-194","-194","-194"
"355","-153","-153","-153"
"356","-101","-101","-101"
"357","-200","-200","-200"
"358","-200","-200","-200"
"359","-200","-200","-200"
"360","-200","-200","-200"
"361","-200","-200","-200"
"362","-200","-200","-200"
"363","-144","-144","-144"
"364","-165","-165","-165"
"365","-200","-200","-200"
"366","-200","-200","-200"
"367","-200","-200","-200"
"368","-200","-200","-200"
"369","-200","-200","-200"
"370","-170","-170","-170"
"371","-200","-200","-200"
"372","-195","-195","-195"
"373","-164","-164","-164"
"374","-200","-200","-200"
"375","-200","-200","-200"
"376","-154","-154","-154"
"377","-200","-200","-200"
"378","-200","-200","-200"
"379","-133","-133","-133"
"380","-200","-200","-200"
"381","-200","-200","-200"
"382","-165","-165","-165"
"383","-200","-200","-200"
"384","-200","-200","-200"
"385","-200","-200","-200"
"386","-200","-200","-200"
"387","-115","-115","-115"
"388","-183","-183","-183"
"389","-200","-200","-200"
"390","-200","-200","-200"
"391","-200","-200","-200"
"392","-200","-200","-200"
"393","-200","-200","-200"
"394","-200","-200","-200"
"395","-200","-200","-200"
"396","-189","-189","-189"
"397","-160","-160","-160"
"398","-200","-200","-200"
"399","-140","-140","-140"
"400","-179","-179","-179"
"401","-200","-200","-200"
"402","-200","-200","-200"
"403","-200","-200","-200"
"404","-140","-140","-140"
"405","-200","-200","-200"
"406","-200","-200","-200"
"407","-200","-200","-200"
"408","-200","-200","-200"
"409","-200","-200","-200"
"410","-200","-200","-200"
"411","-200","-200","-200"
"412","-200","-200","-200"
"413","-200","-200","-200"
"414","-200","-200","-200"
"415","-200","-200","-200"
"416","-158","-158","-158"
"417","-200","-200","-200"
"418","-123","-123","-123"
"419","-200","-200","-200"
"420","-200","-200","-200"
"421","-200","-200","-200"
"422","-200","-200","-200"
"423","-200","-200","-200"
"424","-113","-113","-113"
"425","-170","-170","-170"
"426","-200","-200","-200"
"427","-200","-200","-200"
"428","-200","-200","-200"
"429","-200","-200","-200"
"430","-200","-200","-200"
"431","-200","-200","-200"
"432","-200","-200","-200"
"433","-200","-200","-200"
"434","-200","-200","-200"
"435","-200","-200","-200"
"436","-143","-143","-143"
"437","-200","-200","-200"
"438","-200","-200","-200"
"439","-200","-200","-200"
"440","-200","-200","-200"
"441","-105","-105","-105"
"442","-200","-200","-200"
"443","-200","-200","-200"
"444","-170","-170","-170"
"445","-200","-200","-200"
"446","-200","-200","-200"
"447","-137","-137","-137"
"448","-200","-200","-200"
"449","-200","-200","-200"
"450","-200","-200","-200"
"451","-200","-200","-200"
"452","-154","-154","-154"
"453","-181","-181","-181"
"454","-200","-200","-200"
"455","-200","-200","-200"
"456","-200","-200","-200"
"457","-176","-176","-176"
"458","-200","-200","-200"
"459","-200","-200","-200"
"460","-200","-200","-200"
"461","-200","-200","-200"
"462","-200","-200","-200"
"463","-200","-200","-200"
"464","-157","-157","-157"
"465","-200","-200","-200"
"466","-200","-200","-200"
"467","-200","-200","-200"
"468","-186","-186","-186"
"469","-187","-187","-187"
"470","-200","-200","-200"
"471","-194","-194","-194"
"472","-200","-200","-200"
"473","-101","-101","-101"
"474","-200","-200","-200"
"475","-200","-200","-200"
"476","-175","-175","-175"
"477","-200","-200","-200"
"478","-179","-179","-179"
"479","-200","-200","-200"
"480","-200","-200","-200"
"481","-133","-133","-133"
"482","-200","-200","-200"
"483","-200","-200","-200"
"484","-200","-200","-200"
"485","-200","-200","-200"
"486","-200","-200","-200"
"487","-178","-178","-178"
"488","-200","-200","-200"
"489","-200","-200","-200"
"490","-200","-200","-200"
"491","-200","-200","-200"
"492","-178","-178","-178"
"493","-200","-200","-200"
"494","-155","-155","-155"
"495","-172","-172","-172"
"496","-200","-200","-200"
"497","-200","-200","-200"
"498","-200","-200","-200"
"499","-200","-200","-200"
"500","-167","-167","-167"
"501","-200","-200","-200"
"502","-200","-200","-200"
"503","-200","-200","-200"
"504","-200","-200","-200"
"505","-132","-132","-132"
"506","-139","-139","-139"
"507","-200","-200","-200"
"508","-140","-140","-140"
"509","-200","-200","-200"
"510","-184","-184","-184"
"511","-200","-200","-200"
"512","-200","-200","-200"
"513","-200","-200","-200"
"514","-200","-200","-200"
"515","-195","-195","-195"
"516","-200","-200","-200"
"517","-189","-189","-189"
"518","-200","-200","-200"
"519","-194","-194","-194"
"520","-200","-200","-200"
"521","-179","-179","-179"
"522","-133","-133","-133"
"523","-154","-154","-154"
"524","-200","-200","-200"
"525","-171","-171","-171"
"526","-200","-200","-200"
"527","-95","-95","-95"
"528","-200","-200","-200"
"529","-200","-200","-200"
"530","-132","-132","-132"
"531","-200","-200","-200"
"532","-200","-200","-200"
"533","-165","-165","-165"
"534","-165","-165","-165"
"535","-178","-178","-178"
"536","-180","-180","-180"
"537","-131","-131","-131"
"538","-200","-200","-200"
"539","-200","-200","-200"
"540","-187","-187","-187"
"541","-187","-187","-187"
"542","-200","-200","-200"
"543","-200","-200","-200"
"544","-200","-200","-200"
"545","-171","-171","-171"
"546","-200","-200","-200"
"547","-200","-200","-200"
"548","-174","-174","-174"
"549","-133","-133","-133"
"550","-200","-200","-200"
"551","-200","-200","-200"
"552","-200","-200","-200"
"553","-138","-138","-138"
"554","-175","-175","-175"
"555","-180","-180","-180"
"556","-196","-196","-196"
"557","-167","-167","-167"
"558","-179","-179","-179"
"559","-141","-141","-141"
"560","-154","-154","-154"
"561","-200","-200","-200"
"562","-95","-95","-95"
"563","-200","-200","-200"
"564","-200","-200","-200"
"565","-199","-199","-199"
"566","-139","-139","-139"
"567","-200","-200","-200"
"568","-200","-200","-200"
"569","-163","-163","-163"
"570","-139","-139","-139"
"571","-153","-153","-153"
"572","-130","-130","-130"
"573","-139","-139","-139"
"574","-136","-136","-136"
"575","-135","-135","-135"
"576","-200","-200","-200"
"577","-164","-164","-164"
"578","-200","-200","-200"
"579","-136","-136","-136"
"580","-200","-200","-200"
"581","-139","-139","-139"
"582","-137","-137","-137"
"583","-110","-110","-110"
"584","-200","-200","-200"
"585","-184","-184","-184"
"586","-137","-137","-137"
"587","-200","-200","-200"
"588","-146","-146","-146"
"589","-200","-200","-200"
"590","-143","-143","-143"
"591","-134","-134","-134"
"592","-200","-200","-200"
"593","-200","-200","-200"
"594","-167","-167","-167"
"595","-188","-188","-188"
"596","-174","-174","-174"
"597","-175","-175","-175"
"598","-195","-195","-195"
"599","-200","-200","-200"
"600","-200","-200","-200"
"601","-200","-200","-200"
"602","-200","-200","-200"
"603","-200","-200","-200"
"604","-200","-200","-200"
"605","-200","-200","-200"
"606","-200","-200","-200"
"607","-200","-200","-200"
"608","-200","-200","-200"
"609","-200","-200","-200"
"610","-200","-200","-200"
"611","-200","-200","-200"
"612","-200","-200","-200"
"613","-200","-200","-200"
"614","-200","-200","-200"
"615","-200","-200","-200"
"616","-200","-200","-200"
"617","-200","-200","-200"
"618","-200","-200","-200"
"619","-200","-200","-200"
"620","-200","-200","-200"
"621","-200","-200","-200"
"622","-200","-200","-200"
"623","-200","-200","-200"
"624","-200","-200","-200"
"625","-200","-200","-200"
"626","-200","-200","-200"
"627","-200","-200","-200"
"628","-200","-200","-200"
"629","-200","-200","-200"
"630","-200","-200","-200"
"631","-200","-200","-200"
"632","-200","-200","-200"
"633","-200","-200","-200"
"634","-200","-200","-200"
"635","-200","-200","-200"
"636","-200","-200","-200"
"637","-200","-200","-200"
"638","-200","-200","-200"
"639","-200","-200","-200"
"640","-200","-200","-200"
"641","-200","-200","-200"
"642","-200","-200","-200"
"643","-200","-200","-200"
"644","-200","-200","-200"
"645","-200","-200","-200"
"646","-200","-200","-200"
"647","-200","-200","-200"
"648","-200","-200","-200"
"649","-200","-200","-200"
"650","-200","-200","-200"
"651","-200","-200","-200"
"652","-200","-200","-200"
"653","-200","-200","-200"
"654","-200","-200","-200"
"655","-200","-200","-200"
"656","-200","-200","-200"
"657","-200","-200","-200"
"658","-200","-200","-200"
"659","-200","-200","-200"
"660","-200","-200","-200"
"661","-200","-200","-200"
"662","-200","-200","-200"
"663","-200","-200","-200"
"664","-200","-200","-200"
"665","-200","-200","-200"
"666","-200","-200","-200"
"667","-200","-200","-200"
"668","-200","-200","-200"
"669","-200","-200","-200"
"670","-200","-200","-200"
"671","-200","-200","-200"
"672","-200","-200","-200"
"673","-176","-176","-176"
"674","-200","-200","-200"
"675","-200","-200","-200"
"676","-200","-200","-200"
"677","-200","-200","-200"
"678","-200","-200","-200"
"679","-200","-200","-200"
"680","-200","-200","-200"
"681","-200","-200","-200"
"682","-200","-200","-200"
"683","-200","-200","-200"
"684","-200","-200","-200"
"685","-200","-200","-200"
"686","-200","-200","-200"
"687","-200","-200","-200"
"688","-200","-200","-200"
"689","-200","-200","-200"
"690","-200","-200","-200"
"691","-200","-200","-200"
"692","-200","-200","-200"
"693","-200","-200","-200"
"694","-200","-200","-200"
"695","-200","-200","-200"
"696","-200","-200","-200"
"697","-200","-200","-200"
"698","-200","-200","-200"
"699","-200","-200","-200"
"700","-200","-200","-200"
"701","-200","-200","-200"
"702","-200","-200","-200"
"703","-200","-200","-200"
"704","-200","-200","-200"
"705","-200","-200","-200"
"706","-200","-200","-200"
"707","-200","-200","-200"
"708","-200","-200","-200"
"709","-200","-200","-200"
"710","-200","-200","-200"
"711","-200","-200","-200"
"712","-200","-200","-200"
"713","-200","-200","-200"
"714","-200","-200","-200"
"715","-200","-200","-200"
"716","-200","-200","-200"
"717","-200","-200","-200"
"718","-200","-200","-200"
"719","-200","-200","-200"
"720","-200","-200","-200"
"721","-200","-200","-200"
"722","-200","-200","-200"
"723","-200","-200","-200"
"724","-200","-200","-200"
"725","-200","-200","-200"
"726","-200","-200","-200"
"727","-200","-200","-200"
"728","-200","-200","-200"
"729","-200","-200","-200"
"730","-200","-200","-200"
"731","-200","-200","-200"
"732","-200","-200","-200"
"733","-200","-200","-200"
"734","-200","-200","-200"
"735","-200","-200","-200"
"736","-200","-200","-200"
"737","-200","-200","-200"
"738","-200","-200","-200"
"739","-200","-200","-200"
"740","-200","-200","-200"
"741","-200","-200","-200"
"742","-200","-200","-200"
"743","-200","-200","-200"
"744","-200","-200","-200"
"745","-200","-200","-200"
"746","-200","-200","-200"
"747","-200","-200","-200"
"748","-200","-200","-200"
"749","-200","-200","-200"
"750","-200","-200","-200"
"751","-200","-200","-200"
"752","-200","-200","-200"
"753","-200","-200","-200"
"754","-200","-200","-200"
"755","-200","-200","-200"
"756","-200","-200","-200"
"757","-200","-200","-200"
"758","-200","-200","-200"
"759","-200","-200","-200"
"760","-200","-200","-200"
"761","-200","-200","-200"
"762","-200","-200","-200"
"763","-200","-200","-200"
"764","-200","-200","-200"
"765","-200","-200","-200"
"766","-200","-200","-200"
"767","-200","-200","-200"
"768","-200","-200","-200"
"769","-200","-200","-200"
"770","-200","-200","-200"
"771","-200","-200","-200"
"772","-200","-200","-200"
"773","-200","-200","-200"
"774","-200","-200","-200"
"775","-200","-200","-200"
"776","-200","-200","-200"
"777","-200","-200","-200"
"778","-200","-200","-200"
"779","-200","-200","-200"
"780","-200","-200","-200"
"781","-200","-200","-200"
"782","-200","-200","-200"
"783","-200","-200","-200"
"784","-200","-200","-200"
"785","-200","-200","-200"
"786","-200","-200","-200"
"787","-200","-200","-200"
"788","-200","-200","-200"
"789","-200","-200","-200"
"790","-200","-200","-200"
"791","-200","-200","-200"
"792","-200","-200","-200"
"793","-200","-200","-200"
"794","-200","-200","-200"
"795","-200","-200","-200"
"796","-200","-200","-200"
"797","-200","-200","-200"
"798","-200","-200","-200"
"799","-200","-200","-200"
"800","-124","-124","-124"
"801","-189","-189","-189"
"802","-151","-151","-151"
"803","-116","-116","-116"
"804","-121","-121","-121"
"805","-85","-85","-85"
"806","-111","-111","-111"
"807","-142","-142","-142"
"808","-137","-137","-137"
"809","-115","-115","-115"
"810","-165","-165","-165"
"811","-148","-148","-148"
"812","-200","-200","-200"
"813","-116","-116","-116"
"814","-132","-132","-132"
"815","-151","-151","-151"
"816","-198","-198","-198"
"817","-140","-140","-140"
"818","-200","-200","-200"
"819","-132","-132","-132"
"820","-151","-151","-151"
"821","-155","-155","-155"
"822","-120","-120","-120"
"823","-141","-141","-141"
"824","-200","-200","-200"
"825","-151","-151","-151"
"826","-153","-153","-153"
"827","-113","-113","-113"
"828","-92","-92","-92"
"829","-191","-191","-191"
"830","-137","-137","-137"
"831","-102","-102","-102"
"832","-90","-90","-90"
"833","-139","-139","-139"
"834","-186","-186","-186"
"835","-139","-139","-139"
"836","-127","-127","-127"
"837","-140","-140","-140"
"838","-121","-121","-121"
"839","-156","-156","-156"
"840","-119","-119","-119"
"841","-195","-195","-195"
"842","-124","-124","-124"
"843","-141","-141","-141"
"844","-106","-106","-106"
"845","-138","-138","-138"
"846","-126","-126","-126"
"847","-116","-116","-116"
"848","-199","-199","-199"
"849","-140","-140","-140"
"850","-87","-87","-87"
"851","-170","-170","-170"
"852","-146","-146","-146"
"853","-113","-113","-113"
"854","-133","-133","-133"
"855","-116","-116","-116"
"856","-123","-123","-123"
"857","-108","-108","-108"
"858","-118","-118","-118"
"859","-138","-138","-138"
"860","-135","-135","-135"
"861","-200","-200","-200"
"862","-133","-133","-133"
"863","-124","-124","-124"
"864","-137","-137","-137"
"865","-120","-120","-120"
"866","-148","-148","-148"
"867","-136","-136","-136"
"868","-172","-172","-172"
"869","-84","-84","-84"
"870","-110","-110","-110"
"871","-120","-120","-120"
"872","-112","-112","-112"
"873","-140","-140","-140"
"874","-139","-139","-139"
"875","-128","-128","-128"
"876","-147","-147","-147"
"877","-120","-120","-120"
"878","-137","-137","-137"
"879","-137","-137","-137"
"880","-137","-137","-137"
"881","-83","-83","-83"
"882","-136","-136","-136"
"883","-182","-182","-182"
"884","-91","-91","-91"
"885","-177","-177","-177"
"886","-144","-144","-144"
"887","-141","-141","-141"
"888","-117","-117","-117"
"889","-158","-158","-158"
"890","-139","-139","-139"
"891","-150","-150","-150"
"892","-129","-129","-129"
"893","-163","-163","-163"
"894","-124","-124","-124"
"895","-148","-148","-148"
"896","-113","-113","-113"
"897","-124","-124","-124"
"898","-140","-140","-140"
"899","-118","-118","-118"
"900","-85","-85","-85"
"901","-141","-141","-141"
"902","-89","-89","-89"
"903","-148","-148","-148"
"904","-143","-143","-143"
"905","-145","-145","-145"
"906","-115","-115","-115"
"907","-145","-145","-145"
"908","-197","-197","-197"
"909","-129","-129","-129"
"910","-123","-123","-123"
"911","-84","-84","-84"
"912","-116","-116","-116"
"913","-119","-119","-119"
"914","-139","-139","-139"
"915","-111","-111","-111"
"916","-85","-85","-85"
"917","-116","-116","-116"
"918","-127","-127","-127"
"919","-117","-117","-117"
"920","-121","-121","-121"
"921","-112","-112","-112"
"922","-148","-148","-148"
"923","-173","-173","-173"
"924","-93","-93","-93"
"925","-116","-116","-116"
"926","-124","-124","-124"
"927","-143","-143","-143"
"928","-139","-139","-139"
"929","-134","-134","-134"
"930","-115","-115","-115"
"931","-143","-143","-143"
"932","-142","-142","-142"
"933","-123","-123","-123"
"934","-83","-83","-83"
"935","-111","-111","-111"
"936","-142","-142","-142"
"937","-123","-123","-123"
"938","-132","-132","-132"
"939","-128","-128","-128"
"940","-137","-137","-137"
"941","-107","-107","-107"
"942","-83","-83","-83"
"943","-154","-154","-154"
"944","-140","-140","-140"
"945","-112","-112","-112"
"946","-140","-140","-140"
"947","-117","-117","-117"
"948","-138","-138","-138"
"949","-139","-139","-139"
"950","-132","-132","-132"
"951","-128","-128","-128"
"952","-108","-108","-108"
"953","-91","-91","-91"
"954","-103","-103","-103"
"955","-135","-135","-135"
"956","-134","-134","-134"
"957","-136","-136","-136"
"958","-126","-126","-126"
"959","-136","-136","-136"
"960","-118","-118","-118"
"961","-138","-138","-138"
"962","-86","-86","-86"
"963","-123","-123","-123"
"964","-129","-129","-129"
"965","-186","-186","-186"
"966","-133","-133","-133"
"967","-137","-137","-137"
"968","-115","-115","-115"
"969","-116","-116","-116"
"970","-162","-162","-162"
"971","-133","-133","-133"
"972","-93","-93","-93"
"973","-111","-111","-111"
"974","-114","-114","-114"
"975","-111","-111","-111"
"976","-92","-92","-92"
"977","-86","-86","-86"
"978","-137","-137","-137"
"979","-164","-164","-164"
"980","-135","-135","-135"
"981","-85","-85","-85"
"982","-112","-112","-112"
"983","-132","-132","-132"
"984","-124","-124","-124"
"985","-119","-119","-119"
"986","-113","-113","-113"
"987","-85","-85","-85"
"988","-128","-128","-128"
"989","-121","-121","-121"
"990","-135","-135","-135"
"991","-93","-93","-93"
"992","-121","-121","-121"
"993","-138","-138","-138"
"994","-115","-115","-115"
"995","-152","-152","-152"
"996","-115","-115","-115"
"997","-84","-84","-84"
"998","-114","-114","-114"
"999","-114","-114","-114"
"1000","-200","-200","-200"
"1001","-137","-137","-137"
"1002","-149","-149","-149"
"1003","-187","-187","-187"
"1004","-143","-143","-143"
"1005","-200","-200","-200"
"1006","-200","-200","-200"
"1007","-200","-200","-200"
"1008","-134","-134","-134"
"1009","-200","-200","-200"
"1010","-111","-111","-111"
"1011","-176","-176","-176"
"1012","-200","-200","-200"
"1013","-142","-142","-142"
"1014","-168","-168","-168"
"1015","-200","-200","-200"
"1016","-117","-117","-117"
"1017","-200","-200","-200"
"1018","-200","-200","-200"
"1019","-148","-148","-148"
"1020","-188","-188","-188"
"1021","-200","-200","-200"
"1022","-171","-171","-171"
"1023","-200","-200","-200"
"1024","-146","-146","-146"
"1025","-200","-200","-200"
"1026","-131","-131","-131"
"1027","-151","-151","-151"
"1028","-200","-200","-200"
"1029","-200","-200","-200"
"1030","-137","-137","-137"
"1031","-196","-196","-196"
"1032","-200","-200","-200"
"1033","-200","-200","-200"
"1034","-200","-200","-200"
"1035","-140","-140","-140"
"1036","-140","-140","-140"
"1037","-200","-200","-200"
"1038","-170","-170","-170"
"1039","-174","-174","-174"
"1040","-137","-137","-137"
"1041","-200","-200","-200"
"1042","-147","-147","-147"
"1043","-195","-195","-195"
"1044","-169","-169","-169"
"1045","-172","-172","-172"
"1046","-176","-176","-176"
"1047","-180","-180","-180"
"1048","-200","-200","-200"
"1049","-168","-168","-168"
"1050","-200","-200","-200"
"1051","-200","-200","-200"
"1052","-144","-144","-144"
"1053","-200","-200","-200"
"1054","-144","-144","-144"
"1055","-181","-181","-181"
"1056","-185","-185","-185"
"1057","-200","-200","-200"
"1058","-200","-200","-200"
"1059","-118","-118","-118"
"1060","-135","-135","-135"
"1061","-173","-173","-173"
"1062","-200","-200","-200"
"1063","-106","-106","-106"
"1064","-178","-178","-178"
"1065","-200","-200","-200"
"1066","-183","-183","-183"
"1067","-146","-146","-146"
"1068","-194","-194","-194"
"1069","-200","-200","-200"
"1070","-200","-200","-200"
"1071","-200","-200","-200"
"1072","-117","-117","-117"
"1073","-198","-198","-198"
"1074","-141","-141","-141"
"1075","-112","-112","-112"
"1076","-199","-199","-199"
"1077","-119","-119","-119"
"1078","-178","-178","-178"
"1079","-169","-169","-169"
"1080","-185","-185","-185"
"1081","-147","-147","-147"
"1082","-85","-85","-85"
"1083","-111","-111","-111"
"1084","-124","-124","-124"
"1085","-143","-143","-143"
"1086","-89","-89","-89"
"1087","-142","-142","-142"
"1088","-146","-146","-146"
"1089","-103","-103","-103"
"1090","-142","-142","-142"
"1091","-138","-138","-138"
"1092","-177","-177","-177"
"1093","-131","-131","-131"
"1094","-118","-118","-118"
"1095","-139","-139","-139"
"1096","-117","-117","-117"
"1097","-133","-133","-133"
"1098","-125","-125","-125"
"1099","-124","-124","-124"
"1100","-119","-119","-119"
"1101","-136","-136","-136"
"1102","-136","-136","-136"
"1103","-176","-176","-176"
"1104","-111","-111","-111"
"1105","-137","-137","-137"
"1106","-148","-148","-148"
"1107","-89","-89","-89"
"1108","-109","-109","-109"
"1109","-93","-93","-93"
"1110","-98","-98","-98"
"1111","-113","-113","-113"
"1112","-103","-103","-103"
"1113","-111","-111","-111"
"1114","-121","-121","-121"
"1115","-111","-111","-111"
"1116","-116","-116","-116"
"1117","-116","-116","-116"
"1118","-143","-143","-143"
"1119","-127","-127","-127"
"1120","-83","-83","-83"
"1121","-109","-109","-109"
"1122","-91","-91","-91"
"1123","-114","-114","-114"
"1124","-112","-112","-112"
"1125","-97","-97","-97"
"1126","-114","-114","-114"
"1127","-118","-118","-118"
"1128","-109","-109","-109"
"1129","-106","-106","-106"
"1130","-109","-109","-109"
"1131","-115","-115","-115"
"1132","-120","-120","-120"
"1133","-114","-114","-114"
"1134","-91","-91","-91"
"1135","-107","-107","-107"
"1136","-84","-84","-84"
"1137","-111","-111","-111"
"1138","-118","-118","-118"
"1139","-84","-84","-84"
"1140","-111","-111","-111"
"1141","-88","-88","-88"
"1142","-119","-119","-119"
"1143","-99","-99","-99"
"1144","-111","-111","-111"
"1145","-125","-125","-125"
"1146","-118","-118","-118"
"1147","-115","-115","-115"
"1148","-133","-133","-133"
"1149","-90","-90","-90"
"1150","-99","-99","-99"
"1151","-114","-114","-114"
"1152","-85","-85","-85"
"1153","-113","-113","-113"
"1154","-103","-103","-103"
"1155","-110","-110","-110"
"1156","-112","-112","-112"
"1157","-108","-108","-108"
"1158","-115","-115","-115"
"1159","-111","-111","-111"
"1160","-117","-117","-117"
"1161","-109","-109","-109"
"1162","-89","-89","-89"
"1163","-123","-123","-123"
"1164","-111","-111","-111"
"1165","-108","-108","-108"
"1166","-110","-110","-110"
"1167","-93","-93","-93"
"1168","-110","-110","-110"
"1169","-120","-120","-120"
"1170","-89","-89","-89"
"1171","-110","-110","-110"
"1172","-115","-115","-115"
"1173","-113","-113","-113"
"1174","-111","-111","-111"
"1175","-85","-85","-85"
"1176","-111","-111","-111"
"1177","-88","-88","-88"
"1178","-114","-114","-114"
"1179","-115","-115","-115"
"1180","-135","-135","-135"
"1181","-89","-89","-89"
"1182","-120","-120","-120"
"1183","-112","-112","-112"
"1184","-87","-87","-87"
"1185","-115","-115","-115"
"1186","-113","-113","-113"
"1187","-87","-87","-87"
"1188","-117","-117","-117"
"1189","-113","-113","-113"
"1190","-90","-90","-90"
"1191","-85","-85","-85"
"1192","-110","-110","-110"
"1193","-108","-108","-108"
"1194","-125","-125","-125"
"1195","-83","-83","-83"
"1196","-123","-123","-123"
"1197","-111","-111","-111"
"1198","-96","-96","-96"
"1199","-110","-110","-110"
"1200","-200","-200","-200"
"1201","-200","-200","-200"
"1202","-200","-200","-200"
"1203","-200","-200","-200"
"1204","-200","-200","-200"
"1205","-200","-200","-200"
"1206","-200","-200","-200"
"1207","-200","-200","-200"
"1208","-200","-200","-200"
"1209","-200","-200","-200"
"1210","-200","-200","-200"
"1211","-200","-200","-200"
"1212","-200","-200","-200"
"1213","-200","-200","-200"
"1214","-200","-200","-200"
"1215","-200","-200","-200"
"1216","-200","-200","-200"
"1217","-200","-200","-200"
"1218","-200","-200","-200"
"1219","-200","-200","-200"
"1220","-200","-200","-200"
"1221","-200","-200","-200"
"1222","-200","-200","-200"
"1223","-200","-200","-200"
"1224","-200","-200","-200"
"1225","-200","-200","-200"
"1226","-200","-200","-200"
"1227","-200","-200","-200"
"1228","-200","-200","-200"
"1229","-200","-200","-200"
"1230","-200","-200","-200"
"1231","-200","-200","-200"
"1232","-200","-200","-200"
"1233","-200","-200","-200"
"1234","-200","-200","-200"
"1235","-200","-200","-200"
"1236","-200","-200","-200"
"1237","-200","-200","-200"
"1238","-200","-200","-200"
"1239","-200","-200","-200"
"1240","-200","-200","-200"
"1241","-200","-200","-200"
"1242","-200","-200","-200"
"1243","-200","-200","-200"
"1244","-200","-200","-200"
"1245","-200","-200","-200"
"1246","-200","-200","-200"
"1247","-200","-200","-200"
"1248","-200","-200","-200"
"1249","-200","-200","-200"
"1250","-200","-200","-200"
"1251","-200","-200","-200"
"1252","-200","-200","-200"
"1253","-200","-200","-200"
"1254","-200","-200","-200"
"1255","-200","-200","-200"
"1256","-200","-200","-200"
"1257","-200","-200","-200"
"1258","-200","-200","-200"
"1259","-200","-200","-200"
"1260","-200","-200","-200"
"1261","-200","-200","-200"
"1262","-200","-200","-200"
"1263","-200","-200","-200"
"1264","-200","-200","-200"
"1265","-200","-200","-200"
"1266","-200","-200","-200"
"1267","-200","-200","-200"
"1268","-200","-200","-200"
"1269","-200","-200","-200"
"1270","-200","-200","-200"
"1271","-200","-200","-200"
"1272","-200","-200","-200"
"1273","-200","-200","-200"
"1274","-200","-200","-200"
"1275","-200","-200","-200"
"1276","-200","-200","-200"
"1277","-200","-200","-200"
"1278","-200","-200","-200"
"1279","-200","-200","-200"
"1280","-200","-200","-200"
"1281","-200","-200","-200"
"1282","-200","-200","-200"
"1283","-200","-200","-200"
"1284","-200","-200","-200"
"1285","-200","-200","-200"
"1286","-200","-200","-200"
"1287","-200","-200","-200"
"1288","-200","-200","-200"
"1289","-200","-200","-200"
"1290","-200","-200","-200"
"1291","-200","-200","-200"
"1292","-200","-200","-200"
"1293","-200","-200","-200"
"1294","-200","-200","-200"
"1295","-200","-200","-200"
"1296","-200","-200","-200"
"1297","-200","-200","-200"
"1298","-200","-200","-200"
"1299","-200","-200","-200"
"1300","-200","-200","-200"
"1301","-200","-200","-200"
"1302","-200","-200","-200"
"1303","-200","-200","-200"
"1304","-200","-200","-200"
"1305","-200","-200","-200"
"1306","-200","-200","-200"
"1307","-200","-200","-200"
"1308","-200","-200","-200"
"1309","-200","-200","-200"
"1310","-200","-200","-200"
"1311","-200","-200","-200"
"1312","-200","-200","-200"
"1313","-200","-200","-200"
"1314","-200","-200","-200"
"1315","-200","-200","-200"
"1316","-200","-200","-200"
"1317","-200","-200","-200"
"1318","-200","-200","-200"
"1319","-200","-200","-200"
"1320","-200","-200","-200"
"1321","-200","-200","-200"
"1322","-200","-200","-200"
"1323","-200","-200","-200"
"1324","-200","-200","-200"
"1325","-200","-200","-200"
"1326","-200","-200","-200"
"1327","-200","-200","-200"
"1328","-200","-200","-200"
"1329","-200","-200","-200"
"1330","-200","-200","-200"
"1331","-200","-200","-200"
"1332","-200","-200","-200"
"1333","-200","-200","-200"
"1334","-200","-200","-200"
"1335","-200","-200","-200"
"1336","-200","-200","-200"
"1337","-200","-200","-200"
"1338","-200","-200","-200"
"1339","-200","-200","-200"
"1340","-200","-200","-200"
"1341","-200","-200","-200"
"1342","-200","-200","-200"
"1343","-200","-200","-200"
"1344","-200","-200","-200"
"1345","-200","-200","-200"
"1346","-200","-200","-200"
"1347","-200","-200","-200"
"1348","-200","-200","-200"
"1349","-200","-200","-200"
"1350","-178","-178","-178"
"1351","-200","-200","-200"
"1352","-200","-200","-200"
"1353","-200","-200","-200"
"1354","-200","-200","-200"
"1355","-200","-200","-200"
"1356","-200","-200","-200"
"1357","-200","-200","-200"
"1358","-200","-200","-200"
"1359","-200","-200","-200"
"1360","-200","-200","-200"
"1361","-200","-200","-200"
"1362","-200","-200","-200"
"1363","-200","-200","-200"
"1364","-200","-200","-200"
"1365","-200","-200","-200"
"1366","-200","-200","-200"
"1367","-200","-200","-200"
"1368","-200","-200","-200"
"1369","-200","-200","-200"
"1370","-200","-200","-200"
"1371","-200","-200","-200"
"1372","-200","-200","-200"
"1373","-200","-200","-200"
"1374","-200","-200","-200"
"1375","-200","-200","-200"
"1376","-200","-200","-200"
"1377","-200","-200","-200"
"1378","-200","-200","-200"
"1379","-200","-200","-200"
"1380","-200","-200","-200"
"1381","-200","-200","-200"
"1382","-200","-200","-200"
"1383","-200","-200","-200"
"1384","-200","-200","-200"
"1385","-200","-200","-200"
"1386","-200","-200","-200"
"1387","-200","-200","-200"
"1388","-200","-200","-200"
"1389","-200","-200","-200"
"1390","-200","-200","-200"
"1391","-200","-200","-200"
"1392","-200","-200","-200"
"1393","-200","-200","-200"
"1394","-200","-200","-200"
"1395","-200","-200","-200"
"1396","-200","-200","-200"
"1397","-200","-200","-200"
"1398","-200","-200","-200"
"1399","-200","-200","-200"
"1400","-200","-200","-200"
"1401","-200","-200","-200"
"1402","-200","-200","-200"
"1403","-200","-200","-200"
"1404","-200","-200","-200"
"1405","-200","-200","-200"
"1406","-200","-200","-200"
"1407","-200","-200","-200"
"1408","-200","-200","-200"
"1409","-200","-200","-200"
"1410","-200","-200","-200"
"1411","-200","-200","-200"
"1412","-200","-200","-200"
"1413","-200","-200","-200"
"1414","-200","-200","-200"
"1415","-200","-200","-200"
"1416","-200","-200","-200"
"1417","-200","-200","-200"
"1418","-200","-200","-200"
"1419","-200","-200","-200"
"1420","-200","-200","-200"
"1421","-200","-200","-200"
"1422","-200","-200","-200"
"1423","-200","-200","-200"
"1424","-200","-200","-200"
"1425","-200","-200","-200"
"1426","-200","-200","-200"
"1427","-200","-200","-200"
"1428","-200","-200","-200"
"1429","-200","-200","-200"
"1430","-200","-200","-200"
"1431","-200","-200","-200"
"1432","-200","-200","-200"
"1433","-200","-200","-200"
"1434","-200","-200","-200"
"1435","-200","-200","-200"
"1436","-200","-200","-200"
"1437","-200","-200","-200"
"1438","-200","-200","-200"
"1439","-200","-200","-200"
"1440","-200","-200","-200"
"1441","-200","-200","-200"
"1442","-200","-200","-200"
"1443","-200","-200","-200"
"1444","-200","-200","-200"
"1445","-200","-200","-200"
"1446","-200","-200","-200"
"1447","-200","-200","-200"
"1448","-200","-200","-200"
"1449","-200","-200","-200"
"1450","-200","-200","-200"
"1451","-200","-200","-200"
"1452","-200","-200","-200"
"1453","-200","-200","-200"
"1454","-200","-200","-200"
"1455","-200","-200","-200"
"1456","-200","-200","-200"
"1457","-200","-200","-200"
"1458","-200","-200","-200"
"1459","-200","-200","-200"
"1460","-200","-200","-200"
"1461","-200","-200","-200"
"1462","-200","-200","-200"
"1463","-200","-200","-200"
"1464","-200","-200","-200"
"1465","-200","-200","-200"
"1466","-200","-200","-200"
"1467","-200","-200","-200"
"1468","-200","-200","-200"
"1469","-200","-200","-200"
"1470","-200","-200","-200"
"1471","-200","-200","-200"
"1472","-200","-200","-200"
"1473","-200","-200","-200"
"1474","-200","-200","-200"
"1475","-200","-200","-200"
"1476","-200","-200","-200"
"1477","-200","-200","-200"
"1478","-200","-200","-200"
"1479","-200","-200","-200"
"1480","-200","-200","-200"
"1481","-200","-200","-200"
"1482","-200","-200","-200"
"1483","-200","-200","-200"
"1484","-200","-200","-200"
"1485","-200","-200","-200"
"1486","-200","-200","-200"
"1487","-200","-200","-200"
"1488","-200","-200","-200"
"1489","-200","-200","-200"
"1490","-200","-200","-200"
"1491","-200","-200","-200"
"1492","-200","-200","-200"
"1493","-200","-200","-200"
"1494","-200","-200","-200"
"1495","-200","-200","-200"
"1496","-200","-200","-200"
"1497","-200","-200","-200"
"1498","-200","-200","-200"
"1499","-200","-200","-200"
"1500","-200","-200","-200"
"1501","-200","-200","-200"
"1502","-200","-200","-200"
"1503","-200","-200","-200"
"1504","-200","-200","-200"
"1505","-200","-200","-200"
"1506","-200","-200","-200"
"1507","-200","-200","-200"
"1508","-200","-200","-200"
"1509","-200","-200","-200"
"1510","-200","-200","-200"
"1511","-200","-200","-200"
"1512","-200","-200","-200"
"1513","-200","-200","-200"
"1514","-200","-200","-200"
"1515","-200","-200","-200"
"1516","-200","-200","-200"
"1517","-200","-200","-200"
"1518","-200","-200","-200"
"1519","-200","-200","-200"
"1520","-200","-200","-200"
"1521","-200","-200","-200"
"1522","-200","-200","-200"
"1523","-200","-200","-200"
"1524","-200","-200","-200"
"1525","-200","-200","-200"
"1526","-200","-200","-200"
"1527","-200","-200","-200"
"1528","-200","-200","-200"
"1529","-200","-200","-200"
"1530","-200","-200","-200"
"1531","-200","-200","-200"
"1532","-200","-200","-200"
"1533","-200","-200","-200"
"1534","-200","-200","-200"
"1535","-200","-200","-200"
"1536","-200","-200","-200"
"1537","-200","-200","-200"
"1538","-200","-200","-200"
"1539","-200","-200","-200"
"1540","-200","-200","-200"
"1541","-200","-200","-200"
"1542","-200","-200","-200"
"1543","-200","-200","-200"
"1544","-200","-200","-200"
"1545","-200","-200","-200"
"1546","-200","-200","-200"
"1547","-200","-200","-200"
"1548","-200","-200","-200"
"1549","-200","-200","-200"
"1550","-200","-200","-200"
"1551","-200","-200","-200"
"1552","-200","-200","-200"
"1553","-200","-200","-200"
"1554","-200","-200","-200"
"1555","-200","-200","-200"
"1556","-200","-200","-200"
"1557","-200","-200","-200"
"1558","-200","-200","-200"
"1559","-200","-200","-200"
"1560","-200","-200","-200"
"1561","-200","-200","-200"
"1562","-200","-200","-200"
"1563","-200","-200","-200"
"1564","-200","-200","-200"
"1565","-200","-200","-200"
"1566","-200","-200","-200"
"1567","-200","-200","-200"
"1568","-200","-200","-200"
"1569","-200","-200","-200"
"1570","-200","-200","-200"
"1571","-200","-200","-200"
"1572","-200","-200","-200"
"1573","-200","-200","-200"
"1574","-200","-200","-200"
"1575","-200","-200","-200"
"1576","-200","-200","-200"
"1577","-200","-200","-200"
"1578","-200","-200","-200"
"1579","-200","-200","-200"
"1580","-200","-200","-200"
"1581","-200","-200","-200"
"1582","-200","-200","-200"
"1583","-200","-200","-200"
"1584","-200","-200","-200"
"1585","-200","-200","-200"
"1586","-200","-200","-200"
"1587","-200","-200","-200"
"1588","-200","-200","-200"
"1589","-200","-200","-200"
"1590","-200","-200","-200"
"1591","-200","-200","-200"
"1592","-200","-200","-200"
"1593","-200","-200","-200"
"1594","-200","-200","-200"
"1595","-200","-200","-200"
"1596","-200","-200","-200"
"1597","-200","-200","-200"
"1598","-200","-200","-200"
"1599","-200","-200","-200"
"1600","-200","-200","-200"
"1601","-200","-200","-200"
"1602","-200","-200","-200"
"1603","-200","-200","-200"
"1604","-200","-200","-200"
"1605","-200","-200","-200"
"1606","-200","-200","-200"
"1607","-200","-200","-200"
"1608","-200","-200","-200"
"1609","-200","-200","-200"
"1610","-200","-200","-200"
"1611","-200","-200","-200"
"1612","-200","-200","-200"
"1613","-200","-200","-200"
"1614","-200","-200","-200"
"1615","-200","-200","-200"
"1616","-200","-200","-200"
"1617","-200","-200","-200"
"1618","-200","-200","-200"
"1619","-200","-200","-200"
"1620","-200","-200","-200"
"1621","-200","-200","-200"
"1622","-200","-200","-200"
"1623","-200","-200","-200"
"1624","-200","-200","-200"
"1625","-200","-200","-200"
"1626","-200","-200","-200"
"1627","-200","-200","-200"
"1628","-200","-200","-200"
"1629","-200","-200","-200"
"1630","-200","-200","-200"
"1631","-200","-200","-200"
"1632","-200","-200","-200"
"1633","-200","-200","-200"
"1634","-200","-200","-200"
"1635","-200","-200","-200"
"1636","-200","-200","-200"
"1637","-200","-200","-200"
"1638","-200","-200","-200"
"1639","-200","-200","-200"
"1640","-200","-200","-200"
"1641","-200","-200","-200"
"1642","-200","-200","-200"
"1643","-200","-200","-200"
"1644","-200","-200","-200"
"1645","-200","-200","-200"
"1646","-200","-200","-200"
"1647","-200","-200","-200"
"1648","-200","-200","-200"
"1649","-200","-200","-200"
"1650","-200","-200","-200"
"1651","-200","-200","-200"
"1652","-200","-200","-200"
"1653","-200","-200","-200"
"1654","-200","-200","-200"
"1655","-200","-200","-200"
"1656","-200","-200","-200"
"1657","-200","-200","-200"
"1658","-200","-200","-200"
"1659","-200","-200","-200"
"1660","-200","-200","-200"
"1661","-200","-200","-200"
"1662","-200","-200","-200"
"1663","-200","-200","-200"
"1664","-200","-200","-200"
"1665","-200","-200","-200"
"1666","-200","-200","-200"
"1667","-200","-200","-200"
"1668","-200","-200","-200"
"1669","-200","-200","-200"
"1670","-200","-200","-200"
"1671","-200","-200","-200"
"1672","-200","-200","-200"
"1673","-200","-200","-200"
"1674","-200","-200","-200"
"1675","-200","-200","-200"
"1676","-200","-200","-200"
"1677","-200","-200","-200"
"1678","-200","-200","-200"
"1679","-200","-200","-200"
"1680","-200","-200","-200"
"1681","-200","-200","-200"
"1682","-200","-200","-200"
"1683","-200","-200","-200"
"1684","-200","-200","-200"
"1685","-200","-200","-200"
"1686","-200","-200","-200"
"1687","-200","-200","-200"
"1688","-200","-200","-200"
"1689","-200","-200","-200"
"1690","-200","-200","-200"
"1691","-200","-200","-200"
"1692","-200","-200","-200"
"1693","-200","-200","-200"
"1694","-200","-200","-200"
"1695","-200","-200","-200"
"1696","-200","-200","-200"
"1697","-200","-200","-200"
"1698","-200","-200","-200"
"1699","-200","-200","-200"
"1700","-200","-200","-200"
"1701","-200","-200","-200"
"1702","-200","-200","-200"
"1703","-200","-200","-200"
"1704","-200","-200","-200"
"1705","-200","-200","-200"
"1706","-200","-200","-200"
"1707","-200","-200","-200"
"1708","-200","-200","-200"
"1709","-200","-200","-200"
"1710","-200","-200","-200"
"1711","-200","-200","-200"
"1712","-200","-200","-200"
"1713","-200","-200","-200"
"1714","-200","-200","-200"
"1715","-200","-200","-200"
"1716","-200","-200","-200"
"1717","-200","-200","-200"
"1718","-200","-200","-200"
"1719","-200","-200","-200"
"1720","-200","-200","-200"
"1721","-200","-200","-200"
"1722","-200","-200","-200"
"1723","-200","-200","-200"
"1724","-200","-200","-200"
"1725","-200","-200","-200"
"1726","-200","-200","-200"
"1727","-200","-200","-200"
"1728","-200","-200","-200"
"1729","-200","-200","-200"
"1730","-200","-200","-200"
"1731","-200","-200","-200"
"1732","-200","-200","-200"
"1733","-200","-200","-200"
"1734","-200","-200","-200"
"1735","-200","-200","-200"
"1736","-200","-200","-200"
"1737","-200","-200","-200"
"1738","-200","-200","-200"
"1739","-200","-200","-200"
"1740","-200","-200","-200"
"1741","-200","-200","-200"
"1742","-200","-200","-200"
"1743","-200","-200","-200"
"1744","-200","-200","-200"
"1745","-200","-200","-200"
"1746","-200","-200","-200"
"1747","-200","-200","-200"
"1748","-200","-200","-200"
"1749","-200","-200","-200"
"1750","-200","-200","-200"
"1751","-200","-200","-200"
"1752","-200","-200","-200"
"1753","-200","-200","-200"
"1754","-200","-200","-200"
"1755","-200","-200","-200"
"1756","-200","-200","-200"
"1757","-200","-200","-200"
"1758","-200","-200","-200"
"1759","-200","-200","-200"
"1760","-200","-200","-200"
"1761","-200","-200","-200"
"1762","-200","-200","-200"
"1763","-200","-200","-200"
"1764","-200","-200","-200"
"1765","-200","-200","-200"
"1766","-200","-200","-200"
"1767","-200","-200","-200"
"1768","-200","-200","-200"
"1769","-200","-200","-200"
"1770","-200","-200","-200"
"1771","-200","-200","-200"
"1772","-200","-200","-200"
"1773","-200","-200","-200"
"1774","-200","-200","-200"
"1775","-200","-200","-200"
"1776","-200","-200","-200"
"1777","-200","-200","-200"
"1778","-200","-200","-200"
"1779","-200","-200","-200"
"1780","-200","-200","-200"
"1781","-200","-200","-200"
"1782","-200","-200","-200"
"1783","-200","-200","-200"
"1784","-200","-200","-200"
"1785","-200","-200","-200"
"1786","-200","-200","-200"
"1787","-200","-200","-200"
"1788","-200","-200","-200"
"1789","-200","-200","-200"
"1790","-200","-200","-200"
"1791","-200","-200","-200"
"1792","-200","-200","-200"
"1793","-200","-200","-200"
"1794","-200","-200","-200"
"1795","-200","-200","-200"
"1796","-200","-200","-200"
"1797","-200","-200","-200"
"1798","-200","-200","-200"
"1799","-200","-200","-200"
"1800","-200","-200","-200"
"1801","-200","-200","-200"
"1802","-200","-200","-200"
"1803","-200","-200","-200"
"1804","-200","-200","-200"
"1805","-200","-200","-200"
"1806","-200","-200","-200"
"1807","-200","-200","-200"
"1808","-200","-200","-200"
"1809","-200","-200","-200"
"1810","-200","-200","-200"
"1811","-200","-200","-200"
"1812","-200","-200","-200"
"1813","-200","-200","-200"
"1814","-200","-200","-200"
"1815","-200","-200","-200"
"1816","-200","-200","-200"
"1817","-200","-200","-200"
"1818","-200","-200","-200"
"1819","-200","-200","-200"
"1820","-200","-200","-200"
"1821","-200","-200","-200"
"1822","-200","-200","-200"
"1823","-200","-200","-200"
"1824","-200","-200","-200"
"1825","-200","-200","-200"
"1826","-200","-200","-200"
"1827","-200","-200","-200"
"1828","-200","-200","-200"
"1829","-200","-200","-200"
"1830","-200","-200","-200"
"1831","-200","-200","-200"
"1832","-200","-200","-200"
"1833","-200","-200","-200"
"1834","-200","-200","-200"
"1835","-200","-200","-200"
"1836","-200","-200","-200"
"1837","-200","-200","-200"
"1838","-200","-200","-200"
"1839","-200","-200","-200"
"1840","-200","-200","-200"
"1841","-200","-200","-200"
"1842","-200","-200","-200"
"1843","-200","-200","-200"
"1844","-200","-200","-200"
"1845","-200","-200","-200"
"1846","-200","-200","-200"
"1847","-200","-200","-200"
"1848","-200","-200","-200"
"1849","-200","-200","-200"
"1850","-200","-200","-200"
"1851","-200","-200","-200"
"1852","-200","-200","-200"
"1853","-200","-200","-200"
"1854","-200","-200","-200"
"1855","-200","-200","-200"
"1856","-200","-200","-200"
"1857","-200","-200","-200"
"1858","-200","-200","-200"
"1859","-200","-200","-200"
"1860","-200","-200","-200"
"1861","-200","-200","-200"
"1862","-200","-200","-200"
"1863","-200","-200","-200"
"1864","-200","-200","-200"
"1865","-200","-200","-200"
"1866","-200","-200","-200"
"1867","-200","-200","-200"
"1868","-200","-200","-200"
"1869","-200","-200","-200"
"1870","-200","-200","-200"
"1871","-200","-200","-200"
"1872","-200","-200","-200"
"1873","-200","-200","-200"
"1874","-200","-200","-200"
"1875","-200","-200","-200"
"1876","-200","-200","-200"
"1877","-200","-200","-200"
"1878","-200","-200","-200"
"1879","-200","-200","-200"
"1880","-200","-200","-200"
"1881","-200","-200","-200"
"1882","-200","-200","-200"
"1883","-200","-200","-200"
"1884","-200","-200","-200"
"1885","-200","-200","-200"
"1886","-200","-200","-200"
"1887","-200","-200","-200"
"1888","-200","-200","-200"
"1889","-200","-200","-200"
"1890","-200","-200","-200"
"1891","-200","-200","-200"
"1892","-200","-200","-200"
"1893","-200","-200","-200"
"1894","-200","-200","-200"
"1895","-200","-200","-200"
"1896","-200","-200","-200"
"1897","-200","-200","-200"
"1898","-200","-200","-200"
"1899","-200","-200","-200"
"1900","-200","-200","-200"
"1901","-200","-200","-200"
"1902","-200","-200","-200"
"1903","-200","-200","-200"
"1904","-200","-200","-200"
"1905","-200","-200","-200"
"1906","-200","-200","-200"
"1907","-200","-200","-200"
"1908","-200","-200","-200"
"1909","-200","-200","-200"
"1910","-200","-200","-200"
"1911","-200","-200","-200"
"1912","-200","-200","-200"
"1913","-200","-200","-200"
"1914","-200","-200","-200"
"1915","-200","-200","-200"
"1916","-200","-200","-200"
"1917","-200","-200","-200"
"1918","-200","-200","-200"
"1919","-200","-200","-200"
"1920","-200","-200","-200"
"1921","-200","-200","-200"
"1922","-200","-200","-200"
"1923","-200","-200","-200"
"1924","-200","-200","-200"
"1925","-200","-200","-200"
"1926","-200","-200","-200"
"1927","-200","-200","-200"
"1928","-200","-200","-200"
"1929","-200","-200","-200"
"1930","-200","-200","-200"
"1931","-200","-200","-200"
"1932","-200","-200","-200"
"1933","-200","-200","-200"
"1934","-200","-200","-200"
"1935","-200","-200","-200"
"1936","-200","-200","-200"
"1937","-200","-200","-200"
"1938","-200","-200","-200"
"1939","-200","-200","-200"
"1940","-200","-200","-200"
"1941","-200","-200","-200"
"1942","-200","-200","-200"
"1943","-200","-200","-200"
"1944","-200","-200","-200"
"1945","-200","-200","-200"
"1946","-200","-200","-200"
"1947","-200","-200","-200"
"1948","-200","-200","-200"
"1949","-200","-200","-200"
"1950","-200","-200","-200"
"1951","-200","-200","-200"
"1952","-200","-200","-200"
"1953","-200","-200","-200"
"1954","-200","-200","-200"
"1955","-200","-200","-200"
"1956","-200","-200","-200"
"1957","-200","-200","-200"
"1958","-200","-200","-200"
"1959","-200","-200","-200"
"1960","-200","-200","-200"
"1961","-200","-200","-200"
"1962","-200","-200","-200"
"1963","-200","-200","-200"
"1964","-200","-200","-200"
"1965","-200","-200","-200"
"1966","-200","-200","-200"
"1967","-200","-200","-200"
"1968","-200","-200","-200"
"1969","-200","-200","-200"
"1970","-200","-200","-200"
"1971","-200","-200","-200"
"1972","-200","-200","-200"
"1973","-200","-200","-200"
"1974","-200","-200","-200"
"1975","-200","-200","-200"
"1976","-200","-200","-200"
"1977","-200","-200","-200"
"1978","-200","-200","-200"
"1979","-200","-200","-200"
"1980","-200","-200","-200"
"1981","-200","-200","-200"
"1982","-200","-200","-200"
"1983","-200","-200","-200"
"1984","-200","-200","-200"
"1985","-200","-200","-200"
"1986","-200","-200","-200"
"1987","-200","-200","-200"
"1988","-200","-200","-200"
"1989","-200","-200","-200"
"1990","-200","-200","-200"
"1991","-200","-200","-200"
"1992","-200","-200","-200"
"1993","-200","-200","-200"
"1994","-200","-200","-200"
"1995","-200","-200","-200"
"1996","-200","-200","-200"
"1997","-200","-200","-200"
"1998","-200","-200","-200"
"1999","-200","-200","-200"