"Step","evosax_CMA_ES/generations_2000_strategy_CMA_ES_popsize_512_es_kws_{'sigma_init': 1.0} - current_best_fitness","evosax_CMA_ES/generations_2000_strategy_CMA_ES_popsize_512_es_kws_{'sigma_init': 1.0} - current_best_fitness__MIN","evosax_CMA_ES/generations_2000_strategy_CMA_ES_popsize_512_es_kws_{'sigma_init': 1.0} - current_best_fitness__MAX"
"0","200","200","200"
"1","200","200","200"
"2","162","162","162"
"3","200","200","200"
"4","200","200","200"
"5","200","200","200"
"6","200","200","200"
"7","200","200","200"
"8","200","200","200"
"9","121","121","121"
"10","167","167","167"
"11","133","133","133"
"12","200","200","200"
"13","200","200","200"
"14","182","182","182"
"15","200","200","200"
"16","200","200","200"
"17","200","200","200"
"18","200","200","200"
"19","200","200","200"
"20","200","200","200"
"21","200","200","200"
"22","200","200","200"
"23","200","200","200"
"24","200","200","200"
"25","200","200","200"
"26","200","200","200"
"27","200","200","200"
"28","200","200","200"
"29","200","200","200"
"30","200","200","200"
"31","200","200","200"
"32","200","200","200"
"33","200","200","200"
"34","200","200","200"
"35","200","200","200"
"36","200","200","200"
"37","200","200","200"
"38","200","200","200"
"39","200","200","200"
"40","200","200","200"
"41","200","200","200"
"42","200","200","200"
"43","200","200","200"
"44","200","200","200"
"45","200","200","200"
"46","200","200","200"
"47","200","200","200"
"48","200","200","200"
"49","200","200","200"
"50","200","200","200"
"51","200","200","200"
"52","200","200","200"
"53","200","200","200"
"54","200","200","200"
"55","200","200","200"
"56","200","200","200"
"57","200","200","200"
"58","200","200","200"
"59","200","200","200"
"60","200","200","200"
"61","200","200","200"
"62","200","200","200"
"63","200","200","200"
"64","200","200","200"
"65","200","200","200"
"66","200","200","200"
"67","200","200","200"
"68","200","200","200"
"69","200","200","200"
"70","200","200","200"
"71","200","200","200"
"72","200","200","200"
"73","200","200","200"
"74","200","200","200"
"75","200","200","200"
"76","200","200","200"
"77","200","200","200"
"78","200","200","200"
"79","200","200","200"
"80","200","200","200"
"81","200","200","200"
"82","200","200","200"
"83","200","200","200"
"84","200","200","200"
"85","200","200","200"
"86","200","200","200"
"87","200","200","200"
"88","200","200","200"
"89","200","200","200"
"90","200","200","200"
"91","200","200","200"
"92","200","200","200"
"93","200","200","200"
"94","200","200","200"
"95","200","200","200"
"96","200","200","200"
"97","200","200","200"
"98","200","200","200"
"99","200","200","200"
"100","200","200","200"
"101","200","200","200"
"102","200","200","200"
"103","200","200","200"
"104","200","200","200"
"105","200","200","200"
"106","200","200","200"
"107","200","200","200"
"108","200","200","200"
"109","200","200","200"
"110","200","200","200"
"111","200","200","200"
"112","200","200","200"
"113","200","200","200"
"114","200","200","200"
"115","200","200","200"
"116","200","200","200"
"117","200","200","200"
"118","200","200","200"
"119","200","200","200"
"120","200","200","200"
"121","200","200","200"
"122","200","200","200"
"123","200","200","200"
"124","200","200","200"
"125","200","200","200"
"126","200","200","200"
"127","200","200","200"
"128","200","200","200"
"129","200","200","200"
"130","200","200","200"
"131","200","200","200"
"132","200","200","200"
"133","200","200","200"
"134","200","200","200"
"135","200","200","200"
"136","200","200","200"
"137","200","200","200"
"138","200","200","200"
"139","200","200","200"
"140","200","200","200"
"141","200","200","200"
"142","200","200","200"
"143","200","200","200"
"144","200","200","200"
"145","200","200","200"
"146","200","200","200"
"147","200","200","200"
"148","200","200","200"
"149","200","200","200"
"150","200","200","200"
"151","200","200","200"
"152","200","200","200"
"153","200","200","200"
"154","200","200","200"
"155","200","200","200"
"156","200","200","200"
"157","200","200","200"
"158","200","200","200"
"159","200","200","200"
"160","200","200","200"
"161","200","200","200"
"162","200","200","200"
"163","200","200","200"
"164","200","200","200"
"165","200","200","200"
"166","200","200","200"
"167","200","200","200"
"168","200","200","200"
"169","200","200","200"
"170","200","200","200"
"171","200","200","200"
"172","200","200","200"
"173","200","200","200"
"174","200","200","200"
"175","200","200","200"
"176","200","200","200"
"177","200","200","200"
"178","200","200","200"
"179","200","200","200"
"180","200","200","200"
"181","200","200","200"
"182","200","200","200"
"183","200","200","200"
"184","200","200","200"
"185","200","200","200"
"186","200","200","200"
"187","200","200","200"
"188","200","200","200"
"189","200","200","200"
"190","200","200","200"
"191","200","200","200"
"192","200","200","200"
"193","200","200","200"
"194","200","200","200"
"195","200","200","200"
"196","200","200","200"
"197","200","200","200"
"198","200","200","200"
"199","200","200","200"
"200","10","10","10"
"201","8","8","8"
"202","8","8","8"
"203","10","10","10"
"204","9","9","9"
"205","8","8","8"
"206","10","10","10"
"207","10","10","10"
"208","8","8","8"
"209","10","10","10"
"210","9","9","9"
"211","8","8","8"
"212","10","10","10"
"213","10","10","10"
"214","10","10","10"
"215","9","9","9"
"216","8","8","8"
"217","9","9","9"
"218","10","10","10"
"219","9","9","9"
"220","10","10","10"
"221","10","10","10"
"222","9","9","9"
"223","9","9","9"
"224","9","9","9"
"225","8","8","8"
"226","9","9","9"
"227","10","10","10"
"228","10","10","10"
"229","9","9","9"
"230","8","8","8"
"231","11","11","11"
"232","8","8","8"
"233","10","10","10"
"234","9","9","9"
"235","9","9","9"
"236","10","10","10"
"237","10","10","10"
"238","8","8","8"
"239","9","9","9"
"240","10","10","10"
"241","9","9","9"
"242","9","9","9"
"243","9","9","9"
"244","10","10","10"
"245","10","10","10"
"246","9","9","9"
"247","9","9","9"
"248","8","8","8"
"249","10","10","10"
"250","10","10","10"
"251","10","10","10"
"252","9","9","9"
"253","9","9","9"
"254","9","9","9"
"255","11","11","11"
"256","10","10","10"
"257","11","11","11"
"258","9","9","9"
"259","9","9","9"
"260","10","10","10"
"261","8","8","8"
"262","9","9","9"
"263","9","9","9"
"264","10","10","10"
"265","9","9","9"
"266","10","10","10"
"267","9","9","9"
"268","8","8","8"
"269","8","8","8"
"270","10","10","10"
"271","9","9","9"
"272","9","9","9"
"273","10","10","10"
"274","10","10","10"
"275","9","9","9"
"276","10","10","10"
"277","10","10","10"
"278","10","10","10"
"279","8","8","8"
"280","9","9","9"
"281","9","9","9"
"282","8","8","8"
"283","9","9","9"
"284","9","9","9"
"285","9","9","9"
"286","10","10","10"
"287","10","10","10"
"288","10","10","10"
"289","8","8","8"
"290","8","8","8"
"291","8","8","8"
"292","8","8","8"
"293","9","9","9"
"294","9","9","9"
"295","11","11","11"
"296","9","9","9"
"297","9","9","9"
"298","10","10","10"
"299","10","10","10"
"300","9","9","9"
"301","10","10","10"
"302","9","9","9"
"303","10","10","10"
"304","10","10","10"
"305","9","9","9"
"306","10","10","10"
"307","8","8","8"
"308","10","10","10"
"309","10","10","10"
"310","10","10","10"
"311","9","9","9"
"312","9","9","9"
"313","10","10","10"
"314","9","9","9"
"315","10","10","10"
"316","10","10","10"
"317","10","10","10"
"318","8","8","8"
"319","9","9","9"
"320","9","9","9"
"321","10","10","10"
"322","10","10","10"
"323","10","10","10"
"324","9","9","9"
"325","9","9","9"
"326","10","10","10"
"327","9","9","9"
"328","10","10","10"
"329","9","9","9"
"330","9","9","9"
"331","9","9","9"
"332","9","9","9"
"333","10","10","10"
"334","9","9","9"
"335","9","9","9"
"336","9","9","9"
"337","8","8","8"
"338","10","10","10"
"339","9","9","9"
"340","9","9","9"
"341","10","10","10"
"342","10","10","10"
"343","10","10","10"
"344","9","9","9"
"345","11","11","11"
"346","10","10","10"
"347","9","9","9"
"348","10","10","10"
"349","10","10","10"
"350","8","8","8"
"351","9","9","9"
"352","9","9","9"
"353","9","9","9"
"354","10","10","10"
"355","10","10","10"
"356","8","8","8"
"357","10","10","10"
"358","9","9","9"
"359","10","10","10"
"360","11","11","11"
"361","10","10","10"
"362","9","9","9"
"363","10","10","10"
"364","9","9","9"
"365","9","9","9"
"366","9","9","9"
"367","9","9","9"
"368","9","9","9"
"369","10","10","10"
"370","10","10","10"
"371","10","10","10"
"372","8","8","8"
"373","9","9","9"
"374","11","11","11"
"375","9","9","9"
"376","10","10","10"
"377","9","9","9"
"378","10","10","10"
"379","11","11","11"
"380","10","10","10"
"381","9","9","9"
"382","9","9","9"
"383","8","8","8"
"384","10","10","10"
"385","10","10","10"
"386","8","8","8"
"387","10","10","10"
"388","10","10","10"
"389","9","9","9"
"390","8","8","8"
"391","9","9","9"
"392","9","9","9"
"393","10","10","10"
"394","8","8","8"
"395","10","10","10"
"396","9","9","9"
"397","10","10","10"
"398","11","11","11"
"399","10","10","10"
"400","200","200","200"
"401","200","200","200"
"402","200","200","200"
"403","200","200","200"
"404","200","200","200"
"405","200","200","200"
"406","200","200","200"
"407","200","200","200"
"408","200","200","200"
"409","200","200","200"
"410","200","200","200"
"411","200","200","200"
"412","200","200","200"
"413","200","200","200"
"414","200","200","200"
"415","200","200","200"
"416","200","200","200"
"417","200","200","200"
"418","200","200","200"
"419","200","200","200"
"420","200","200","200"
"421","200","200","200"
"422","200","200","200"
"423","200","200","200"
"424","200","200","200"
"425","200","200","200"
"426","200","200","200"
"427","200","200","200"
"428","200","200","200"
"429","200","200","200"
"430","200","200","200"
"431","200","200","200"
"432","200","200","200"
"433","200","200","200"
"434","200","200","200"
"435","200","200","200"
"436","200","200","200"
"437","200","200","200"
"438","200","200","200"
"439","200","200","200"
"440","200","200","200"
"441","200","200","200"
"442","200","200","200"
"443","200","200","200"
"444","200","200","200"
"445","200","200","200"
"446","200","200","200"
"447","200","200","200"
"448","200","200","200"
"449","200","200","200"
"450","200","200","200"
"451","200","200","200"
"452","200","200","200"
"453","200","200","200"
"454","200","200","200"
"455","200","200","200"
"456","200","200","200"
"457","200","200","200"
"458","200","200","200"
"459","200","200","200"
"460","200","200","200"
"461","200","200","200"
"462","200","200","200"
"463","200","200","200"
"464","200","200","200"
"465","200","200","200"
"466","200","200","200"
"467","200","200","200"
"468","200","200","200"
"469","200","200","200"
"470","200","200","200"
"471","200","200","200"
"472","200","200","200"
"473","200","200","200"
"474","200","200","200"
"475","200","200","200"
"476","200","200","200"
"477","200","200","200"
"478","200","200","200"
"479","200","200","200"
"480","200","200","200"
"481","200","200","200"
"482","200","200","200"
"483","200","200","200"
"484","200","200","200"
"485","200","200","200"
"486","200","200","200"
"487","200","200","200"
"488","200","200","200"
"489","200","200","200"
"490","200","200","200"
"491","200","200","200"
"492","200","200","200"
"493","200","200","200"
"494","200","200","200"
"495","200","200","200"
"496","200","200","200"
"497","200","200","200"
"498","200","200","200"
"499","200","200","200"
"500","200","200","200"
"501","200","200","200"
"502","200","200","200"
"503","200","200","200"
"504","200","200","200"
"505","200","200","200"
"506","200","200","200"
"507","200","200","200"
"508","200","200","200"
"509","200","200","200"
"510","200","200","200"
"511","200","200","200"
"512","200","200","200"
"513","200","200","200"
"514","200","200","200"
"515","200","200","200"
"516","200","200","200"
"517","200","200","200"
"518","200","200","200"
"519","200","200","200"
"520","200","200","200"
"521","200","200","200"
"522","200","200","200"
"523","200","200","200"
"524","200","200","200"
"525","200","200","200"
"526","200","200","200"
"527","200","200","200"
"528","200","200","200"
"529","200","200","200"
"530","200","200","200"
"531","200","200","200"
"532","200","200","200"
"533","200","200","200"
"534","200","200","200"
"535","200","200","200"
"536","200","200","200"
"537","200","200","200"
"538","200","200","200"
"539","200","200","200"
"540","200","200","200"
"541","200","200","200"
"542","200","200","200"
"543","200","200","200"
"544","200","200","200"
"545","200","200","200"
"546","200","200","200"
"547","200","200","200"
"548","200","200","200"
"549","200","200","200"
"550","200","200","200"
"551","200","200","200"
"552","200","200","200"
"553","200","200","200"
"554","200","200","200"
"555","200","200","200"
"556","200","200","200"
"557","200","200","200"
"558","200","200","200"
"559","200","200","200"
"560","200","200","200"
"561","200","200","200"
"562","200","200","200"
"563","200","200","200"
"564","200","200","200"
"565","200","200","200"
"566","200","200","200"
"567","200","200","200"
"568","200","200","200"
"569","200","200","200"
"570","200","200","200"
"571","200","200","200"
"572","200","200","200"
"573","200","200","200"
"574","200","200","200"
"575","200","200","200"
"576","200","200","200"
"577","200","200","200"
"578","200","200","200"
"579","200","200","200"
"580","200","200","200"
"581","200","200","200"
"582","200","200","200"
"583","200","200","200"
"584","200","200","200"
"585","200","200","200"
"586","200","200","200"
"587","200","200","200"
"588","200","200","200"
"589","200","200","200"
"590","200","200","200"
"591","200","200","200"
"592","200","200","200"
"593","200","200","200"
"594","200","200","200"
"595","200","200","200"
"596","200","200","200"
"597","200","200","200"
"598","200","200","200"
"599","200","200","200"
"600","9","9","9"
"601","10","10","10"
"602","10","10","10"
"603","9","9","9"
"604","10","10","10"
"605","10","10","10"
"606","9","9","9"
"607","10","10","10"
"608","10","10","10"
"609","10","10","10"
"610","10","10","10"
"611","9","9","9"
"612","11","11","11"
"613","9","9","9"
"614","10","10","10"
"615","10","10","10"
"616","9","9","9"
"617","11","11","11"
"618","9","9","9"
"619","11","11","11"
"620","11","11","11"
"621","9","9","9"
"622","11","11","11"
"623","11","11","11"
"624","9","9","9"
"625","10","10","10"
"626","9","9","9"
"627","11","11","11"
"628","10","10","10"
"629","11","11","11"
"630","11","11","11"
"631","10","10","10"
"632","11","11","11"
"633","8","8","8"
"634","10","10","10"
"635","10","10","10"
"636","9","9","9"
"637","10","10","10"
"638","10","10","10"
"639","10","10","10"
"640","11","11","11"
"641","11","11","11"
"642","11","11","11"
"643","10","10","10"
"644","9","9","9"
"645","10","10","10"
"646","11","11","11"
"647","12","12","12"
"648","11","11","11"
"649","9","9","9"
"650","9","9","9"
"651","10","10","10"
"652","10","10","10"
"653","9","9","9"
"654","10","10","10"
"655","10","10","10"
"656","9","9","9"
"657","9","9","9"
"658","11","11","11"
"659","9","9","9"
"660","12","12","12"
"661","10","10","10"
"662","9","9","9"
"663","11","11","11"
"664","11","11","11"
"665","11","11","11"
"666","10","10","10"
"667","10","10","10"
"668","11","11","11"
"669","9","9","9"
"670","9","9","9"
"671","11","11","11"
"672","10","10","10"
"673","11","11","11"
"674","10","10","10"
"675","10","10","10"
"676","9","9","9"
"677","11","11","11"
"678","10","10","10"
"679","11","11","11"
"680","11","11","11"
"681","9","9","9"
"682","11","11","11"
"683","9","9","9"
"684","9","9","9"
"685","9","9","9"
"686","8","8","8"
"687","10","10","10"
"688","9","9","9"
"689","10","10","10"
"690","11","11","11"
"691","9","9","9"
"692","9","9","9"
"693","11","11","11"
"694","10","10","10"
"695","9","9","9"
"696","9","9","9"
"697","10","10","10"
"698","9","9","9"
"699","9","9","9"
"700","9","9","9"
"701","9","9","9"
"702","9","9","9"
"703","9","9","9"
"704","10","10","10"
"705","9","9","9"
"706","10","10","10"
"707","12","12","12"
"708","10","10","10"
"709","9","9","9"
"710","11","11","11"
"711","8","8","8"
"712","11","11","11"
"713","10","10","10"
"714","9","9","9"
"715","11","11","11"
"716","11","11","11"
"717","9","9","9"
"718","10","10","10"
"719","9","9","9"
"720","11","11","11"
"721","11","11","11"
"722","9","9","9"
"723","10","10","10"
"724","10","10","10"
"725","10","10","10"
"726","11","11","11"
"727","11","11","11"
"728","11","11","11"
"729","11","11","11"
"730","9","9","9"
"731","10","10","10"
"732","9","9","9"
"733","10","10","10"
"734","9","9","9"
"735","11","11","11"
"736","11","11","11"
"737","11","11","11"
"738","11","11","11"
"739","11","11","11"
"740","10","10","10"
"741","9","9","9"
"742","9","9","9"
"743","10","10","10"
"744","9","9","9"
"745","9","9","9"
"746","9","9","9"
"747","10","10","10"
"748","11","11","11"
"749","10","10","10"
"750","9","9","9"
"751","10","10","10"
"752","11","11","11"
"753","10","10","10"
"754","9","9","9"
"755","11","11","11"
"756","11","11","11"
"757","10","10","10"
"758","9","9","9"
"759","11","11","11"
"760","10","10","10"
"761","9","9","9"
"762","9","9","9"
"763","10","10","10"
"764","10","10","10"
"765","11","11","11"
"766","9","9","9"
"767","11","11","11"
"768","9","9","9"
"769","11","11","11"
"770","10","10","10"
"771","10","10","10"
"772","11","11","11"
"773","10","10","10"
"774","9","9","9"
"775","9","9","9"
"776","10","10","10"
"777","9","9","9"
"778","9","9","9"
"779","9","9","9"
"780","9","9","9"
"781","9","9","9"
"782","11","11","11"
"783","11","11","11"
"784","9","9","9"
"785","11","11","11"
"786","9","9","9"
"787","11","11","11"
"788","12","12","12"
"789","10","10","10"
"790","10","10","10"
"791","10","10","10"
"792","9","9","9"
"793","10","10","10"
"794","9","9","9"
"795","9","9","9"
"796","9","9","9"
"797","11","11","11"
"798","10","10","10"
"799","11","11","11"
"800","11","11","11"
"801","9","9","9"
"802","11","11","11"
"803","9","9","9"
"804","10","10","10"
"805","10","10","10"
"806","10","10","10"
"807","11","11","11"
"808","9","9","9"
"809","9","9","9"
"810","11","11","11"
"811","9","9","9"
"812","11","11","11"
"813","11","11","11"
"814","10","10","10"
"815","9","9","9"
"816","10","10","10"
"817","10","10","10"
"818","10","10","10"
"819","10","10","10"
"820","9","9","9"
"821","10","10","10"
"822","10","10","10"
"823","9","9","9"
"824","9","9","9"
"825","11","11","11"
"826","9","9","9"
"827","11","11","11"
"828","10","10","10"
"829","10","10","10"
"830","11","11","11"
"831","9","9","9"
"832","10","10","10"
"833","10","10","10"
"834","9","9","9"
"835","10","10","10"
"836","9","9","9"
"837","9","9","9"
"838","10","10","10"
"839","9","9","9"
"840","9","9","9"
"841","9","9","9"
"842","11","11","11"
"843","11","11","11"
"844","10","10","10"
"845","9","9","9"
"846","11","11","11"
"847","11","11","11"
"848","10","10","10"
"849","11","11","11"
"850","10","10","10"
"851","10","10","10"
"852","10","10","10"
"853","11","11","11"
"854","9","9","9"
"855","10","10","10"
"856","11","11","11"
"857","11","11","11"
"858","9","9","9"
"859","9","9","9"
"860","9","9","9"
"861","9","9","9"
"862","10","10","10"
"863","9","9","9"
"864","11","11","11"
"865","8","8","8"
"866","9","9","9"
"867","11","11","11"
"868","9","9","9"
"869","11","11","11"
"870","10","10","10"
"871","11","11","11"
"872","8","8","8"
"873","10","10","10"
"874","11","11","11"
"875","10","10","10"
"876","10","10","10"
"877","9","9","9"
"878","9","9","9"
"879","9","9","9"
"880","10","10","10"
"881","10","10","10"
"882","11","11","11"
"883","10","10","10"
"884","9","9","9"
"885","10","10","10"
"886","9","9","9"
"887","11","11","11"
"888","11","11","11"
"889","9","9","9"
"890","11","11","11"
"891","10","10","10"
"892","11","11","11"
"893","11","11","11"
"894","9","9","9"
"895","10","10","10"
"896","11","11","11"
"897","10","10","10"
"898","10","10","10"
"899","10","10","10"
"900","9","9","9"
"901","11","11","11"
"902","10","10","10"
"903","10","10","10"
"904","11","11","11"
"905","11","11","11"
"906","10","10","10"
"907","11","11","11"
"908","10","10","10"
"909","10","10","10"
"910","10","10","10"
"911","9","9","9"
"912","9","9","9"
"913","10","10","10"
"914","11","11","11"
"915","8","8","8"
"916","10","10","10"
"917","10","10","10"
"918","11","11","11"
"919","11","11","11"
"920","9","9","9"
"921","10","10","10"
"922","11","11","11"
"923","9","9","9"
"924","10","10","10"
"925","8","8","8"
"926","10","10","10"
"927","10","10","10"
"928","10","10","10"
"929","9","9","9"
"930","9","9","9"
"931","10","10","10"
"932","10","10","10"
"933","9","9","9"
"934","10","10","10"
"935","10","10","10"
"936","9","9","9"
"937","9","9","9"
"938","10","10","10"
"939","11","11","11"
"940","10","10","10"
"941","11","11","11"
"942","9","9","9"
"943","9","9","9"
"944","9","9","9"
"945","10","10","10"
"946","11","11","11"
"947","10","10","10"
"948","9","9","9"
"949","9","9","9"
"950","9","9","9"
"951","10","10","10"
"952","9","9","9"
"953","10","10","10"
"954","10","10","10"
"955","10","10","10"
"956","11","11","11"
"957","10","10","10"
"958","9","9","9"
"959","10","10","10"
"960","10","10","10"
"961","9","9","9"
"962","11","11","11"
"963","11","11","11"
"964","9","9","9"
"965","10","10","10"
"966","10","10","10"
"967","9","9","9"
"968","11","11","11"
"969","10","10","10"
"970","10","10","10"
"971","10","10","10"
"972","9","9","9"
"973","10","10","10"
"974","9","9","9"
"975","10","10","10"
"976","10","10","10"
"977","10","10","10"
"978","10","10","10"
"979","11","11","11"
"980","9","9","9"
"981","12","12","12"
"982","11","11","11"
"983","8","8","8"
"984","10","10","10"
"985","10","10","10"
"986","11","11","11"
"987","10","10","10"
"988","9","9","9"
"989","9","9","9"
"990","11","11","11"
"991","9","9","9"
"992","9","9","9"
"993","10","10","10"
"994","8","8","8"
"995","9","9","9"
"996","9","9","9"
"997","10","10","10"
"998","11","11","11"
"999","11","11","11"
"1000","10","10","10"
"1001","9","9","9"
"1002","10","10","10"
"1003","10","10","10"
"1004","9","9","9"
"1005","10","10","10"
"1006","10","10","10"
"1007","10","10","10"
"1008","10","10","10"
"1009","9","9","9"
"1010","10","10","10"
"1011","9","9","9"
"1012","8","8","8"
"1013","9","9","9"
"1014","10","10","10"
"1015","10","10","10"
"1016","10","10","10"
"1017","9","9","9"
"1018","10","10","10"
"1019","9","9","9"
"1020","9","9","9"
"1021","9","9","9"
"1022","10","10","10"
"1023","9","9","9"
"1024","10","10","10"
"1025","11","11","11"
"1026","9","9","9"
"1027","10","10","10"
"1028","10","10","10"
"1029","10","10","10"
"1030","9","9","9"
"1031","9","9","9"
"1032","8","8","8"
"1033","10","10","10"
"1034","10","10","10"
"1035","8","8","8"
"1036","9","9","9"
"1037","9","9","9"
"1038","9","9","9"
"1039","10","10","10"
"1040","10","10","10"
"1041","8","8","8"
"1042","8","8","8"
"1043","9","9","9"
"1044","10","10","10"
"1045","9","9","9"
"1046","10","10","10"
"1047","9","9","9"
"1048","10","10","10"
"1049","9","9","9"
"1050","10","10","10"
"1051","9","9","9"
"1052","10","10","10"
"1053","10","10","10"
"1054","9","9","9"
"1055","8","8","8"
"1056","10","10","10"
"1057","8","8","8"
"1058","10","10","10"
"1059","10","10","10"
"1060","10","10","10"
"1061","9","9","9"
"1062","10","10","10"
"1063","10","10","10"
"1064","9","9","9"
"1065","8","8","8"
"1066","10","10","10"
"1067","10","10","10"
"1068","9","9","9"
"1069","10","10","10"
"1070","10","10","10"
"1071","10","10","10"
"1072","10","10","10"
"1073","9","9","9"
"1074","9","9","9"
"1075","9","9","9"
"1076","8","8","8"
"1077","9","9","9"
"1078","10","10","10"
"1079","10","10","10"
"1080","8","8","8"
"1081","10","10","10"
"1082","10","10","10"
"1083","8","8","8"
"1084","10","10","10"
"1085","10","10","10"
"1086","10","10","10"
"1087","10","10","10"
"1088","9","9","9"
"1089","8","8","8"
"1090","9","9","9"
"1091","9","9","9"
"1092","9","9","9"
"1093","9","9","9"
"1094","10","10","10"
"1095","8","8","8"
"1096","9","9","9"
"1097","10","10","10"
"1098","11","11","11"
"1099","9","9","9"
"1100","10","10","10"
"1101","8","8","8"
"1102","9","9","9"
"1103","10","10","10"
"1104","9","9","9"
"1105","10","10","10"
"1106","9","9","9"
"1107","9","9","9"
"1108","9","9","9"
"1109","8","8","8"
"1110","9","9","9"
"1111","9","9","9"
"1112","10","10","10"
"1113","10","10","10"
"1114","10","10","10"
"1115","9","9","9"
"1116","9","9","9"
"1117","10","10","10"
"1118","10","10","10"
"1119","9","9","9"
"1120","9","9","9"
"1121","10","10","10"
"1122","10","10","10"
"1123","9","9","9"
"1124","9","9","9"
"1125","10","10","10"
"1126","9","9","9"
"1127","9","9","9"
"1128","9","9","9"
"1129","9","9","9"
"1130","9","9","9"
"1131","10","10","10"
"1132","8","8","8"
"1133","10","10","10"
"1134","11","11","11"
"1135","9","9","9"
"1136","8","8","8"
"1137","9","9","9"
"1138","9","9","9"
"1139","9","9","9"
"1140","9","9","9"
"1141","9","9","9"
"1142","9","9","9"
"1143","10","10","10"
"1144","9","9","9"
"1145","9","9","9"
"1146","10","10","10"
"1147","9","9","9"
"1148","9","9","9"
"1149","10","10","10"
"1150","10","10","10"
"1151","10","10","10"
"1152","10","10","10"
"1153","9","9","9"
"1154","9","9","9"
"1155","8","8","8"
"1156","9","9","9"
"1157","9","9","9"
"1158","8","8","8"
"1159","9","9","9"
"1160","9","9","9"
"1161","10","10","10"
"1162","10","10","10"
"1163","10","10","10"
"1164","10","10","10"
"1165","10","10","10"
"1166","10","10","10"
"1167","8","8","8"
"1168","8","8","8"
"1169","10","10","10"
"1170","10","10","10"
"1171","10","10","10"
"1172","10","10","10"
"1173","8","8","8"
"1174","10","10","10"
"1175","9","9","9"
"1176","10","10","10"
"1177","9","9","9"
"1178","10","10","10"
"1179","10","10","10"
"1180","11","11","11"
"1181","8","8","8"
"1182","10","10","10"
"1183","10","10","10"
"1184","9","9","9"
"1185","8","8","8"
"1186","9","9","9"
"1187","9","9","9"
"1188","9","9","9"
"1189","10","10","10"
"1190","8","8","8"
"1191","10","10","10"
"1192","9","9","9"
"1193","8","8","8"
"1194","10","10","10"
"1195","9","9","9"
"1196","9","9","9"
"1197","9","9","9"
"1198","10","10","10"
"1199","10","10","10"
"1200","177","177","177"
"1201","87","87","87"
"1202","177","177","177"
"1203","23","23","23"
"1204","158","158","158"
"1205","181","181","181"
"1206","94","94","94"
"1207","187","187","187"
"1208","89","89","89"
"1209","159","159","159"
"1210","156","156","156"
"1211","93","93","93"
"1212","196","196","196"
"1213","161","161","161"
"1214","22","22","22"
"1215","158","158","158"
"1216","21","21","21"
"1217","92","92","92"
"1218","189","189","189"
"1219","180","180","180"
"1220","193","193","193"
"1221","183","183","183"
"1222","190","190","190"
"1223","180","180","180"
"1224","183","183","183"
"1225","178","178","178"
"1226","22","22","22"
"1227","23","23","23"
"1228","22","22","22"
"1229","182","182","182"
"1230","189","189","189"
"1231","27","27","27"
"1232","183","183","183"
"1233","186","186","186"
"1234","160","160","160"
"1235","23","23","23"
"1236","180","180","180"
"1237","184","184","184"
"1238","97","97","97"
"1239","181","181","181"
"1240","177","177","177"
"1241","177","177","177"
"1242","26","26","26"
"1243","24","24","24"
"1244","179","179","179"
"1245","159","159","159"
"1246","179","179","179"
"1247","180","180","180"
"1248","90","90","90"
"1249","157","157","157"
"1250","180","180","180"
"1251","23","23","23"
"1252","152","152","152"
"1253","161","161","161"
"1254","158","158","158"
"1255","26","26","26"
"1256","162","162","162"
"1257","186","186","186"
"1258","181","181","181"
"1259","96","96","96"
"1260","179","179","179"
"1261","156","156","156"
"1262","87","87","87"
"1263","22","22","22"
"1264","183","183","183"
"1265","93","93","93"
"1266","24","24","24"
"1267","162","162","162"
"1268","21","21","21"
"1269","177","177","177"
"1270","178","178","178"
"1271","159","159","159"
"1272","183","183","183"
"1273","181","181","181"
"1274","189","189","189"
"1275","186","186","186"
"1276","179","179","179"
"1277","181","181","181"
"1278","24","24","24"
"1279","177","177","177"
"1280","181","181","181"
"1281","23","23","23"
"1282","177","177","177"
"1283","93","93","93"
"1284","186","186","186"
"1285","159","159","159"
"1286","159","159","159"
"1287","186","186","186"
"1288","94","94","94"
"1289","179","179","179"
"1290","178","178","178"
"1291","184","184","184"
"1292","95","95","95"
"1293","180","180","180"
"1294","24","24","24"
"1295","21","21","21"
"1296","180","180","180"
"1297","92","92","92"
"1298","177","177","177"
"1299","182","182","182"
"1300","90","90","90"
"1301","89","89","89"
"1302","23","23","23"
"1303","178","178","178"
"1304","22","22","22"
"1305","178","178","178"
"1306","21","21","21"
"1307","155","155","155"
"1308","91","91","91"
"1309","94","94","94"
"1310","95","95","95"
"1311","181","181","181"
"1312","22","22","22"
"1313","160","160","160"
"1314","22","22","22"
"1315","185","185","185"
"1316","175","175","175"
"1317","24","24","24"
"1318","190","190","190"
"1319","181","181","181"
"1320","182","182","182"
"1321","161","161","161"
"1322","176","176","176"
"1323","24","24","24"
"1324","188","188","188"
"1325","21","21","21"
"1326","180","180","180"
"1327","19","19","19"
"1328","191","191","191"
"1329","155","155","155"
"1330","177","177","177"
"1331","26","26","26"
"1332","95","95","95"
"1333","155","155","155"
"1334","176","176","176"
"1335","93","93","93"
"1336","188","188","188"
"1337","158","158","158"
"1338","166","166","166"
"1339","156","156","156"
"1340","189","189","189"
"1341","88","88","88"
"1342","86","86","86"
"1343","180","180","180"
"1344","161","161","161"
"1345","177","177","177"
"1346","92","92","92"
"1347","91","91","91"
"1348","156","156","156"
"1349","91","91","91"
"1350","88","88","88"
"1351","179","179","179"
"1352","21","21","21"
"1353","184","184","184"
"1354","179","179","179"
"1355","178","178","178"
"1356","180","180","180"
"1357","93","93","93"
"1358","180","180","180"
"1359","181","181","181"
"1360","86","86","86"
"1361","21","21","21"
"1362","156","156","156"
"1363","86","86","86"
"1364","21","21","21"
"1365","181","181","181"
"1366","185","185","185"
"1367","93","93","93"
"1368","154","154","154"
"1369","93","93","93"
"1370","158","158","158"
"1371","183","183","183"
"1372","91","91","91"
"1373","157","157","157"
"1374","90","90","90"
"1375","95","95","95"
"1376","182","182","182"
"1377","188","188","188"
"1378","179","179","179"
"1379","181","181","181"
"1380","186","186","186"
"1381","90","90","90"
"1382","185","185","185"
"1383","174","174","174"
"1384","160","160","160"
"1385","163","163","163"
"1386","22","22","22"
"1387","178","178","178"
"1388","159","159","159"
"1389","95","95","95"
"1390","161","161","161"
"1391","185","185","185"
"1392","181","181","181"
"1393","174","174","174"
"1394","159","159","159"
"1395","23","23","23"
"1396","177","177","177"
"1397","22","22","22"
"1398","158","158","158"
"1399","183","183","183"
"1400","11","11","11"
"1401","8","8","8"
"1402","10","10","10"
"1403","9","9","9"
"1404","10","10","10"
"1405","10","10","10"
"1406","9","9","9"
"1407","8","8","8"
"1408","9","9","9"
"1409","9","9","9"
"1410","10","10","10"
"1411","10","10","10"
"1412","9","9","9"
"1413","8","8","8"
"1414","10","10","10"
"1415","10","10","10"
"1416","10","10","10"
"1417","11","11","11"
"1418","10","10","10"
"1419","10","10","10"
"1420","9","9","9"
"1421","10","10","10"
"1422","8","8","8"
"1423","10","10","10"
"1424","8","8","8"
"1425","8","8","8"
"1426","10","10","10"
"1427","8","8","8"
"1428","9","9","9"
"1429","9","9","9"
"1430","9","9","9"
"1431","8","8","8"
"1432","9","9","9"
"1433","10","10","10"
"1434","9","9","9"
"1435","8","8","8"
"1436","10","10","10"
"1437","8","8","8"
"1438","10","10","10"
"1439","10","10","10"
"1440","9","9","9"
"1441","9","9","9"
"1442","9","9","9"
"1443","9","9","9"
"1444","10","10","10"
"1445","11","11","11"
"1446","10","10","10"
"1447","8","8","8"
"1448","10","10","10"
"1449","9","9","9"
"1450","10","10","10"
"1451","9","9","9"
"1452","9","9","9"
"1453","9","9","9"
"1454","11","11","11"
"1455","9","9","9"
"1456","9","9","9"
"1457","9","9","9"
"1458","10","10","10"
"1459","9","9","9"
"1460","10","10","10"
"1461","8","8","8"
"1462","9","9","9"
"1463","8","8","8"
"1464","10","10","10"
"1465","10","10","10"
"1466","9","9","9"
"1467","10","10","10"
"1468","10","10","10"
"1469","10","10","10"
"1470","11","11","11"
"1471","9","9","9"
"1472","10","10","10"
"1473","10","10","10"
"1474","8","8","8"
"1475","10","10","10"
"1476","10","10","10"
"1477","9","9","9"
"1478","8","8","8"
"1479","9","9","9"
"1480","10","10","10"
"1481","8","8","8"
"1482","9","9","9"
"1483","10","10","10"
"1484","10","10","10"
"1485","9","9","9"
"1486","9","9","9"
"1487","9","9","9"
"1488","8","8","8"
"1489","10","10","10"
"1490","9","9","9"
"1491","10","10","10"
"1492","8","8","8"
"1493","9","9","9"
"1494","10","10","10"
"1495","9","9","9"
"1496","11","11","11"
"1497","10","10","10"
"1498","10","10","10"
"1499","10","10","10"
"1500","10","10","10"
"1501","10","10","10"
"1502","10","10","10"
"1503","11","11","11"
"1504","8","8","8"
"1505","9","9","9"
"1506","10","10","10"
"1507","8","8","8"
"1508","9","9","9"
"1509","8","8","8"
"1510","9","9","9"
"1511","10","10","10"
"1512","9","9","9"
"1513","9","9","9"
"1514","9","9","9"
"1515","9","9","9"
"1516","10","10","10"
"1517","10","10","10"
"1518","10","10","10"
"1519","9","9","9"
"1520","9","9","9"
"1521","9","9","9"
"1522","9","9","9"
"1523","9","9","9"
"1524","9","9","9"
"1525","8","8","8"
"1526","10","10","10"
"1527","10","10","10"
"1528","9","9","9"
"1529","10","10","10"
"1530","9","9","9"
"1531","9","9","9"
"1532","10","10","10"
"1533","9","9","9"
"1534","10","10","10"
"1535","8","8","8"
"1536","10","10","10"
"1537","10","10","10"
"1538","9","9","9"
"1539","9","9","9"
"1540","10","10","10"
"1541","9","9","9"
"1542","9","9","9"
"1543","10","10","10"
"1544","10","10","10"
"1545","9","9","9"
"1546","9","9","9"
"1547","9","9","9"
"1548","10","10","10"
"1549","9","9","9"
"1550","9","9","9"
"1551","8","8","8"
"1552","9","9","9"
"1553","11","11","11"
"1554","10","10","10"
"1555","10","10","10"
"1556","11","11","11"
"1557","9","9","9"
"1558","10","10","10"
"1559","10","10","10"
"1560","8","8","8"
"1561","9","9","9"
"1562","9","9","9"
"1563","8","8","8"
"1564","9","9","9"
"1565","9","9","9"
"1566","10","10","10"
"1567","10","10","10"
"1568","9","9","9"
"1569","9","9","9"
"1570","9","9","9"
"1571","9","9","9"
"1572","9","9","9"
"1573","10","10","10"
"1574","10","10","10"
"1575","9","9","9"
"1576","8","8","8"
"1577","9","9","9"
"1578","9","9","9"
"1579","10","10","10"
"1580","8","8","8"
"1581","9","9","9"
"1582","10","10","10"
"1583","10","10","10"
"1584","10","10","10"
"1585","8","8","8"
"1586","10","10","10"
"1587","9","9","9"
"1588","9","9","9"
"1589","9","9","9"
"1590","11","11","11"
"1591","10","10","10"
"1592","10","10","10"
"1593","10","10","10"
"1594","9","9","9"
"1595","10","10","10"
"1596","10","10","10"
"1597","10","10","10"
"1598","9","9","9"
"1599","9","9","9"
"1600","200","200","200"
"1601","200","200","200"
"1602","200","200","200"
"1603","200","200","200"
"1604","200","200","200"
"1605","200","200","200"
"1606","200","200","200"
"1607","200","200","200"
"1608","200","200","200"
"1609","200","200","200"
"1610","200","200","200"
"1611","200","200","200"
"1612","200","200","200"
"1613","200","200","200"
"1614","200","200","200"
"1615","200","200","200"
"1616","200","200","200"
"1617","200","200","200"
"1618","200","200","200"
"1619","200","200","200"
"1620","200","200","200"
"1621","200","200","200"
"1622","200","200","200"
"1623","200","200","200"
"1624","200","200","200"
"1625","200","200","200"
"1626","200","200","200"
"1627","200","200","200"
"1628","200","200","200"
"1629","200","200","200"
"1630","200","200","200"
"1631","200","200","200"
"1632","200","200","200"
"1633","200","200","200"
"1634","200","200","200"
"1635","200","200","200"
"1636","200","200","200"
"1637","200","200","200"
"1638","200","200","200"
"1639","200","200","200"
"1640","200","200","200"
"1641","200","200","200"
"1642","200","200","200"
"1643","200","200","200"
"1644","200","200","200"
"1645","200","200","200"
"1646","200","200","200"
"1647","200","200","200"
"1648","200","200","200"
"1649","200","200","200"
"1650","200","200","200"
"1651","200","200","200"
"1652","200","200","200"
"1653","200","200","200"
"1654","200","200","200"
"1655","200","200","200"
"1656","200","200","200"
"1657","200","200","200"
"1658","200","200","200"
"1659","200","200","200"
"1660","200","200","200"
"1661","200","200","200"
"1662","200","200","200"
"1663","200","200","200"
"1664","200","200","200"
"1665","200","200","200"
"1666","200","200","200"
"1667","200","200","200"
"1668","200","200","200"
"1669","200","200","200"
"1670","200","200","200"
"1671","200","200","200"
"1672","200","200","200"
"1673","200","200","200"
"1674","200","200","200"
"1675","200","200","200"
"1676","200","200","200"
"1677","200","200","200"
"1678","200","200","200"
"1679","200","200","200"
"1680","200","200","200"
"1681","200","200","200"
"1682","200","200","200"
"1683","200","200","200"
"1684","200","200","200"
"1685","200","200","200"
"1686","200","200","200"
"1687","200","200","200"
"1688","200","200","200"
"1689","200","200","200"
"1690","200","200","200"
"1691","200","200","200"
"1692","200","200","200"
"1693","200","200","200"
"1694","200","200","200"
"1695","200","200","200"
"1696","200","200","200"
"1697","200","200","200"
"1698","200","200","200"
"1699","200","200","200"
"1700","200","200","200"
"1701","200","200","200"
"1702","200","200","200"
"1703","200","200","200"
"1704","200","200","200"
"1705","200","200","200"
"1706","200","200","200"
"1707","200","200","200"
"1708","200","200","200"
"1709","200","200","200"
"1710","200","200","200"
"1711","200","200","200"
"1712","200","200","200"
"1713","200","200","200"
"1714","200","200","200"
"1715","200","200","200"
"1716","200","200","200"
"1717","200","200","200"
"1718","200","200","200"
"1719","200","200","200"
"1720","200","200","200"
"1721","200","200","200"
"1722","200","200","200"
"1723","200","200","200"
"1724","200","200","200"
"1725","200","200","200"
"1726","200","200","200"
"1727","200","200","200"
"1728","200","200","200"
"1729","200","200","200"
"1730","200","200","200"
"1731","200","200","200"
"1732","200","200","200"
"1733","200","200","200"
"1734","200","200","200"
"1735","200","200","200"
"1736","200","200","200"
"1737","200","200","200"
"1738","200","200","200"
"1739","200","200","200"
"1740","200","200","200"
"1741","200","200","200"
"1742","200","200","200"
"1743","200","200","200"
"1744","200","200","200"
"1745","200","200","200"
"1746","200","200","200"
"1747","200","200","200"
"1748","200","200","200"
"1749","200","200","200"
"1750","200","200","200"
"1751","200","200","200"
"1752","200","200","200"
"1753","200","200","200"
"1754","200","200","200"
"1755","200","200","200"
"1756","200","200","200"
"1757","200","200","200"
"1758","200","200","200"
"1759","200","200","200"
"1760","200","200","200"
"1761","200","200","200"
"1762","200","200","200"
"1763","200","200","200"
"1764","200","200","200"
"1765","200","200","200"
"1766","200","200","200"
"1767","200","200","200"
"1768","200","200","200"
"1769","200","200","200"
"1770","200","200","200"
"1771","200","200","200"
"1772","200","200","200"
"1773","200","200","200"
"1774","200","200","200"
"1775","200","200","200"
"1776","200","200","200"
"1777","200","200","200"
"1778","200","200","200"
"1779","200","200","200"
"1780","200","200","200"
"1781","200","200","200"
"1782","200","200","200"
"1783","200","200","200"
"1784","200","200","200"
"1785","200","200","200"
"1786","200","200","200"
"1787","200","200","200"
"1788","200","200","200"
"1789","200","200","200"
"1790","200","200","200"
"1791","200","200","200"
"1792","200","200","200"
"1793","200","200","200"
"1794","200","200","200"
"1795","200","200","200"
"1796","200","200","200"
"1797","200","200","200"
"1798","200","200","200"
"1799","200","200","200"
"1800","11","11","11"
"1801","11","11","11"
"1802","12","12","12"
"1803","11","11","11"
"1804","12","12","12"
"1805","10","10","10"
"1806","12","12","12"
"1807","11","11","11"
"1808","12","12","12"
"1809","12","12","12"
"1810","12","12","12"
"1811","11","11","11"
"1812","11","11","11"
"1813","11","11","11"
"1814","12","12","12"
"1815","12","12","12"
"1816","11","11","11"
"1817","11","11","11"
"1818","11","11","11"
"1819","11","11","11"
"1820","10","10","10"
"1821","11","11","11"
"1822","12","12","12"
"1823","10","10","10"
"1824","13","13","13"
"1825","13","13","13"
"1826","11","11","11"
"1827","10","10","10"
"1828","10","10","10"
"1829","12","12","12"
"1830","11","11","11"
"1831","12","12","12"
"1832","11","11","11"
"1833","11","11","11"
"1834","12","12","12"
"1835","11","11","11"
"1836","12","12","12"
"1837","12","12","12"
"1838","13","13","13"
"1839","10","10","10"
"1840","12","12","12"
"1841","12","12","12"
"1842","11","11","11"
"1843","11","11","11"
"1844","12","12","12"
"1845","11","11","11"
"1846","10","10","10"
"1847","11","11","11"
"1848","11","11","11"
"1849","12","12","12"
"1850","12","12","12"
"1851","12","12","12"
"1852","13","13","13"
"1853","11","11","11"
"1854","11","11","11"
"1855","12","12","12"
"1856","10","10","10"
"1857","11","11","11"
"1858","10","10","10"
"1859","13","13","13"
"1860","11","11","11"
"1861","12","12","12"
"1862","12","12","12"
"1863","12","12","12"
"1864","13","13","13"
"1865","12","12","12"
"1866","10","10","10"
"1867","12","12","12"
"1868","12","12","12"
"1869","12","12","12"
"1870","12","12","12"
"1871","11","11","11"
"1872","11","11","11"
"1873","11","11","11"
"1874","12","12","12"
"1875","12","12","12"
"1876","13","13","13"
"1877","11","11","11"
"1878","11","11","11"
"1879","12","12","12"
"1880","11","11","11"
"1881","13","13","13"
"1882","11","11","11"
"1883","12","12","12"
"1884","11","11","11"
"1885","12","12","12"
"1886","12","12","12"
"1887","11","11","11"
"1888","13","13","13"
"1889","12","12","12"
"1890","10","10","10"
"1891","13","13","13"
"1892","11","11","11"
"1893","13","13","13"
"1894","10","10","10"
"1895","13","13","13"
"1896","12","12","12"
"1897","11","11","11"
"1898","11","11","11"
"1899","11","11","11"
"1900","10","10","10"
"1901","11","11","11"
"1902","12","12","12"
"1903","12","12","12"
"1904","11","11","11"
"1905","10","10","10"
"1906","11","11","11"
"1907","12","12","12"
"1908","12","12","12"
"1909","13","13","13"
"1910","11","11","11"
"1911","12","12","12"
"1912","13","13","13"
"1913","12","12","12"
"1914","12","12","12"
"1915","12","12","12"
"1916","12","12","12"
"1917","13","13","13"
"1918","12","12","12"
"1919","11","11","11"
"1920","12","12","12"
"1921","12","12","12"
"1922","11","11","11"
"1923","13","13","13"
"1924","12","12","12"
"1925","11","11","11"
"1926","11","11","11"
"1927","11","11","11"
"1928","12","12","12"
"1929","13","13","13"
"1930","11","11","11"
"1931","11","11","11"
"1932","12","12","12"
"1933","12","12","12"
"1934","12","12","12"
"1935","11","11","11"
"1936","12","12","12"
"1937","12","12","12"
"1938","12","12","12"
"1939","12","12","12"
"1940","11","11","11"
"1941","11","11","11"
"1942","11","11","11"
"1943","11","11","11"
"1944","10","10","10"
"1945","10","10","10"
"1946","13","13","13"
"1947","13","13","13"
"1948","11","11","11"
"1949","11","11","11"
"1950","11","11","11"
"1951","12","12","12"
"1952","11","11","11"
"1953","11","11","11"
"1954","13","13","13"
"1955","12","12","12"
"1956","11","11","11"
"1957","12","12","12"
"1958","11","11","11"
"1959","12","12","12"
"1960","11","11","11"
"1961","12","12","12"
"1962","12","12","12"
"1963","12","12","12"
"1964","12","12","12"
"1965","11","11","11"
"1966","11","11","11"
"1967","11","11","11"
"1968","11","11","11"
"1969","12","12","12"
"1970","10","10","10"
"1971","11","11","11"
"1972","12","12","12"
"1973","12","12","12"
"1974","12","12","12"
"1975","11","11","11"
"1976","11","11","11"
"1977","11","11","11"
"1978","11","11","11"
"1979","11","11","11"
"1980","11","11","11"
"1981","12","12","12"
"1982","13","13","13"
"1983","12","12","12"
"1984","12","12","12"
"1985","13","13","13"
"1986","11","11","11"
"1987","12","12","12"
"1988","11","11","11"
"1989","11","11","11"
"1990","12","12","12"
"1991","11","11","11"
"1992","12","12","12"
"1993","11","11","11"
"1994","10","10","10"
"1995","11","11","11"
"1996","13","13","13"
"1997","11","11","11"
"1998","11","11","11"
"1999","11","11","11"